date,sku,opening_stock,received_units,units,closing_stock
2024-09-14,85123A,206,0,7,199
2024-09-15,85123A,199,0,7,192
2024-09-16,85123A,192,0,7,185
2024-09-17,85123A,185,0,7,178
2024-09-18,85123A,178,0,7,171
2024-09-19,85123A,171,0,6,165
2024-09-20,85123A,165,0,6,159
2024-09-21,85123A,159,0,9,150
2024-09-22,85123A,150,0,7,143
2024-09-23,85123A,143,0,5,138
2024-09-24,85123A,138,0,6,132
2024-09-25,85123A,132,0,6,126
2024-09-26,85123A,126,0,8,118
2024-09-27,85123A,118,0,7,111
2024-09-28,85123A,111,0,8,103
2024-09-29,85123A,103,0,8,95
2024-09-30,85123A,95,0,6,89
2024-10-01,85123A,89,0,6,83
2024-10-02,85123A,83,0,6,77
2024-10-03,85123A,77,0,6,71
2024-10-04,85123A,71,0,7,64
2024-10-05,85123A,64,0,7,57
2024-10-06,85123A,57,0,8,49
2024-10-07,85123A,49,0,7,42
2024-10-08,85123A,42,112,7,147
2024-10-09,85123A,147,0,7,140
2024-10-10,85123A,140,0,7,133
2024-10-11,85123A,133,0,7,126
2024-10-12,85123A,126,0,9,117
2024-10-13,85123A,117,0,9,108
2024-10-14,85123A,108,0,5,103
2024-10-15,85123A,103,0,8,95
2024-10-16,85123A,95,0,8,87
2024-10-17,85123A,87,0,7,80
2024-10-18,85123A,80,0,8,72
2024-10-19,85123A,72,0,8,64
2024-10-20,85123A,64,0,9,55
2024-10-21,85123A,55,0,7,48
2024-10-22,85123A,48,0,6,42
2024-10-23,85123A,42,107,6,143
2024-10-24,85123A,143,0,7,136
2024-10-25,85123A,136,0,8,128
2024-10-26,85123A,128,0,9,119
2024-10-27,85123A,119,0,8,111
2024-10-28,85123A,111,0,6,105
2024-10-29,85123A,105,0,7,98
2024-10-30,85123A,98,0,7,91
2024-10-31,85123A,91,0,6,85
2024-11-01,85123A,85,0,7,78
2024-11-02,85123A,78,0,10,68
2024-11-03,85123A,68,0,9,59
2024-11-04,85123A,59,0,6,53
2024-11-05,85123A,53,0,5,48
2024-11-06,85123A,48,0,6,42
2024-11-07,85123A,42,115,8,149
2024-11-08,85123A,149,0,9,140
2024-11-09,85123A,140,0,8,132
2024-11-10,85123A,132,0,9,123
2024-11-11,85123A,123,0,7,116
2024-11-12,85123A,116,0,7,109
2024-11-13,85123A,109,0,8,101
2024-11-14,85123A,101,0,8,93
2024-11-15,85123A,93,0,8,85
2024-11-16,85123A,85,0,9,76
2024-11-17,85123A,76,0,9,67
2024-11-18,85123A,67,0,6,61
2024-11-19,85123A,61,0,7,54
2024-11-20,85123A,54,0,6,48
2024-11-21,85123A,48,0,8,40
2024-11-22,85123A,40,116,9,147
2024-11-23,85123A,147,0,9,138
2024-11-24,85123A,138,0,7,131
2024-11-25,85123A,131,0,8,123
2024-11-26,85123A,123,0,7,116
2024-11-27,85123A,116,0,8,108
2024-11-28,85123A,108,0,8,100
2024-11-29,85123A,100,0,7,93
2024-11-30,85123A,93,0,10,83
2024-12-01,85123A,83,0,8,75
2024-12-02,85123A,75,0,6,69
2024-12-03,85123A,69,0,7,62
2024-12-04,85123A,62,0,7,55
2024-12-05,85123A,55,0,7,48
2024-12-06,85123A,48,0,7,41
2024-12-07,85123A,41,117,9,149
2024-12-08,85123A,149,0,9,140
2024-12-09,85123A,140,0,8,132
2024-12-10,85123A,132,0,6,126
2024-12-11,85123A,126,0,8,118
2024-12-12,85123A,118,0,7,111
2024-12-13,85123A,111,0,8,103
2024-12-14,85123A,103,0,8,95
2024-12-15,85123A,95,0,8,87
2024-12-16,85123A,87,0,7,80
2024-12-17,85123A,80,0,8,72
2024-12-18,85123A,72,0,8,64
2024-12-19,85123A,64,0,7,57
2024-12-20,85123A,57,0,9,48
2024-12-21,85123A,48,112,9,151
2024-12-22,85123A,151,0,9,142
2024-12-23,85123A,142,0,7,135
2024-12-24,85123A,135,0,8,127
2024-12-25,85123A,127,0,9,118
2024-12-26,85123A,118,0,7,111
2024-12-27,85123A,111,0,9,102
2024-12-28,85123A,102,0,10,92
2024-12-29,85123A,92,0,10,82
2024-12-30,85123A,82,0,6,76
2024-12-31,85123A,76,0,7,69
2025-01-01,85123A,69,0,7,62
2025-01-02,85123A,62,0,7,55
2025-01-03,85123A,55,0,7,48
2025-01-04,85123A,48,109,9,148
2025-01-05,85123A,148,0,8,140
2025-01-06,85123A,140,0,7,133
2025-01-07,85123A,133,0,6,127
2025-01-08,85123A,127,0,7,120
2025-01-09,85123A,120,0,7,113
2025-01-10,85123A,113,0,8,105
2025-01-11,85123A,105,0,10,95
2025-01-12,85123A,95,0,9,86
2025-01-13,85123A,86,0,8,78
2025-01-14,85123A,78,0,8,70
2025-01-15,85123A,70,0,8,62
2025-01-16,85123A,62,0,6,56
2025-01-17,85123A,56,0,8,48
2025-01-18,85123A,48,110,9,149
2025-01-19,85123A,149,0,9,140
2025-01-20,85123A,140,0,6,134
2025-01-21,85123A,134,0,8,126
2025-01-22,85123A,126,0,7,119
2025-01-23,85123A,119,0,8,111
2025-01-24,85123A,111,0,8,103
2025-01-25,85123A,103,0,10,93
2025-01-26,85123A,93,0,9,84
2025-01-27,85123A,84,0,7,77
2025-01-28,85123A,77,0,6,71
2025-01-29,85123A,71,0,8,63
2025-01-30,85123A,63,0,7,56
2025-01-31,85123A,56,0,8,48
2025-02-01,85123A,48,112,10,150
2025-02-02,85123A,150,0,10,140
2025-02-03,85123A,140,0,7,133
2025-02-04,85123A,133,0,6,127
2025-02-05,85123A,127,0,8,119
2025-02-06,85123A,119,0,8,111
2025-02-07,85123A,111,0,7,104
2025-02-08,85123A,104,0,10,94
2025-02-09,85123A,94,0,8,86
2025-02-10,85123A,86,0,8,78
2025-02-11,85123A,78,0,7,71
2025-02-12,85123A,71,0,6,65
2025-02-13,85123A,65,0,9,56
2025-02-14,85123A,56,0,8,48
2025-02-15,85123A,48,107,9,146
2025-02-16,85123A,146,0,9,137
2025-02-17,85123A,137,0,6,131
2025-02-18,85123A,131,0,6,125
2025-02-19,85123A,125,0,8,117
2025-02-20,85123A,117,0,8,109
2025-02-21,85123A,109,0,8,101
2025-02-22,85123A,101,0,9,92
2025-02-23,85123A,92,0,8,84
2025-02-24,85123A,84,0,8,76
2025-02-25,85123A,76,0,6,70
2025-02-26,85123A,70,0,7,63
2025-02-27,85123A,63,0,7,56
2025-02-28,85123A,56,0,8,48
2025-03-01,85123A,48,109,10,147
2025-03-02,85123A,147,0,9,138
2025-03-03,85123A,138,0,7,131
2025-03-04,85123A,131,0,8,123
2025-03-05,85123A,123,0,6,117
2025-03-06,85123A,117,0,8,109
2025-03-07,85123A,109,0,7,102
2025-03-08,85123A,102,0,9,93
2025-03-09,85123A,93,0,8,85
2025-03-10,85123A,85,0,6,79
2025-03-11,85123A,79,0,7,72
2025-03-12,85123A,72,0,8,64
2025-03-13,85123A,64,0,9,55
2025-03-14,85123A,55,0,7,48
2025-03-15,85123A,48,0,8,40
2025-03-16,85123A,40,117,9,148
2025-03-17,85123A,148,0,7,141
2025-03-18,85123A,141,0,7,134
2025-03-19,85123A,134,0,8,126
2025-03-20,85123A,126,0,8,118
2025-03-21,85123A,118,0,9,109
2025-03-22,85123A,109,0,10,99
2025-03-23,85123A,99,0,8,91
2025-03-24,85123A,91,0,6,85
2025-03-25,85123A,85,0,7,78
2025-03-26,85123A,78,0,8,70
2025-03-27,85123A,70,0,7,63
2025-03-28,85123A,63,0,7,56
2025-03-29,85123A,56,0,8,48
2025-03-30,85123A,48,106,9,145
2025-03-31,85123A,145,0,7,138
2025-04-01,85123A,138,0,6,132
2025-04-02,85123A,132,0,7,125
2025-04-03,85123A,125,0,8,117
2025-04-04,85123A,117,0,8,109
2025-04-05,85123A,109,0,8,101
2025-04-06,85123A,101,0,9,92
2025-04-07,85123A,92,0,7,85
2025-04-08,85123A,85,0,6,79
2025-04-09,85123A,79,0,7,72
2025-04-10,85123A,72,0,7,65
2025-04-11,85123A,65,0,8,57
2025-04-12,85123A,57,0,9,48
2025-04-13,85123A,48,0,7,41
2025-04-14,85123A,41,109,7,143
2025-04-15,85123A,143,0,7,136
2025-04-16,85123A,136,0,8,128
2025-04-17,85123A,128,0,7,121
2025-04-18,85123A,121,0,7,114
2025-04-19,85123A,114,0,9,105
2025-04-20,85123A,105,0,8,97
2025-04-21,85123A,97,0,7,90
2025-04-22,85123A,90,0,7,83
2025-04-23,85123A,83,0,6,77
2025-04-24,85123A,77,0,6,71
2025-04-25,85123A,71,0,7,64
2025-04-26,85123A,64,0,9,55
2025-04-27,85123A,55,0,7,48
2025-04-28,85123A,48,0,6,42
2025-04-29,85123A,42,105,6,141
2025-04-30,85123A,141,0,6,135
2025-05-01,85123A,135,0,7,128
2025-05-02,85123A,128,0,7,121
2025-05-03,85123A,121,0,9,112
2025-05-04,85123A,112,0,8,104
2025-05-05,85123A,104,0,7,97
2025-05-06,85123A,97,0,6,91
2025-05-07,85123A,91,0,6,85
2025-05-08,85123A,85,0,7,78
2025-05-09,85123A,78,0,7,71
2025-05-10,85123A,71,0,8,63
2025-05-11,85123A,63,0,8,55
2025-05-12,85123A,55,0,7,48
2025-05-13,85123A,48,0,7,41
2025-05-14,85123A,41,109,7,143
2025-05-15,85123A,143,0,7,136
2025-05-16,85123A,136,0,7,129
2025-05-17,85123A,129,0,8,121
2025-05-18,85123A,121,0,9,112
2025-05-19,85123A,112,0,6,106
2025-05-20,85123A,106,0,7,99
2025-05-21,85123A,99,0,6,93
2025-05-22,85123A,93,0,6,87
2025-05-23,85123A,87,0,9,78
2025-05-24,85123A,78,0,7,71
2025-05-25,85123A,71,0,9,62
2025-05-26,85123A,62,0,7,55
2025-05-27,85123A,55,0,7,48
2025-05-28,85123A,48,0,6,42
2025-05-29,85123A,42,111,6,147
2025-05-30,85123A,147,0,7,140
2025-05-31,85123A,140,0,8,132
2025-06-01,85123A,132,0,9,123
2025-06-02,85123A,123,0,6,117
2025-06-03,85123A,117,0,6,111
2025-06-04,85123A,111,0,7,104
2025-06-05,85123A,104,0,9,95
2025-06-06,85123A,95,0,8,87
2025-06-07,85123A,87,0,10,77
2025-06-08,85123A,77,0,9,68
2025-06-09,85123A,68,0,6,62
2025-06-10,85123A,62,0,7,55
2025-06-11,85123A,55,0,7,48
2025-06-12,85123A,48,0,6,42
2025-06-13,85123A,42,114,8,148
2025-06-14,85123A,148,0,8,140
2025-06-15,85123A,140,0,9,131
2025-06-16,85123A,131,0,7,124
2025-06-17,85123A,124,0,6,118
2025-06-18,85123A,118,0,8,110
2025-06-19,85123A,110,0,8,102
2025-06-20,85123A,102,0,9,93
2025-06-21,85123A,93,0,8,85
2025-06-22,85123A,85,0,8,77
2025-06-23,85123A,77,0,6,71
2025-06-24,85123A,71,0,8,63
2025-06-25,85123A,63,0,7,56
2025-06-26,85123A,56,0,8,48
2025-06-27,85123A,48,0,7,41
2025-06-28,85123A,41,112,8,145
2025-06-29,85123A,145,0,9,136
2025-06-30,85123A,136,0,7,129
2025-07-01,85123A,129,0,7,122
2025-07-02,85123A,122,0,7,115
2025-07-03,85123A,115,0,8,107
2025-07-04,85123A,107,0,7,100
2025-07-05,85123A,100,0,10,90
2025-07-06,85123A,90,0,7,83
2025-07-07,85123A,83,0,5,78
2025-07-08,85123A,78,0,6,72
2025-07-09,85123A,72,0,8,64
2025-07-10,85123A,64,0,7,57
2025-07-11,85123A,57,0,9,48
2025-07-12,85123A,48,0,8,40
2025-07-13,85123A,40,121,8,153
2025-07-14,85123A,153,0,8,145
2025-07-15,85123A,145,0,8,137
2025-07-16,85123A,137,0,8,129
2025-07-17,85123A,129,0,8,121
2025-07-18,85123A,121,0,8,113
2025-07-19,85123A,113,0,9,104
2025-07-20,85123A,104,0,9,95
2025-07-21,85123A,95,0,8,87
2025-07-22,85123A,87,0,8,79
2025-07-23,85123A,79,0,6,73
2025-07-24,85123A,73,0,8,65
2025-07-25,85123A,65,0,8,57
2025-07-26,85123A,57,0,9,48
2025-07-27,85123A,48,108,9,147
2025-07-28,85123A,147,0,7,140
2025-07-29,85123A,140,0,7,133
2025-07-30,85123A,133,0,9,124
2025-07-31,85123A,124,0,7,117
2025-08-01,85123A,117,0,7,110
2025-08-02,85123A,110,0,8,102
2025-08-03,85123A,102,0,8,94
2025-08-04,85123A,94,0,6,88
2025-08-05,85123A,88,0,6,82
2025-08-06,85123A,82,0,8,74
2025-08-07,85123A,74,0,8,66
2025-08-08,85123A,66,0,8,58
2025-08-09,85123A,58,0,10,48
2025-08-10,85123A,48,117,9,156
2025-08-11,85123A,156,0,7,149
2025-08-12,85123A,149,0,7,142
2025-08-13,85123A,142,0,7,135
2025-08-14,85123A,135,0,9,126
2025-08-15,85123A,126,0,9,117
2025-08-16,85123A,117,0,11,106
2025-08-17,85123A,106,0,8,98
2025-08-18,85123A,98,0,6,92
2025-08-19,85123A,92,0,8,84
2025-08-20,85123A,84,0,9,75
2025-08-21,85123A,75,0,9,66
2025-08-22,85123A,66,0,8,58
2025-08-23,85123A,58,0,10,48
2025-08-24,85123A,48,0,8,40
2025-08-25,85123A,40,123,8,155
2025-08-26,85123A,155,0,7,148
2025-08-27,85123A,148,0,7,141
2025-08-28,85123A,141,0,9,132
2025-08-29,85123A,132,0,8,124
2025-08-30,85123A,124,0,10,114
2025-08-31,85123A,114,0,8,106
2025-09-01,85123A,106,0,8,98
2025-09-02,85123A,98,0,7,91
2025-09-03,85123A,91,0,8,83
2025-09-04,85123A,83,0,7,76
2025-09-05,85123A,76,0,9,67
2025-09-06,85123A,67,0,9,58
2025-09-07,85123A,58,0,10,48
2025-09-08,85123A,48,0,8,40
2025-09-09,85123A,40,126,7,159
2025-09-10,85123A,159,0,8,151
2025-09-11,85123A,151,0,7,144
2025-09-12,85123A,144,0,9,135
2025-09-13,85123A,135,0,11,124
2025-09-14,85123A,124,0,10,114
2025-09-15,85123A,114,0,7,107
2025-09-16,85123A,107,0,7,100
2025-09-17,85123A,100,0,8,92
2025-09-18,85123A,92,0,8,84
2025-09-19,85123A,84,0,8,76
2025-09-20,85123A,76,0,11,65
2025-09-21,85123A,65,0,10,55
2025-09-22,85123A,55,0,7,48
2025-09-23,85123A,48,0,7,41
2025-09-24,85123A,41,132,9,164
2025-09-25,85123A,164,0,9,155
2025-09-26,85123A,155,0,9,146
2025-09-27,85123A,146,0,10,136
2025-09-28,85123A,136,0,11,125
2025-09-29,85123A,125,0,8,117
2025-09-30,85123A,117,0,8,109
2025-10-01,85123A,109,0,8,101
2025-10-02,85123A,101,0,8,93
2025-10-03,85123A,93,0,10,83
2025-10-04,85123A,83,0,11,72
2025-10-05,85123A,72,0,9,63
2025-10-06,85123A,63,0,7,56
2025-10-07,85123A,56,0,8,48
2025-10-08,85123A,48,0,8,40
2025-10-09,85123A,40,134,8,166
2025-10-10,85123A,166,0,8,158
2025-10-11,85123A,158,0,11,147
2025-10-12,85123A,147,0,9,138
2025-10-13,85123A,138,0,9,129
2025-10-14,85123A,129,0,7,122
2025-10-15,85123A,122,0,9,113
2025-10-16,85123A,113,0,9,104
2025-10-17,85123A,104,0,10,94
2025-10-18,85123A,94,0,10,84
2025-10-19,85123A,84,0,10,74
2025-10-20,85123A,74,0,9,65
2025-10-21,85123A,65,0,8,57
2025-10-22,85123A,57,0,9,48
2025-10-23,85123A,48,0,8,40
2025-10-24,85123A,40,136,10,166
2025-10-25,85123A,166,0,10,156
2025-10-26,85123A,156,0,11,145
2025-10-27,85123A,145,0,9,136
2025-10-28,85123A,136,0,8,128
2025-10-29,85123A,128,0,9,119
2025-10-30,85123A,119,0,8,111
2025-10-31,85123A,111,0,10,101
2025-11-01,85123A,101,0,9,92
2025-11-02,85123A,92,0,10,82
2025-11-03,85123A,82,0,9,73
2025-11-04,85123A,73,0,9,64
2025-11-05,85123A,64,0,8,56
2025-11-06,85123A,56,0,8,48
2025-11-07,85123A,48,127,9,166
2025-11-08,85123A,166,0,10,156
2025-11-09,85123A,156,0,10,146
2025-11-10,85123A,146,0,8,138
2025-11-11,85123A,138,0,9,129
2025-11-12,85123A,129,0,8,121
2025-11-13,85123A,121,0,9,112
2025-11-14,85123A,112,0,10,102
2025-11-15,85123A,102,0,10,92
2025-11-16,85123A,92,0,9,83
2025-11-17,85123A,83,0,9,74
2025-11-18,85123A,74,0,8,66
2025-11-19,85123A,66,0,8,58
2025-11-20,85123A,58,0,10,48
2025-11-21,85123A,48,128,9,167
2025-11-22,85123A,167,0,11,156
2025-11-23,85123A,156,0,10,146
2025-11-24,85123A,146,0,9,137
2025-11-25,85123A,137,0,10,127
2025-11-26,85123A,127,0,8,119
2025-11-27,85123A,119,0,9,110
2025-11-28,85123A,110,0,9,101
2025-11-29,85123A,101,0,10,91
2025-11-30,85123A,91,0,10,81
2025-12-01,85123A,81,0,8,73
2025-12-02,85123A,73,0,8,65
2025-12-03,85123A,65,0,8,57
2025-12-04,85123A,57,0,9,48
2025-12-05,85123A,48,134,10,172
2025-12-06,85123A,172,0,10,162
2025-12-07,85123A,162,0,11,151
2025-12-08,85123A,151,0,9,142
2025-12-09,85123A,142,0,9,133
2025-12-10,85123A,133,0,9,124
2025-12-11,85123A,124,0,9,115
2025-12-12,85123A,115,0,10,105
2025-12-13,85123A,105,0,11,94
2025-12-14,85123A,94,0,10,84
2025-12-15,85123A,84,0,8,76
2025-12-16,85123A,76,0,8,68
2025-12-17,85123A,68,0,10,58
2025-12-18,85123A,58,0,10,48
2025-12-19,85123A,48,138,11,175
2025-12-20,85123A,175,0,12,163
2025-12-21,85123A,163,0,10,153
2025-12-22,85123A,153,0,9,144
2025-12-23,85123A,144,0,8,136
2025-12-24,85123A,136,0,10,126
2025-12-25,85123A,126,0,10,116
2025-12-26,85123A,116,0,10,106
2025-12-27,85123A,106,0,10,96
2025-12-28,85123A,96,0,11,85
2025-12-29,85123A,85,0,8,77
2025-12-30,85123A,77,0,10,67
2025-12-31,85123A,67,0,10,57
2026-01-01,85123A,57,0,9,48
2026-01-02,85123A,48,135,9,174
2026-01-03,85123A,174,0,12,162
2026-01-04,85123A,162,0,11,151
2026-01-05,85123A,151,0,9,142
2026-01-06,85123A,142,0,9,133
2026-01-07,85123A,133,0,8,125
2026-01-08,85123A,125,0,8,117
2026-01-09,85123A,117,0,10,107
2026-01-10,85123A,107,0,10,97
2026-01-11,85123A,97,0,10,87
2026-01-12,85123A,87,0,9,78
2026-01-13,85123A,78,0,10,68
2026-01-14,85123A,68,0,10,58
2026-01-15,85123A,58,0,10,48
2026-01-16,85123A,48,136,10,174
2026-01-17,85123A,174,0,12,162
2026-01-18,85123A,162,0,12,150
2026-01-19,85123A,150,0,9,141
2026-01-20,85123A,141,0,8,133
2026-01-21,85123A,133,0,9,124
2026-01-22,85123A,124,0,8,116
2026-01-23,85123A,116,0,9,107
2026-01-24,85123A,107,0,12,95
2026-01-25,85123A,95,0,11,84
2026-01-26,85123A,84,0,9,75
2026-01-27,85123A,75,0,9,66
2026-01-28,85123A,66,0,9,57
2026-01-29,85123A,57,0,9,48
2026-01-30,85123A,48,132,9,171
2026-01-31,85123A,171,0,12,159
2026-02-01,85123A,159,0,11,148
2026-02-02,85123A,148,0,8,140
2026-02-03,85123A,140,0,9,131
2026-02-04,85123A,131,0,10,121
2026-02-05,85123A,121,0,10,111
2026-02-06,85123A,111,0,10,101
2026-02-07,85123A,101,0,10,91
2026-02-08,85123A,91,0,10,81
2026-02-09,85123A,81,0,7,74
2026-02-10,85123A,74,0,9,65
2026-02-11,85123A,65,0,8,57
2026-02-12,85123A,57,0,9,48
2026-02-13,85123A,48,136,10,174
2026-02-14,85123A,174,0,11,163
2026-02-15,85123A,163,0,11,152
2026-02-16,85123A,152,0,8,144
2026-02-17,85123A,144,0,9,135
2026-02-18,85123A,135,0,8,127
2026-02-19,85123A,127,0,10,117
2026-02-20,85123A,117,0,10,107
2026-02-21,85123A,107,0,12,95
2026-02-22,85123A,95,0,11,84
2026-02-23,85123A,84,0,8,76
2026-02-24,85123A,76,0,8,68
2026-02-25,85123A,68,0,10,58
2026-02-26,85123A,58,0,10,48
2026-02-27,85123A,48,139,11,176
2026-02-28,85123A,176,0,11,165
2026-03-01,85123A,165,0,11,154
2026-03-02,85123A,154,0,8,146
2026-03-03,85123A,146,0,9,137
2026-03-04,85123A,137,0,10,127
2026-03-05,85123A,127,0,10,117
2026-03-06,85123A,117,0,9,108
2026-03-07,85123A,108,0,12,96
2026-03-08,85123A,96,0,11,85
2026-03-09,85123A,85,0,10,75
2026-03-10,85123A,75,0,8,67
2026-03-11,85123A,67,0,10,57
2026-03-12,85123A,57,0,9,48
2026-03-13,85123A,48,129,11,166
2026-03-14,85123A,166,0,11,155
2026-03-15,85123A,155,0,10,145
2026-03-16,85123A,145,0,7,138
2026-03-17,85123A,138,0,9,129
2026-03-18,85123A,129,0,8,121
2026-03-19,85123A,121,0,9,112
2026-03-20,85123A,112,0,10,102
2026-03-21,85123A,102,0,10,92
2026-03-22,85123A,92,0,10,82
2026-03-23,85123A,82,0,7,75
2026-03-24,85123A,75,0,9,66
2026-03-25,85123A,66,0,8,58
2026-03-26,85123A,58,0,10,48
2026-03-27,85123A,48,136,9,175
2026-03-28,85123A,175,0,12,163
2026-03-29,85123A,163,0,11,152
2026-03-30,85123A,152,0,9,143
2026-03-31,85123A,143,0,9,134
2026-04-01,85123A,134,0,10,124
2026-04-02,85123A,124,0,8,116
2026-04-03,85123A,116,0,9,107
2026-04-04,85123A,107,0,11,96
2026-04-05,85123A,96,0,11,85
2026-04-06,85123A,85,0,9,76
2026-04-07,85123A,76,0,9,67
2026-04-08,85123A,67,0,9,58
2026-04-09,85123A,58,0,10,48
2026-04-10,85123A,48,0,8,40
2026-04-11,85123A,40,137,12,165
2026-04-12,85123A,165,0,10,155
2026-04-13,85123A,155,0,9,146
2026-04-14,85123A,146,0,8,138
2026-04-15,85123A,138,0,7,131
2026-04-16,85123A,131,0,8,123
2026-04-17,85123A,123,0,9,114
2026-04-18,85123A,114,0,11,103
2026-04-19,85123A,103,0,9,94
2026-04-20,85123A,94,0,8,86
2026-04-21,85123A,86,0,9,77
2026-04-22,85123A,77,0,10,67
2026-04-23,85123A,67,0,9,58
2026-04-24,85123A,58,0,10,48
2026-04-25,85123A,48,125,10,163
2026-04-26,85123A,163,0,9,154
2026-04-27,85123A,154,0,9,145
2026-04-28,85123A,145,0,8,137
2026-04-29,85123A,137,0,7,130
2026-04-30,85123A,130,0,10,120
2026-05-01,85123A,120,0,8,112
2026-05-02,85123A,112,0,12,100
2026-05-03,85123A,100,0,11,89
2026-05-04,85123A,89,0,8,81
2026-05-05,85123A,81,0,9,72
2026-05-06,85123A,72,0,8,64
2026-05-07,85123A,64,0,8,56
2026-05-08,85123A,56,0,8,48
2026-05-09,85123A,48,132,10,170
2026-05-10,85123A,170,0,11,159
2026-05-11,85123A,159,0,8,151
2026-05-12,85123A,151,0,8,143
2026-05-13,85123A,143,0,10,133
2026-05-14,85123A,133,0,9,124
2026-05-15,85123A,124,0,11,113
2026-05-16,85123A,113,0,12,101
2026-05-17,85123A,101,0,10,91
2026-05-18,85123A,91,0,9,82
2026-05-19,85123A,82,0,9,73
2026-05-20,85123A,73,0,8,65
2026-05-21,85123A,65,0,9,56
2026-05-22,85123A,56,0,8,48
2026-05-23,85123A,48,126,10,164
2026-05-24,85123A,164,0,11,153
2026-05-25,85123A,153,0,8,145
2026-05-26,85123A,145,0,8,137
2026-05-27,85123A,137,0,8,129
2026-05-28,85123A,129,0,10,119
2026-05-29,85123A,119,0,10,109
2026-05-30,85123A,109,0,11,98
2026-05-31,85123A,98,0,9,89
2026-06-01,85123A,89,0,9,80
2026-06-02,85123A,80,0,7,73
2026-06-03,85123A,73,0,8,65
2026-06-04,85123A,65,0,8,57
2026-06-05,85123A,57,0,9,48
2026-06-06,85123A,48,130,11,167
2026-06-07,85123A,167,0,10,157
2026-06-08,85123A,157,0,8,149
2026-06-09,85123A,149,0,9,140
2026-06-10,85123A,140,0,8,132
2026-06-11,85123A,132,0,10,122
2026-06-12,85123A,122,0,9,113
2026-06-13,85123A,113,0,12,101
2026-06-14,85123A,101,0,9,92
2026-06-15,85123A,92,0,8,84
2026-06-16,85123A,84,0,8,76
2026-06-17,85123A,76,0,8,68
2026-06-18,85123A,68,0,10,58
2026-06-19,85123A,58,0,10,48
2026-06-20,85123A,48,131,11,168
2026-06-21,85123A,168,0,11,157
2026-06-22,85123A,157,0,8,149
2026-06-23,85123A,149,0,8,141
2026-06-24,85123A,141,0,9,132
2026-06-25,85123A,132,0,10,122
2026-06-26,85123A,122,0,9,113
2026-06-27,85123A,113,0,11,102
2026-06-28,85123A,102,0,10,92
2026-06-29,85123A,92,0,9,83
2026-06-30,85123A,83,0,8,75
2026-07-01,85123A,75,0,10,65
2026-07-02,85123A,65,0,8,57
2026-07-03,85123A,57,0,9,48
2026-07-04,85123A,48,126,10,164
2026-07-05,85123A,164,0,10,154
2026-07-06,85123A,154,0,7,147
2026-07-07,85123A,147,0,10,137
2026-07-08,85123A,137,0,10,127
2026-07-09,85123A,127,0,9,118
2026-07-10,85123A,118,0,8,110
2026-07-11,85123A,110,0,11,99
2026-07-12,85123A,99,0,10,89
2026-07-13,85123A,89,0,8,81
2026-07-14,85123A,81,0,7,74
2026-07-15,85123A,74,0,8,66
2026-07-16,85123A,66,0,9,57
2026-07-17,85123A,57,0,9,48
2026-07-18,85123A,48,137,11,174
2026-07-19,85123A,174,0,11,163
2026-07-20,85123A,163,0,8,155
2026-07-21,85123A,155,0,10,145
2026-07-22,85123A,145,0,8,137
2026-07-23,85123A,137,0,9,128
2026-07-24,85123A,128,0,11,117
2026-07-25,85123A,117,0,12,105
2026-07-26,85123A,105,0,10,95
2026-07-27,85123A,95,0,9,86
2026-07-28,85123A,86,0,10,76
2026-07-29,85123A,76,0,8,68
2026-07-30,85123A,68,0,9,59
2026-07-31,85123A,59,0,11,48
2026-08-01,85123A,48,139,12,175
2026-08-02,85123A,175,0,11,164
2026-08-03,85123A,164,0,8,156
2026-08-04,85123A,156,0,9,147
2026-08-05,85123A,147,0,9,138
2026-08-06,85123A,138,0,11,127
2026-08-07,85123A,127,0,11,116
2026-08-08,85123A,116,0,11,105
2026-08-09,85123A,105,0,11,94
2026-08-10,85123A,94,0,8,86
2026-08-11,85123A,86,0,8,78
2026-08-12,85123A,78,0,10,68
2026-08-13,85123A,68,0,10,58
2026-08-14,85123A,58,0,10,48
2026-08-15,85123A,48,91,11,128
2026-08-16,85123A,128,0,11,117
2026-08-17,85123A,117,0,9,108
2026-08-18,85123A,108,0,8,100
2026-08-19,85123A,100,0,10,90
2026-08-20,85123A,90,0,11,79
2026-08-21,85123A,79,0,10,69
2026-08-22,85123A,69,0,11,58
2026-08-23,85123A,58,0,10,48
2026-08-24,85123A,48,182,8,222
2026-08-25,85123A,222,0,9,213
2026-08-26,85123A,213,0,9,204
2026-08-27,85123A,204,0,10,194
2026-08-28,85123A,194,0,11,183
2026-08-29,85123A,183,0,10,173
2026-08-30,85123A,173,0,12,161
2026-08-31,85123A,161,0,10,151
2026-09-01,85123A,151,0,8,143
2026-09-02,85123A,143,0,9,134
2026-09-03,85123A,134,0,11,123
2026-09-04,85123A,123,0,9,114
2026-09-05,85123A,114,0,11,103
2026-09-06,85123A,103,0,12,91
2026-09-07,85123A,91,0,8,83
2026-09-08,85123A,83,0,10,73
2026-09-09,85123A,73,0,10,63
2026-09-10,85123A,63,0,10,53
2026-09-11,85123A,53,0,9,44
2026-09-12,85123A,44,0,12,32
2026-09-13,85123A,32,0,12,20
2024-09-14,71053,333,0,14,319
2024-09-15,71053,319,0,13,306
2024-09-16,71053,306,0,9,297
2024-09-17,71053,297,0,11,286
2024-09-18,71053,286,0,10,276
2024-09-19,71053,276,0,11,265
2024-09-20,71053,265,0,13,252
2024-09-21,71053,252,0,14,238
2024-09-22,71053,238,0,12,226
2024-09-23,71053,226,0,10,216
2024-09-24,71053,216,0,12,204
2024-09-25,71053,204,0,10,194
2024-09-26,71053,194,0,11,183
2024-09-27,71053,183,0,11,172
2024-09-28,71053,172,0,13,159
2024-09-29,71053,159,0,13,146
2024-09-30,71053,146,0,12,134
2024-10-01,71053,134,0,12,122
2024-10-02,71053,122,0,10,112
2024-10-03,71053,112,0,12,100
2024-10-04,71053,100,0,12,88
2024-10-05,71053,88,0,14,74
2024-10-06,71053,74,0,13,61
2024-10-07,71053,61,176,11,226
2024-10-08,71053,226,0,11,215
2024-10-09,71053,215,0,11,204
2024-10-10,71053,204,0,12,192
2024-10-11,71053,192,0,12,180
2024-10-12,71053,180,0,13,167
2024-10-13,71053,167,0,13,154
2024-10-14,71053,154,0,9,145
2024-10-15,71053,145,0,12,133
2024-10-16,71053,133,0,12,121
2024-10-17,71053,121,0,13,108
2024-10-18,71053,108,0,13,95
2024-10-19,71053,95,0,15,80
2024-10-20,71053,80,0,14,66
2024-10-21,71053,66,173,12,227
2024-10-22,71053,227,0,10,217
2024-10-23,71053,217,0,11,206
2024-10-24,71053,206,0,12,194
2024-10-25,71053,194,0,12,182
2024-10-26,71053,182,0,15,167
2024-10-27,71053,167,0,14,153
2024-10-28,71053,153,0,11,142
2024-10-29,71053,142,0,12,130
2024-10-30,71053,130,0,11,119
2024-10-31,71053,119,0,13,106
2024-11-01,71053,106,0,12,94
2024-11-02,71053,94,0,15,79
2024-11-03,71053,79,0,13,66
2024-11-04,71053,66,0,11,55
2024-11-05,71053,55,188,12,231
2024-11-06,71053,231,0,11,220
2024-11-07,71053,220,0,13,207
2024-11-08,71053,207,0,14,193
2024-11-09,71053,193,0,14,179
2024-11-10,71053,179,0,15,164
2024-11-11,71053,164,0,12,152
2024-11-12,71053,152,0,13,139
2024-11-13,71053,139,0,12,127
2024-11-14,71053,127,0,12,115
2024-11-15,71053,115,0,13,102
2024-11-16,71053,102,0,13,89
2024-11-17,71053,89,0,13,76
2024-11-18,71053,76,0,10,66
2024-11-19,71053,66,177,13,230
2024-11-20,71053,230,0,11,219
2024-11-21,71053,219,0,11,208
2024-11-22,71053,208,0,13,195
2024-11-23,71053,195,0,14,181
2024-11-24,71053,181,0,15,166
2024-11-25,71053,166,0,12,154
2024-11-26,71053,154,0,11,143
2024-11-27,71053,143,0,12,131
2024-11-28,71053,131,0,13,118
2024-11-29,71053,118,0,12,106
2024-11-30,71053,106,0,15,91
2024-12-01,71053,91,0,13,78
2024-12-02,71053,78,0,12,66
2024-12-03,71053,66,175,12,229
2024-12-04,71053,229,0,11,218
2024-12-05,71053,218,0,11,207
2024-12-06,71053,207,0,13,194
2024-12-07,71053,194,0,16,178
2024-12-08,71053,178,0,13,165
2024-12-09,71053,165,0,11,154
2024-12-10,71053,154,0,12,142
2024-12-11,71053,142,0,11,131
2024-12-12,71053,131,0,13,118
2024-12-13,71053,118,0,14,104
2024-12-14,71053,104,0,13,91
2024-12-15,71053,91,0,13,78
2024-12-16,71053,78,0,12,66
2024-12-17,71053,66,0,11,55
2024-12-18,71053,55,191,12,234
2024-12-19,71053,234,0,13,221
2024-12-20,71053,221,0,13,208
2024-12-21,71053,208,0,14,194
2024-12-22,71053,194,0,13,181
2024-12-23,71053,181,0,12,169
2024-12-24,71053,169,0,12,157
2024-12-25,71053,157,0,13,144
2024-12-26,71053,144,0,11,133
2024-12-27,71053,133,0,12,121
2024-12-28,71053,121,0,15,106
2024-12-29,71053,106,0,15,91
2024-12-30,71053,91,0,12,79
2024-12-31,71053,79,0,13,66
2025-01-01,71053,66,0,11,55
2025-01-02,71053,55,188,13,230
2025-01-03,71053,230,0,12,218
2025-01-04,71053,218,0,13,205
2025-01-05,71053,205,0,15,190
2025-01-06,71053,190,0,10,180
2025-01-07,71053,180,0,11,169
2025-01-08,71053,169,0,13,156
2025-01-09,71053,156,0,13,143
2025-01-10,71053,143,0,14,129
2025-01-11,71053,129,0,15,114
2025-01-12,71053,114,0,13,101
2025-01-13,71053,101,0,11,90
2025-01-14,71053,90,0,11,79
2025-01-15,71053,79,0,13,66
2025-01-16,71053,66,174,12,228
2025-01-17,71053,228,0,12,216
2025-01-18,71053,216,0,14,202
2025-01-19,71053,202,0,14,188
2025-01-20,71053,188,0,10,178
2025-01-21,71053,178,0,12,166
2025-01-22,71053,166,0,13,153
2025-01-23,71053,153,0,11,142
2025-01-24,71053,142,0,13,129
2025-01-25,71053,129,0,15,114
2025-01-26,71053,114,0,13,101
2025-01-27,71053,101,0,11,90
2025-01-28,71053,90,0,12,78
2025-01-29,71053,78,0,12,66
2025-01-30,71053,66,174,13,227
2025-01-31,71053,227,0,13,214
2025-02-01,71053,214,0,15,199
2025-02-02,71053,199,0,15,184
2025-02-03,71053,184,0,10,174
2025-02-04,71053,174,0,11,163
2025-02-05,71053,163,0,11,152
2025-02-06,71053,152,0,13,139
2025-02-07,71053,139,0,13,126
2025-02-08,71053,126,0,13,113
2025-02-09,71053,113,0,15,98
2025-02-10,71053,98,0,11,87
2025-02-11,71053,87,0,10,77
2025-02-12,71053,77,0,11,66
2025-02-13,71053,66,173,12,227
2025-02-14,71053,227,0,13,214
2025-02-15,71053,214,0,14,200
2025-02-16,71053,200,0,14,186
2025-02-17,71053,186,0,11,175
2025-02-18,71053,175,0,12,163
2025-02-19,71053,163,0,12,151
2025-02-20,71053,151,0,11,140
2025-02-21,71053,140,0,12,128
2025-02-22,71053,128,0,13,115
2025-02-23,71053,115,0,14,101
2025-02-24,71053,101,0,12,89
2025-02-25,71053,89,0,12,77
2025-02-26,71053,77,0,11,66
2025-02-27,71053,66,0,11,55
2025-02-28,71053,55,181,13,223
2025-03-01,71053,223,0,13,210
2025-03-02,71053,210,0,14,196
2025-03-03,71053,196,0,11,185
2025-03-04,71053,185,0,12,173
2025-03-05,71053,173,0,11,162
2025-03-06,71053,162,0,11,151
2025-03-07,71053,151,0,12,139
2025-03-08,71053,139,0,14,125
2025-03-09,71053,125,0,14,111
2025-03-10,71053,111,0,12,99
2025-03-11,71053,99,0,11,88
2025-03-12,71053,88,0,12,76
2025-03-13,71053,76,0,10,66
2025-03-14,71053,66,163,12,217
2025-03-15,71053,217,0,14,203
2025-03-16,71053,203,0,12,191
2025-03-17,71053,191,0,9,182
2025-03-18,71053,182,0,12,170
2025-03-19,71053,170,0,11,159
2025-03-20,71053,159,0,12,147
2025-03-21,71053,147,0,12,135
2025-03-22,71053,135,0,13,122
2025-03-23,71053,122,0,13,109
2025-03-24,71053,109,0,10,99
2025-03-25,71053,99,0,12,87
2025-03-26,71053,87,0,10,77
2025-03-27,71053,77,0,11,66
2025-03-28,71053,66,155,12,209
2025-03-29,71053,209,0,13,196
2025-03-30,71053,196,0,13,183
2025-03-31,71053,183,0,9,174
2025-04-01,71053,174,0,9,165
2025-04-02,71053,165,0,10,155
2025-04-03,71053,155,0,10,145
2025-04-04,71053,145,0,12,133
2025-04-05,71053,133,0,14,119
2025-04-06,71053,119,0,12,107
2025-04-07,71053,107,0,10,97
2025-04-08,71053,97,0,10,87
2025-04-09,71053,87,0,10,77
2025-04-10,71053,77,0,11,66
2025-04-11,71053,66,0,11,55
2025-04-12,71053,55,170,14,211
2025-04-13,71053,211,0,14,197
2025-04-14,71053,197,0,9,188
2025-04-15,71053,188,0,11,177
2025-04-16,71053,177,0,10,167
2025-04-17,71053,167,0,11,156
2025-04-18,71053,156,0,11,145
2025-04-19,71053,145,0,14,131
2025-04-20,71053,131,0,12,119
2025-04-21,71053,119,0,9,110
2025-04-22,71053,110,0,10,100
2025-04-23,71053,100,0,11,89
2025-04-24,71053,89,0,11,78
2025-04-25,71053,78,0,12,66
2025-04-26,71053,66,155,12,209
2025-04-27,71053,209,0,13,196
2025-04-28,71053,196,0,9,187
2025-04-29,71053,187,0,11,176
2025-04-30,71053,176,0,10,166
2025-05-01,71053,166,0,10,156
2025-05-02,71053,156,0,11,145
2025-05-03,71053,145,0,13,132
2025-05-04,71053,132,0,13,119
2025-05-05,71053,119,0,9,110
2025-05-06,71053,110,0,10,100
2025-05-07,71053,100,0,10,90
2025-05-08,71053,90,0,12,78
2025-05-09,71053,78,0,12,66
2025-05-10,71053,66,156,12,210
2025-05-11,71053,210,0,12,198
2025-05-12,71053,198,0,11,187
2025-05-13,71053,187,0,9,178
2025-05-14,71053,178,0,10,168
2025-05-15,71053,168,0,10,158
2025-05-16,71053,158,0,11,147
2025-05-17,71053,147,0,13,134
2025-05-18,71053,134,0,13,121
2025-05-19,71053,121,0,10,111
2025-05-20,71053,111,0,11,100
2025-05-21,71053,100,0,11,89
2025-05-22,71053,89,0,11,78
2025-05-23,71053,78,0,12,66
2025-05-24,71053,66,152,12,206
2025-05-25,71053,206,0,11,195
2025-05-26,71053,195,0,9,186
2025-05-27,71053,186,0,11,175
2025-05-28,71053,175,0,10,165
2025-05-29,71053,165,0,12,153
2025-05-30,71053,153,0,10,143
2025-05-31,71053,143,0,12,131
2025-06-01,71053,131,0,11,120
2025-06-02,71053,120,0,10,110
2025-06-03,71053,110,0,11,99
2025-06-04,71053,99,0,10,89
2025-06-05,71053,89,0,12,77
2025-06-06,71053,77,0,11,66
2025-06-07,71053,66,145,12,199
2025-06-08,71053,199,0,11,188
2025-06-09,71053,188,0,10,178
2025-06-10,71053,178,0,10,168
2025-06-11,71053,168,0,10,158
2025-06-12,71053,158,0,11,147
2025-06-13,71053,147,0,10,137
2025-06-14,71053,137,0,12,125
2025-06-15,71053,125,0,11,114
2025-06-16,71053,114,0,8,106
2025-06-17,71053,106,0,9,97
2025-06-18,71053,97,0,10,87
2025-06-19,71053,87,0,9,78
2025-06-20,71053,78,0,12,66
2025-06-21,71053,66,156,13,209
2025-06-22,71053,209,0,12,197
2025-06-23,71053,197,0,11,186
2025-06-24,71053,186,0,9,177
2025-06-25,71053,177,0,10,167
2025-06-26,71053,167,0,10,157
2025-06-27,71053,157,0,12,145
2025-06-28,71053,145,0,13,132
2025-06-29,71053,132,0,12,120
2025-06-30,71053,120,0,10,110
2025-07-01,71053,110,0,11,99
2025-07-02,71053,99,0,11,88
2025-07-03,71053,88,0,10,78
2025-07-04,71053,78,0,12,66
2025-07-05,71053,66,154,14,206
2025-07-06,71053,206,0,12,194
2025-07-07,71053,194,0,10,184
2025-07-08,71053,184,0,10,174
2025-07-09,71053,174,0,10,164
2025-07-10,71053,164,0,10,154
2025-07-11,71053,154,0,12,142
2025-07-12,71053,142,0,13,129
2025-07-13,71053,129,0,11,118
2025-07-14,71053,118,0,9,109
2025-07-15,71053,109,0,10,99
2025-07-16,71053,99,0,9,90
2025-07-17,71053,90,0,12,78
2025-07-18,71053,78,0,12,66
2025-07-19,71053,66,152,12,206
2025-07-20,71053,206,0,11,195
2025-07-21,71053,195,0,10,185
2025-07-22,71053,185,0,10,175
2025-07-23,71053,175,0,11,164
2025-07-24,71053,164,0,11,153
2025-07-25,71053,153,0,11,142
2025-07-26,71053,142,0,12,130
2025-07-27,71053,130,0,12,118
2025-07-28,71053,118,0,9,109
2025-07-29,71053,109,0,11,98
2025-07-30,71053,98,0,11,87
2025-07-31,71053,87,0,10,77
2025-08-01,71053,77,0,11,66
2025-08-02,71053,66,156,14,208
2025-08-03,71053,208,0,12,196
2025-08-04,71053,196,0,9,187
2025-08-05,71053,187,0,10,177
2025-08-06,71053,177,0,10,167
2025-08-07,71053,167,0,11,156
2025-08-08,71053,156,0,13,143
2025-08-09,71053,143,0,14,129
2025-08-10,71053,129,0,12,117
2025-08-11,71053,117,0,10,107
2025-08-12,71053,107,0,9,98
2025-08-13,71053,98,0,10,88
2025-08-14,71053,88,0,10,78
2025-08-15,71053,78,0,12,66
2025-08-16,71053,66,161,13,214
2025-08-17,71053,214,0,13,201
2025-08-18,71053,201,0,9,192
2025-08-19,71053,192,0,10,182
2025-08-20,71053,182,0,12,170
2025-08-21,71053,170,0,11,159
2025-08-22,71053,159,0,13,146
2025-08-23,71053,146,0,12,134
2025-08-24,71053,134,0,13,121
2025-08-25,71053,121,0,11,110
2025-08-26,71053,110,0,10,100
2025-08-27,71053,100,0,12,88
2025-08-28,71053,88,0,11,77
2025-08-29,71053,77,0,11,66
2025-08-30,71053,66,163,13,216
2025-08-31,71053,216,0,13,203
2025-09-01,71053,203,0,10,193
2025-09-02,71053,193,0,11,182
2025-09-03,71053,182,0,10,172
2025-09-04,71053,172,0,12,160
2025-09-05,71053,160,0,13,147
2025-09-06,71053,147,0,14,133
2025-09-07,71053,133,0,14,119
2025-09-08,71053,119,0,11,108
2025-09-09,71053,108,0,10,98
2025-09-10,71053,98,0,11,87
2025-09-11,71053,87,0,10,77
2025-09-12,71053,77,0,11,66
2025-09-13,71053,66,163,14,215
2025-09-14,71053,215,0,13,202
2025-09-15,71053,202,0,11,191
2025-09-16,71053,191,0,12,179
2025-09-17,71053,179,0,11,168
2025-09-18,71053,168,0,11,157
2025-09-19,71053,157,0,11,146
2025-09-20,71053,146,0,14,132
2025-09-21,71053,132,0,13,119
2025-09-22,71053,119,0,9,110
2025-09-23,71053,110,0,10,100
2025-09-24,71053,100,0,11,89
2025-09-25,71053,89,0,12,77
2025-09-26,71053,77,0,11,66
2025-09-27,71053,66,171,15,222
2025-09-28,71053,222,0,14,208
2025-09-29,71053,208,0,11,197
2025-09-30,71053,197,0,11,186
2025-10-01,71053,186,0,11,175
2025-10-02,71053,175,0,12,163
2025-10-03,71053,163,0,12,151
2025-10-04,71053,151,0,15,136
2025-10-05,71053,136,0,13,123
2025-10-06,71053,123,0,10,113
2025-10-07,71053,113,0,11,102
2025-10-08,71053,102,0,12,90
2025-10-09,71053,90,0,11,79
2025-10-10,71053,79,0,13,66
2025-10-11,71053,66,175,15,226
2025-10-12,71053,226,0,14,212
2025-10-13,71053,212,0,11,201
2025-10-14,71053,201,0,12,189
2025-10-15,71053,189,0,10,179
2025-10-16,71053,179,0,12,167
2025-10-17,71053,167,0,13,154
2025-10-18,71053,154,0,14,140
2025-10-19,71053,140,0,13,127
2025-10-20,71053,127,0,12,115
2025-10-21,71053,115,0,12,103
2025-10-22,71053,103,0,11,92
2025-10-23,71053,92,0,12,80
2025-10-24,71053,80,0,14,66
2025-10-25,71053,66,173,15,224
2025-10-26,71053,224,0,14,210
2025-10-27,71053,210,0,11,199
2025-10-28,71053,199,0,11,188
2025-10-29,71053,188,0,12,176
2025-10-30,71053,176,0,13,163
2025-10-31,71053,163,0,13,150
2025-11-01,71053,150,0,15,135
2025-11-02,71053,135,0,13,122
2025-11-03,71053,122,0,10,112
2025-11-04,71053,112,0,10,102
2025-11-05,71053,102,0,11,91
2025-11-06,71053,91,0,12,79
2025-11-07,71053,79,0,13,66
2025-11-08,71053,66,178,15,229
2025-11-09,71053,229,0,14,215
2025-11-10,71053,215,0,12,203
2025-11-11,71053,203,0,12,191
2025-11-12,71053,191,0,12,179
2025-11-13,71053,179,0,11,168
2025-11-14,71053,168,0,14,154
2025-11-15,71053,154,0,14,140
2025-11-16,71053,140,0,15,125
2025-11-17,71053,125,0,10,115
2025-11-18,71053,115,0,12,103
2025-11-19,71053,103,0,13,90
2025-11-20,71053,90,0,12,78
2025-11-21,71053,78,0,12,66
2025-11-22,71053,66,173,14,225
2025-11-23,71053,225,0,13,212
2025-11-24,71053,212,0,10,202
2025-11-25,71053,202,0,12,190
2025-11-26,71053,190,0,12,178
2025-11-27,71053,178,0,13,165
2025-11-28,71053,165,0,13,152
2025-11-29,71053,152,0,15,137
2025-11-30,71053,137,0,14,123
2025-12-01,71053,123,0,10,113
2025-12-02,71053,113,0,13,100
2025-12-03,71053,100,0,10,90
2025-12-04,71053,90,0,12,78
2025-12-05,71053,78,0,12,66
2025-12-06,71053,66,177,14,229
2025-12-07,71053,229,0,13,216
2025-12-08,71053,216,0,12,204
2025-12-09,71053,204,0,11,193
2025-12-10,71053,193,0,12,181
2025-12-11,71053,181,0,12,169
2025-12-12,71053,169,0,13,156
2025-12-13,71053,156,0,14,142
2025-12-14,71053,142,0,14,128
2025-12-15,71053,128,0,11,117
2025-12-16,71053,117,0,12,105
2025-12-17,71053,105,0,13,92
2025-12-18,71053,92,0,12,80
2025-12-19,71053,80,0,14,66
2025-12-20,71053,66,177,14,229
2025-12-21,71053,229,0,14,215
2025-12-22,71053,215,0,11,204
2025-12-23,71053,204,0,11,193
2025-12-24,71053,193,0,12,181
2025-12-25,71053,181,0,13,168
2025-12-26,71053,168,0,14,154
2025-12-27,71053,154,0,14,140
2025-12-28,71053,140,0,13,127
2025-12-29,71053,127,0,11,116
2025-12-30,71053,116,0,13,103
2025-12-31,71053,103,0,12,91
2026-01-01,71053,91,0,12,79
2026-01-02,71053,79,0,13,66
2026-01-03,71053,66,174,13,227
2026-01-04,71053,227,0,13,214
2026-01-05,71053,214,0,10,204
2026-01-06,71053,204,0,12,192
2026-01-07,71053,192,0,11,181
2026-01-08,71053,181,0,13,168
2026-01-09,71053,168,0,12,156
2026-01-10,71053,156,0,14,142
2026-01-11,71053,142,0,15,127
2026-01-12,71053,127,0,11,116
2026-01-13,71053,116,0,12,104
2026-01-14,71053,104,0,12,92
2026-01-15,71053,92,0,13,79
2026-01-16,71053,79,0,13,66
2026-01-17,71053,66,171,15,222
2026-01-18,71053,222,0,13,209
2026-01-19,71053,209,0,10,199
2026-01-20,71053,199,0,12,187
2026-01-21,71053,187,0,11,176
2026-01-22,71053,176,0,11,165
2026-01-23,71053,165,0,13,152
2026-01-24,71053,152,0,15,137
2026-01-25,71053,137,0,13,124
2026-01-26,71053,124,0,10,114
2026-01-27,71053,114,0,10,104
2026-01-28,71053,104,0,11,93
2026-01-29,71053,93,0,13,80
2026-01-30,71053,80,0,14,66
2026-01-31,71053,66,175,14,227
2026-02-01,71053,227,0,14,213
2026-02-02,71053,213,0,10,203
2026-02-03,71053,203,0,12,191
2026-02-04,71053,191,0,11,180
2026-02-05,71053,180,0,12,168
2026-02-06,71053,168,0,12,156
2026-02-07,71053,156,0,14,142
2026-02-08,71053,142,0,15,127
2026-02-09,71053,127,0,12,115
2026-02-10,71053,115,0,11,104
2026-02-11,71053,104,0,11,93
2026-02-12,71053,93,0,13,80
2026-02-13,71053,80,0,14,66
2026-02-14,71053,66,172,15,223
2026-02-15,71053,223,0,14,209
2026-02-16,71053,209,0,11,198
2026-02-17,71053,198,0,12,186
2026-02-18,71053,186,0,11,175
2026-02-19,71053,175,0,12,163
2026-02-20,71053,163,0,12,151
2026-02-21,71053,151,0,14,137
2026-02-22,71053,137,0,14,123
2026-02-23,71053,123,0,10,113
2026-02-24,71053,113,0,11,102
2026-02-25,71053,102,0,12,90
2026-02-26,71053,90,0,11,79
2026-02-27,71053,79,0,13,66
2026-02-28,71053,66,168,13,221
2026-03-01,71053,221,0,14,207
2026-03-02,71053,207,0,11,196
2026-03-03,71053,196,0,10,186
2026-03-04,71053,186,0,12,174
2026-03-05,71053,174,0,11,163
2026-03-06,71053,163,0,11,152
2026-03-07,71053,152,0,15,137
2026-03-08,71053,137,0,13,124
2026-03-09,71053,124,0,12,112
2026-03-10,71053,112,0,10,102
2026-03-11,71053,102,0,12,90
2026-03-12,71053,90,0,12,78
2026-03-13,71053,78,0,12,66
2026-03-14,71053,66,161,15,212
2026-03-15,71053,212,0,12,200
2026-03-16,71053,200,0,10,190
2026-03-17,71053,190,0,10,180
2026-03-18,71053,180,0,10,170
2026-03-19,71053,170,0,10,160
2026-03-20,71053,160,0,11,149
2026-03-21,71053,149,0,14,135
2026-03-22,71053,135,0,13,122
2026-03-23,71053,122,0,11,111
2026-03-24,71053,111,0,10,101
2026-03-25,71053,101,0,11,90
2026-03-26,71053,90,0,11,79
2026-03-27,71053,79,0,13,66
2026-03-28,71053,66,164,13,217
2026-03-29,71053,217,0,12,205
2026-03-30,71053,205,0,11,194
2026-03-31,71053,194,0,12,182
2026-04-01,71053,182,0,11,171
2026-04-02,71053,171,0,10,161
2026-04-03,71053,161,0,13,148
2026-04-04,71053,148,0,14,134
2026-04-05,71053,134,0,12,122
2026-04-06,71053,122,0,10,112
2026-04-07,71053,112,0,10,102
2026-04-08,71053,102,0,12,90
2026-04-09,71053,90,0,12,78
2026-04-10,71053,78,0,12,66
2026-04-11,71053,66,156,14,208
2026-04-12,71053,208,0,12,196
2026-04-13,71053,196,0,9,187
2026-04-14,71053,187,0,11,176
2026-04-15,71053,176,0,11,165
2026-04-16,71053,165,0,10,155
2026-04-17,71053,155,0,12,143
2026-04-18,71053,143,0,12,131
2026-04-19,71053,131,0,12,119
2026-04-20,71053,119,0,10,109
2026-04-21,71053,109,0,10,99
2026-04-22,71053,99,0,10,89
2026-04-23,71053,89,0,11,78
2026-04-24,71053,78,0,12,66
2026-04-25,71053,66,154,14,206
2026-04-26,71053,206,0,13,193
2026-04-27,71053,193,0,10,183
2026-04-28,71053,183,0,9,174
2026-04-29,71053,174,0,11,163
2026-04-30,71053,163,0,10,153
2026-05-01,71053,153,0,11,142
2026-05-02,71053,142,0,14,128
2026-05-03,71053,128,0,13,115
2026-05-04,71053,115,0,9,106
2026-05-05,71053,106,0,10,96
2026-05-06,71053,96,0,10,86
2026-05-07,71053,86,0,10,76
2026-05-08,71053,76,0,10,66
2026-05-09,71053,66,151,12,205
2026-05-10,71053,205,0,12,193
2026-05-11,71053,193,0,8,185
2026-05-12,71053,185,0,9,176
2026-05-13,71053,176,0,10,166
2026-05-14,71053,166,0,10,156
2026-05-15,71053,156,0,10,146
2026-05-16,71053,146,0,14,132
2026-05-17,71053,132,0,12,120
2026-05-18,71053,120,0,9,111
2026-05-19,71053,111,0,11,100
2026-05-20,71053,100,0,10,90
2026-05-21,71053,90,0,12,78
2026-05-22,71053,78,0,12,66
2026-05-23,71053,66,154,13,207
2026-05-24,71053,207,0,13,194
2026-05-25,71053,194,0,10,184
2026-05-26,71053,184,0,9,175
2026-05-27,71053,175,0,11,164
2026-05-28,71053,164,0,11,153
2026-05-29,71053,153,0,11,142
2026-05-30,71053,142,0,12,130
2026-05-31,71053,130,0,12,118
2026-06-01,71053,118,0,10,108
2026-06-02,71053,108,0,11,97
2026-06-03,71053,97,0,11,86
2026-06-04,71053,86,0,9,77
2026-06-05,71053,77,0,11,66
2026-06-06,71053,66,152,13,205
2026-06-07,71053,205,0,11,194
2026-06-08,71053,194,0,10,184
2026-06-09,71053,184,0,9,175
2026-06-10,71053,175,0,11,164
2026-06-11,71053,164,0,11,153
2026-06-12,71053,153,0,11,142
2026-06-13,71053,142,0,13,129
2026-06-14,71053,129,0,13,116
2026-06-15,71053,116,0,9,107
2026-06-16,71053,107,0,10,97
2026-06-17,71053,97,0,10,87
2026-06-18,71053,87,0,10,77
2026-06-19,71053,77,0,11,66
2026-06-20,71053,66,156,14,208
2026-06-21,71053,208,0,13,195
2026-06-22,71053,195,0,10,185
2026-06-23,71053,185,0,9,176
2026-06-24,71053,176,0,9,167
2026-06-25,71053,167,0,12,155
2026-06-26,71053,155,0,12,143
2026-06-27,71053,143,0,13,130
2026-06-28,71053,130,0,12,118
2026-06-29,71053,118,0,10,108
2026-06-30,71053,108,0,10,98
2026-07-01,71053,98,0,10,88
2026-07-02,71053,88,0,11,77
2026-07-03,71053,77,0,11,66
2026-07-04,71053,66,0,11,55
2026-07-05,71053,55,161,11,205
2026-07-06,71053,205,0,10,195
2026-07-07,71053,195,0,10,185
2026-07-08,71053,185,0,10,175
2026-07-09,71053,175,0,9,166
2026-07-10,71053,166,0,12,154
2026-07-11,71053,154,0,13,141
2026-07-12,71053,141,0,12,129
2026-07-13,71053,129,0,9,120
2026-07-14,71053,120,0,11,109
2026-07-15,71053,109,0,9,100
2026-07-16,71053,100,0,10,90
2026-07-17,71053,90,0,11,79
2026-07-18,71053,79,0,13,66
2026-07-19,71053,66,156,13,209
2026-07-20,71053,209,0,10,199
2026-07-21,71053,199,0,9,190
2026-07-22,71053,190,0,11,179
2026-07-23,71053,179,0,10,169
2026-07-24,71053,169,0,13,156
2026-07-25,71053,156,0,13,143
2026-07-26,71053,143,0,12,131
2026-07-27,71053,131,0,9,122
2026-07-28,71053,122,0,10,112
2026-07-29,71053,112,0,10,102
2026-07-30,71053,102,0,12,90
2026-07-31,71053,90,0,12,78
2026-08-01,71053,78,0,12,66
2026-08-02,71053,66,156,13,209
2026-08-03,71053,209,0,10,199
2026-08-04,71053,199,0,9,190
2026-08-05,71053,190,0,10,180
2026-08-06,71053,180,0,10,170
2026-08-07,71053,170,0,12,158
2026-08-08,71053,158,0,12,146
2026-08-09,71053,146,0,13,133
2026-08-10,71053,133,0,9,124
2026-08-11,71053,124,0,9,115
2026-08-12,71053,115,0,12,103
2026-08-13,71053,103,0,11,92
2026-08-14,71053,92,0,12,80
2026-08-15,71053,80,0,14,66
2026-08-16,71053,66,91,13,144
2026-08-17,71053,144,0,9,135
2026-08-18,71053,135,0,10,125
2026-08-19,71053,125,0,11,114
2026-08-20,71053,114,0,11,103
2026-08-21,71053,103,0,12,91
2026-08-22,71053,91,0,12,79
2026-08-23,71053,79,0,13,66
2026-08-24,71053,66,243,9,300
2026-08-25,71053,300,0,10,290
2026-08-26,71053,290,0,12,278
2026-08-27,71053,278,0,12,266
2026-08-28,71053,266,0,11,255
2026-08-29,71053,255,0,13,242
2026-08-30,71053,242,0,13,229
2026-08-31,71053,229,0,11,218
2026-09-01,71053,218,0,11,207
2026-09-02,71053,207,0,10,197
2026-09-03,71053,197,0,12,185
2026-09-04,71053,185,0,13,172
2026-09-05,71053,172,0,14,158
2026-09-06,71053,158,0,13,145
2026-09-07,71053,145,0,11,134
2026-09-08,71053,134,0,12,122
2026-09-09,71053,122,0,12,110
2026-09-10,71053,110,0,10,100
2026-09-11,71053,100,0,13,87
2026-09-12,71053,87,0,14,73
2026-09-13,71053,73,0,14,59
2024-09-14,84406B,377,0,15,362
2024-09-15,84406B,362,0,14,348
2024-09-16,84406B,348,0,10,338
2024-09-17,84406B,338,0,12,326
2024-09-18,84406B,326,0,12,314
2024-09-19,84406B,314,0,12,302
2024-09-20,84406B,302,0,13,289
2024-09-21,84406B,289,0,15,274
2024-09-22,84406B,274,0,14,260
2024-09-23,84406B,260,0,12,248
2024-09-24,84406B,248,0,11,237
2024-09-25,84406B,237,0,10,227
2024-09-26,84406B,227,0,13,214
2024-09-27,84406B,214,0,13,201
2024-09-28,84406B,201,0,15,186
2024-09-29,84406B,186,0,14,172
2024-09-30,84406B,172,0,12,160
2024-10-01,84406B,160,0,12,148
2024-10-02,84406B,148,0,10,138
2024-10-03,84406B,138,0,13,125
2024-10-04,84406B,125,0,13,112
2024-10-05,84406B,112,0,15,97
2024-10-06,84406B,97,0,13,84
2024-10-07,84406B,84,0,11,73
2024-10-08,84406B,73,188,11,250
2024-10-09,84406B,250,0,11,239
2024-10-10,84406B,239,0,12,227
2024-10-11,84406B,227,0,14,213
2024-10-12,84406B,213,0,14,199
2024-10-13,84406B,199,0,14,185
2024-10-14,84406B,185,0,11,174
2024-10-15,84406B,174,0,12,162
2024-10-16,84406B,162,0,13,149
2024-10-17,84406B,149,0,11,138
2024-10-18,84406B,138,0,13,125
2024-10-19,84406B,125,0,14,111
2024-10-20,84406B,111,0,15,96
2024-10-21,84406B,96,0,12,84
2024-10-22,84406B,84,0,12,72
2024-10-23,84406B,72,191,11,252
2024-10-24,84406B,252,0,12,240
2024-10-25,84406B,240,0,13,227
2024-10-26,84406B,227,0,14,213
2024-10-27,84406B,213,0,14,199
2024-10-28,84406B,199,0,11,188
2024-10-29,84406B,188,0,12,176
2024-10-30,84406B,176,0,12,164
2024-10-31,84406B,164,0,13,151
2024-11-01,84406B,151,0,13,138
2024-11-02,84406B,138,0,16,122
2024-11-03,84406B,122,0,14,108
2024-11-04,84406B,108,0,11,97
2024-11-05,84406B,97,0,13,84
2024-11-06,84406B,84,0,12,72
2024-11-07,84406B,72,200,12,260
2024-11-08,84406B,260,0,14,246
2024-11-09,84406B,246,0,16,230
2024-11-10,84406B,230,0,15,215
2024-11-11,84406B,215,0,12,203
2024-11-12,84406B,203,0,13,190
2024-11-13,84406B,190,0,12,178
2024-11-14,84406B,178,0,12,166
2024-11-15,84406B,166,0,14,152
2024-11-16,84406B,152,0,15,137
2024-11-17,84406B,137,0,16,121
2024-11-18,84406B,121,0,12,109
2024-11-19,84406B,109,0,12,97
2024-11-20,84406B,97,0,13,84
2024-11-21,84406B,84,0,13,71
2024-11-22,84406B,71,200,14,257
2024-11-23,84406B,257,0,16,241
2024-11-24,84406B,241,0,14,227
2024-11-25,84406B,227,0,11,216
2024-11-26,84406B,216,0,12,204
2024-11-27,84406B,204,0,13,191
2024-11-28,84406B,191,0,13,178
2024-11-29,84406B,178,0,15,163
2024-11-30,84406B,163,0,15,148
2024-12-01,84406B,148,0,14,134
2024-12-02,84406B,134,0,12,122
2024-12-03,84406B,122,0,12,110
2024-12-04,84406B,110,0,13,97
2024-12-05,84406B,97,0,13,84
2024-12-06,84406B,84,0,14,70
2024-12-07,84406B,70,199,16,253
2024-12-08,84406B,253,0,15,238
2024-12-09,84406B,238,0,11,227
2024-12-10,84406B,227,0,11,216
2024-12-11,84406B,216,0,13,203
2024-12-12,84406B,203,0,12,191
2024-12-13,84406B,191,0,13,178
2024-12-14,84406B,178,0,15,163
2024-12-15,84406B,163,0,16,147
2024-12-16,84406B,147,0,11,136
2024-12-17,84406B,136,0,13,123
2024-12-18,84406B,123,0,12,111
2024-12-19,84406B,111,0,14,97
2024-12-20,84406B,97,0,13,84
2024-12-21,84406B,84,185,15,254
2024-12-22,84406B,254,0,15,239
2024-12-23,84406B,239,0,11,228
2024-12-24,84406B,228,0,12,216
2024-12-25,84406B,216,0,13,203
2024-12-26,84406B,203,0,12,191
2024-12-27,84406B,191,0,14,177
2024-12-28,84406B,177,0,15,162
2024-12-29,84406B,162,0,14,148
2024-12-30,84406B,148,0,11,137
2024-12-31,84406B,137,0,13,124
2025-01-01,84406B,124,0,14,110
2025-01-02,84406B,110,0,12,98
2025-01-03,84406B,98,0,14,84
2025-01-04,84406B,84,190,16,258
2025-01-05,84406B,258,0,15,243
2025-01-06,84406B,243,0,11,232
2025-01-07,84406B,232,0,13,219
2025-01-08,84406B,219,0,12,207
2025-01-09,84406B,207,0,13,194
2025-01-10,84406B,194,0,15,179
2025-01-11,84406B,179,0,16,163
2025-01-12,84406B,163,0,15,148
2025-01-13,84406B,148,0,13,135
2025-01-14,84406B,135,0,12,123
2025-01-15,84406B,123,0,14,109
2025-01-16,84406B,109,0,12,97
2025-01-17,84406B,97,0,13,84
2025-01-18,84406B,84,196,17,263
2025-01-19,84406B,263,0,16,247
2025-01-20,84406B,247,0,13,234
2025-01-21,84406B,234,0,12,222
2025-01-22,84406B,222,0,13,209
2025-01-23,84406B,209,0,14,195
2025-01-24,84406B,195,0,14,181
2025-01-25,84406B,181,0,16,165
2025-01-26,84406B,165,0,14,151
2025-01-27,84406B,151,0,12,139
2025-01-28,84406B,139,0,14,125
2025-01-29,84406B,125,0,12,113
2025-01-30,84406B,113,0,14,99
2025-01-31,84406B,99,0,15,84
2025-02-01,84406B,84,196,15,265
2025-02-02,84406B,265,0,16,249
2025-02-03,84406B,249,0,12,237
2025-02-04,84406B,237,0,14,223
2025-02-05,84406B,223,0,14,209
2025-02-06,84406B,209,0,14,195
2025-02-07,84406B,195,0,15,180
2025-02-08,84406B,180,0,17,163
2025-02-09,84406B,163,0,14,149
2025-02-10,84406B,149,0,13,136
2025-02-11,84406B,136,0,13,123
2025-02-12,84406B,123,0,12,111
2025-02-13,84406B,111,0,12,99
2025-02-14,84406B,99,0,15,84
2025-02-15,84406B,84,196,16,264
2025-02-16,84406B,264,0,14,250
2025-02-17,84406B,250,0,12,238
2025-02-18,84406B,238,0,13,225
2025-02-19,84406B,225,0,13,212
2025-02-20,84406B,212,0,13,199
2025-02-21,84406B,199,0,15,184
2025-02-22,84406B,184,0,17,167
2025-02-23,84406B,167,0,16,151
2025-02-24,84406B,151,0,13,138
2025-02-25,84406B,138,0,13,125
2025-02-26,84406B,125,0,13,112
2025-02-27,84406B,112,0,14,98
2025-02-28,84406B,98,0,14,84
2025-03-01,84406B,84,187,17,254
2025-03-02,84406B,254,0,15,239
2025-03-03,84406B,239,0,11,228
2025-03-04,84406B,228,0,12,216
2025-03-05,84406B,216,0,12,204
2025-03-06,84406B,204,0,12,192
2025-03-07,84406B,192,0,14,178
2025-03-08,84406B,178,0,15,163
2025-03-09,84406B,163,0,14,149
2025-03-10,84406B,149,0,12,137
2025-03-11,84406B,137,0,13,124
2025-03-12,84406B,124,0,12,112
2025-03-13,84406B,112,0,14,98
2025-03-14,84406B,98,0,14,84
2025-03-15,84406B,84,183,16,251
2025-03-16,84406B,251,0,14,237
2025-03-17,84406B,237,0,12,225
2025-03-18,84406B,225,0,12,213
2025-03-19,84406B,213,0,13,200
2025-03-20,84406B,200,0,13,187
2025-03-21,84406B,187,0,13,174
2025-03-22,84406B,174,0,15,159
2025-03-23,84406B,159,0,15,144
2025-03-24,84406B,144,0,12,132
2025-03-25,84406B,132,0,11,121
2025-03-26,84406B,121,0,12,109
2025-03-27,84406B,109,0,12,97
2025-03-28,84406B,97,0,13,84
2025-03-29,84406B,84,189,16,257
2025-03-30,84406B,257,0,16,241
2025-03-31,84406B,241,0,12,229
2025-04-01,84406B,229,0,11,218
2025-04-02,84406B,218,0,11,207
2025-04-03,84406B,207,0,12,195
2025-04-04,84406B,195,0,14,181
2025-04-05,84406B,181,0,16,165
2025-04-06,84406B,165,0,15,150
2025-04-07,84406B,150,0,13,137
2025-04-08,84406B,137,0,13,124
2025-04-09,84406B,124,0,12,112
2025-04-10,84406B,112,0,13,99
2025-04-11,84406B,99,0,15,84
2025-04-12,84406B,84,185,15,254
2025-04-13,84406B,254,0,16,238
2025-04-14,84406B,238,0,12,226
2025-04-15,84406B,226,0,11,215
2025-04-16,84406B,215,0,12,203
2025-04-17,84406B,203,0,12,191
2025-04-18,84406B,191,0,15,176
2025-04-19,84406B,176,0,14,162
2025-04-20,84406B,162,0,15,147
2025-04-21,84406B,147,0,12,135
2025-04-22,84406B,135,0,12,123
2025-04-23,84406B,123,0,13,110
2025-04-24,84406B,110,0,13,97
2025-04-25,84406B,97,0,13,84
2025-04-26,84406B,84,0,14,70
2025-04-27,84406B,70,194,14,250
2025-04-28,84406B,250,0,12,238
2025-04-29,84406B,238,0,13,225
2025-04-30,84406B,225,0,12,213
2025-05-01,84406B,213,0,13,200
2025-05-02,84406B,200,0,13,187
2025-05-03,84406B,187,0,14,173
2025-05-04,84406B,173,0,15,158
2025-05-05,84406B,158,0,11,147
2025-05-06,84406B,147,0,11,136
2025-05-07,84406B,136,0,11,125
2025-05-08,84406B,125,0,13,112
2025-05-09,84406B,112,0,12,100
2025-05-10,84406B,100,0,16,84
2025-05-11,84406B,84,0,14,70
2025-05-12,84406B,70,195,13,252
2025-05-13,84406B,252,0,11,241
2025-05-14,84406B,241,0,12,229
2025-05-15,84406B,229,0,13,216
2025-05-16,84406B,216,0,13,203
2025-05-17,84406B,203,0,16,187
2025-05-18,84406B,187,0,13,174
2025-05-19,84406B,174,0,13,161
2025-05-20,84406B,161,0,11,150
2025-05-21,84406B,150,0,12,138
2025-05-22,84406B,138,0,12,126
2025-05-23,84406B,126,0,13,113
2025-05-24,84406B,113,0,14,99
2025-05-25,84406B,99,0,15,84
2025-05-26,84406B,84,0,12,72
2025-05-27,84406B,72,202,13,261
2025-05-28,84406B,261,0,12,249
2025-05-29,84406B,249,0,14,235
2025-05-30,84406B,235,0,15,220
2025-05-31,84406B,220,0,16,204
2025-06-01,84406B,204,0,16,188
2025-06-02,84406B,188,0,11,177
2025-06-03,84406B,177,0,12,165
2025-06-04,84406B,165,0,11,154
2025-06-05,84406B,154,0,14,140
2025-06-06,84406B,140,0,14,126
2025-06-07,84406B,126,0,16,110
2025-06-08,84406B,110,0,14,96
2025-06-09,84406B,96,0,12,84
2025-06-10,84406B,84,0,12,72
2025-06-11,84406B,72,193,13,252
2025-06-12,84406B,252,0,13,239
2025-06-13,84406B,239,0,14,225
2025-06-14,84406B,225,0,15,210
2025-06-15,84406B,210,0,14,196
2025-06-16,84406B,196,0,11,185
2025-06-17,84406B,185,0,12,173
2025-06-18,84406B,173,0,14,159
2025-06-19,84406B,159,0,12,147
2025-06-20,84406B,147,0,13,134
2025-06-21,84406B,134,0,15,119
2025-06-22,84406B,119,0,14,105
2025-06-23,84406B,105,0,10,95
2025-06-24,84406B,95,0,11,84
2025-06-25,84406B,84,0,11,73
2025-06-26,84406B,73,199,13,259
2025-06-27,84406B,259,0,15,244
2025-06-28,84406B,244,0,16,228
2025-06-29,84406B,228,0,16,212
2025-06-30,84406B,212,0,11,201
2025-07-01,84406B,201,0,12,189
2025-07-02,84406B,189,0,13,176
2025-07-03,84406B,176,0,13,163
2025-07-04,84406B,163,0,14,149
2025-07-05,84406B,149,0,15,134
2025-07-06,84406B,134,0,15,119
2025-07-07,84406B,119,0,11,108
2025-07-08,84406B,108,0,11,97
2025-07-09,84406B,97,0,13,84
2025-07-10,84406B,84,0,14,70
2025-07-11,84406B,70,203,14,259
2025-07-12,84406B,259,0,16,243
2025-07-13,84406B,243,0,14,229
2025-07-14,84406B,229,0,13,216
2025-07-15,84406B,216,0,13,203
2025-07-16,84406B,203,0,13,190
2025-07-17,84406B,190,0,12,178
2025-07-18,84406B,178,0,15,163
2025-07-19,84406B,163,0,15,148
2025-07-20,84406B,148,0,15,133
2025-07-21,84406B,133,0,12,121
2025-07-22,84406B,121,0,13,108
2025-07-23,84406B,108,0,12,96
2025-07-24,84406B,96,0,12,84
2025-07-25,84406B,84,0,14,70
2025-07-26,84406B,70,211,16,265
2025-07-27,84406B,265,0,15,250
2025-07-28,84406B,250,0,11,239
2025-07-29,84406B,239,0,13,226
2025-07-30,84406B,226,0,12,214
2025-07-31,84406B,214,0,15,199
2025-08-01,84406B,199,0,16,183
2025-08-02,84406B,183,0,16,167
2025-08-03,84406B,167,0,16,151
2025-08-04,84406B,151,0,12,139
2025-08-05,84406B,139,0,13,126
2025-08-06,84406B,126,0,14,112
2025-08-07,84406B,112,0,13,99
2025-08-08,84406B,99,0,15,84
2025-08-09,84406B,84,202,17,269
2025-08-10,84406B,269,0,15,254
2025-08-11,84406B,254,0,12,242
2025-08-12,84406B,242,0,14,228
2025-08-13,84406B,228,0,14,214
2025-08-14,84406B,214,0,13,201
2025-08-15,84406B,201,0,15,186
2025-08-16,84406B,186,0,16,170
2025-08-17,84406B,170,0,16,154
2025-08-18,84406B,154,0,14,140
2025-08-19,84406B,140,0,14,126
2025-08-20,84406B,126,0,13,113
2025-08-21,84406B,113,0,14,99
2025-08-22,84406B,99,0,15,84
2025-08-23,84406B,84,203,16,271
2025-08-24,84406B,271,0,16,255
2025-08-25,84406B,255,0,12,243
2025-08-26,84406B,243,0,13,230
2025-08-27,84406B,230,0,13,217
2025-08-28,84406B,217,0,14,203
2025-08-29,84406B,203,0,15,188
2025-08-30,84406B,188,0,18,170
2025-08-31,84406B,170,0,16,154
2025-09-01,84406B,154,0,13,141
2025-09-02,84406B,141,0,13,128
2025-09-03,84406B,128,0,13,115
2025-09-04,84406B,115,0,15,100
2025-09-05,84406B,100,0,16,84
2025-09-06,84406B,84,210,18,276
2025-09-07,84406B,276,0,17,259
2025-09-08,84406B,259,0,13,246
2025-09-09,84406B,246,0,14,232
2025-09-10,84406B,232,0,15,217
2025-09-11,84406B,217,0,14,203
2025-09-12,84406B,203,0,16,187
2025-09-13,84406B,187,0,17,170
2025-09-14,84406B,170,0,15,155
2025-09-15,84406B,155,0,13,142
2025-09-16,84406B,142,0,14,128
2025-09-17,84406B,128,0,14,114
2025-09-18,84406B,114,0,15,99
2025-09-19,84406B,99,0,15,84
2025-09-20,84406B,84,216,17,283
2025-09-21,84406B,283,0,18,265
2025-09-22,84406B,265,0,14,251
2025-09-23,84406B,251,0,13,238
2025-09-24,84406B,238,0,14,224
2025-09-25,84406B,224,0,16,208
2025-09-26,84406B,208,0,16,192
2025-09-27,84406B,192,0,17,175
2025-09-28,84406B,175,0,17,158
2025-09-29,84406B,158,0,13,145
2025-09-30,84406B,145,0,14,131
2025-10-01,84406B,131,0,15,116
2025-10-02,84406B,116,0,15,101
2025-10-03,84406B,101,0,17,84
2025-10-04,84406B,84,218,18,284
2025-10-05,84406B,284,0,18,266
2025-10-06,84406B,266,0,13,253
2025-10-07,84406B,253,0,13,240
2025-10-08,84406B,240,0,15,225
2025-10-09,84406B,225,0,14,211
2025-10-10,84406B,211,0,16,195
2025-10-11,84406B,195,0,19,176
2025-10-12,84406B,176,0,17,159
2025-10-13,84406B,159,0,13,146
2025-10-14,84406B,146,0,14,132
2025-10-15,84406B,132,0,16,116
2025-10-16,84406B,116,0,16,100
2025-10-17,84406B,100,0,16,84
2025-10-18,84406B,84,222,17,289
2025-10-19,84406B,289,0,19,270
2025-10-20,84406B,270,0,14,256
2025-10-21,84406B,256,0,14,242
2025-10-22,84406B,242,0,14,228
2025-10-23,84406B,228,0,15,213
2025-10-24,84406B,213,0,17,196
2025-10-25,84406B,196,0,19,177
2025-10-26,84406B,177,0,17,160
2025-10-27,84406B,160,0,13,147
2025-10-28,84406B,147,0,15,132
2025-10-29,84406B,132,0,15,117
2025-10-30,84406B,117,0,16,101
2025-10-31,84406B,101,0,17,84
2025-11-01,84406B,84,232,19,297
2025-11-02,84406B,297,0,19,278
2025-11-03,84406B,278,0,14,264
2025-11-04,84406B,264,0,15,249
2025-11-05,84406B,249,0,16,233
2025-11-06,84406B,233,0,15,218
2025-11-07,84406B,218,0,17,201
2025-11-08,84406B,201,0,20,181
2025-11-09,84406B,181,0,18,163
2025-11-10,84406B,163,0,15,148
2025-11-11,84406B,148,0,16,132
2025-11-12,84406B,132,0,14,118
2025-11-13,84406B,118,0,17,101
2025-11-14,84406B,101,0,17,84
2025-11-15,84406B,84,229,18,295
2025-11-16,84406B,295,0,19,276
2025-11-17,84406B,276,0,16,260
2025-11-18,84406B,260,0,14,246
2025-11-19,84406B,246,0,17,229
2025-11-20,84406B,229,0,17,212
2025-11-21,84406B,212,0,17,195
2025-11-22,84406B,195,0,19,176
2025-11-23,84406B,176,0,18,158
2025-11-24,84406B,158,0,14,144
2025-11-25,84406B,144,0,14,130
2025-11-26,84406B,130,0,15,115
2025-11-27,84406B,115,0,15,100
2025-11-28,84406B,100,0,16,84
2025-11-29,84406B,84,238,20,302
2025-11-30,84406B,302,0,19,283
2025-12-01,84406B,283,0,15,268
2025-12-02,84406B,268,0,16,252
2025-12-03,84406B,252,0,17,235
2025-12-04,84406B,235,0,16,219
2025-12-05,84406B,219,0,18,201
2025-12-06,84406B,201,0,20,181
2025-12-07,84406B,181,0,18,163
2025-12-08,84406B,163,0,14,149
2025-12-09,84406B,149,0,16,133
2025-12-10,84406B,133,0,16,117
2025-12-11,84406B,117,0,16,101
2025-12-12,84406B,101,0,17,84
2025-12-13,84406B,84,233,21,296
2025-12-14,84406B,296,0,17,279
2025-12-15,84406B,279,0,14,265
2025-12-16,84406B,265,0,14,251
2025-12-17,84406B,251,0,17,234
2025-12-18,84406B,234,0,17,217
2025-12-19,84406B,217,0,17,200
2025-12-20,84406B,200,0,19,181
2025-12-21,84406B,181,0,18,163
2025-12-22,84406B,163,0,15,148
2025-12-23,84406B,148,0,16,132
2025-12-24,84406B,132,0,15,117
2025-12-25,84406B,117,0,17,100
2025-12-26,84406B,100,0,16,84
2025-12-27,84406B,84,240,21,303
2025-12-28,84406B,303,0,19,284
2025-12-29,84406B,284,0,15,269
2025-12-30,84406B,269,0,15,254
2025-12-31,84406B,254,0,16,238
2026-01-01,84406B,238,0,16,222
2026-01-02,84406B,222,0,18,204
2026-01-03,84406B,204,0,19,185
2026-01-04,84406B,185,0,19,166
2026-01-05,84406B,166,0,15,151
2026-01-06,84406B,151,0,16,135
2026-01-07,84406B,135,0,16,119
2026-01-08,84406B,119,0,17,102
2026-01-09,84406B,102,0,18,84
2026-01-10,84406B,84,235,20,299
2026-01-11,84406B,299,0,18,281
2026-01-12,84406B,281,0,15,266
2026-01-13,84406B,266,0,14,252
2026-01-14,84406B,252,0,16,236
2026-01-15,84406B,236,0,15,221
2026-01-16,84406B,221,0,17,204
2026-01-17,84406B,204,0,20,184
2026-01-18,84406B,184,0,19,165
2026-01-19,84406B,165,0,16,149
2026-01-20,84406B,149,0,15,134
2026-01-21,84406B,134,0,17,117
2026-01-22,84406B,117,0,17,100
2026-01-23,84406B,100,0,16,84
2026-01-24,84406B,84,239,20,303
2026-01-25,84406B,303,0,20,283
2026-01-26,84406B,283,0,16,267
2026-01-27,84406B,267,0,15,252
2026-01-28,84406B,252,0,17,235
2026-01-29,84406B,235,0,16,219
2026-01-30,84406B,219,0,18,201
2026-01-31,84406B,201,0,20,181
2026-02-01,84406B,181,0,17,164
2026-02-02,84406B,164,0,14,150
2026-02-03,84406B,150,0,15,135
2026-02-04,84406B,135,0,17,118
2026-02-05,84406B,118,0,16,102
2026-02-06,84406B,102,0,18,84
2026-02-07,84406B,84,235,19,300
2026-02-08,84406B,300,0,18,282
2026-02-09,84406B,282,0,15,267
2026-02-10,84406B,267,0,15,252
2026-02-11,84406B,252,0,16,236
2026-02-12,84406B,236,0,17,219
2026-02-13,84406B,219,0,18,201
2026-02-14,84406B,201,0,18,183
2026-02-15,84406B,183,0,18,165
2026-02-16,84406B,165,0,15,150
2026-02-17,84406B,150,0,16,134
2026-02-18,84406B,134,0,16,118
2026-02-19,84406B,118,0,16,102
2026-02-20,84406B,102,0,18,84
2026-02-21,84406B,84,232,19,297
2026-02-22,84406B,297,0,19,278
2026-02-23,84406B,278,0,14,264
2026-02-24,84406B,264,0,16,248
2026-02-25,84406B,248,0,15,233
2026-02-26,84406B,233,0,17,216
2026-02-27,84406B,216,0,17,199
2026-02-28,84406B,199,0,20,179
2026-03-01,84406B,179,0,17,162
2026-03-02,84406B,162,0,14,148
2026-03-03,84406B,148,0,16,132
2026-03-04,84406B,132,0,14,118
2026-03-05,84406B,118,0,17,101
2026-03-06,84406B,101,0,17,84
2026-03-07,84406B,84,227,19,292
2026-03-08,84406B,292,0,17,275
2026-03-09,84406B,275,0,15,260
2026-03-10,84406B,260,0,16,244
2026-03-11,84406B,244,0,14,230
2026-03-12,84406B,230,0,17,213
2026-03-13,84406B,213,0,16,197
2026-03-14,84406B,197,0,18,179
2026-03-15,84406B,179,0,17,162
2026-03-16,84406B,162,0,16,146
2026-03-17,84406B,146,0,15,131
2026-03-18,84406B,131,0,14,117
2026-03-19,84406B,117,0,15,102
2026-03-20,84406B,102,0,18,84
2026-03-21,84406B,84,225,20,289
2026-03-22,84406B,289,0,18,271
2026-03-23,84406B,271,0,15,256
2026-03-24,84406B,256,0,14,242
2026-03-25,84406B,242,0,15,227
2026-03-26,84406B,227,0,14,213
2026-03-27,84406B,213,0,16,197
2026-03-28,84406B,197,0,18,179
2026-03-29,84406B,179,0,19,160
2026-03-30,84406B,160,0,13,147
2026-03-31,84406B,147,0,15,132
2026-04-01,84406B,132,0,16,116
2026-04-02,84406B,116,0,15,101
2026-04-03,84406B,101,0,17,84
2026-04-04,84406B,84,230,18,296
2026-04-05,84406B,296,0,19,277
2026-04-06,84406B,277,0,13,264
2026-04-07,84406B,264,0,16,248
2026-04-08,84406B,248,0,15,233
2026-04-09,84406B,233,0,16,217
2026-04-10,84406B,217,0,18,199
2026-04-11,84406B,199,0,19,180
2026-04-12,84406B,180,0,17,163
2026-04-13,84406B,163,0,15,148
2026-04-14,84406B,148,0,15,133
2026-04-15,84406B,133,0,15,118
2026-04-16,84406B,118,0,17,101
2026-04-17,84406B,101,0,17,84
2026-04-18,84406B,84,229,20,293
2026-04-19,84406B,293,0,17,276
2026-04-20,84406B,276,0,15,261
2026-04-21,84406B,261,0,15,246
2026-04-22,84406B,246,0,16,230
2026-04-23,84406B,230,0,16,214
2026-04-24,84406B,214,0,16,198
2026-04-25,84406B,198,0,19,179
2026-04-26,84406B,179,0,18,161
2026-04-27,84406B,161,0,15,146
2026-04-28,84406B,146,0,14,132
2026-04-29,84406B,132,0,16,116
2026-04-30,84406B,116,0,15,101
2026-05-01,84406B,101,0,17,84
2026-05-02,84406B,84,221,18,287
2026-05-03,84406B,287,0,18,269
2026-05-04,84406B,269,0,14,255
2026-05-05,84406B,255,0,15,240
2026-05-06,84406B,240,0,15,225
2026-05-07,84406B,225,0,15,210
2026-05-08,84406B,210,0,16,194
2026-05-09,84406B,194,0,19,175
2026-05-10,84406B,175,0,17,158
2026-05-11,84406B,158,0,14,144
2026-05-12,84406B,144,0,14,130
2026-05-13,84406B,130,0,14,116
2026-05-14,84406B,116,0,16,100
2026-05-15,84406B,100,0,16,84
2026-05-16,84406B,84,219,18,285
2026-05-17,84406B,285,0,17,268
2026-05-18,84406B,268,0,14,254
2026-05-19,84406B,254,0,14,240
2026-05-20,84406B,240,0,14,226
2026-05-21,84406B,226,0,15,211
2026-05-22,84406B,211,0,15,196
2026-05-23,84406B,196,0,20,176
2026-05-24,84406B,176,0,18,158
2026-05-25,84406B,158,0,13,145
2026-05-26,84406B,145,0,14,131
2026-05-27,84406B,131,0,15,116
2026-05-28,84406B,116,0,16,100
2026-05-29,84406B,100,0,16,84
2026-05-30,84406B,84,219,17,286
2026-05-31,84406B,286,0,18,268
2026-06-01,84406B,268,0,14,254
2026-06-02,84406B,254,0,14,240
2026-06-03,84406B,240,0,14,226
2026-06-04,84406B,226,0,15,211
2026-06-05,84406B,211,0,15,196
2026-06-06,84406B,196,0,19,177
2026-06-07,84406B,177,0,16,161
2026-06-08,84406B,161,0,14,147
2026-06-09,84406B,147,0,14,133
2026-06-10,84406B,133,0,16,117
2026-06-11,84406B,117,0,16,101
2026-06-12,84406B,101,0,17,84
2026-06-13,84406B,84,223,18,289
2026-06-14,84406B,289,0,17,272
2026-06-15,84406B,272,0,13,259
2026-06-16,84406B,259,0,13,246
2026-06-17,84406B,246,0,15,231
2026-06-18,84406B,231,0,15,216
2026-06-19,84406B,216,0,17,199
2026-06-20,84406B,199,0,20,179
2026-06-21,84406B,179,0,17,162
2026-06-22,84406B,162,0,15,147
2026-06-23,84406B,147,0,15,132
2026-06-24,84406B,132,0,15,117
2026-06-25,84406B,117,0,15,102
2026-06-26,84406B,102,0,18,84
2026-06-27,84406B,84,232,18,298
2026-06-28,84406B,298,0,19,279
2026-06-29,84406B,279,0,15,264
2026-06-30,84406B,264,0,15,249
2026-07-01,84406B,249,0,16,233
2026-07-02,84406B,233,0,15,218
2026-07-03,84406B,218,0,18,200
2026-07-04,84406B,200,0,19,181
2026-07-05,84406B,181,0,18,163
2026-07-06,84406B,163,0,15,148
2026-07-07,84406B,148,0,14,134
2026-07-08,84406B,134,0,16,118
2026-07-09,84406B,118,0,16,102
2026-07-10,84406B,102,0,18,84
2026-07-11,84406B,84,230,18,296
2026-07-12,84406B,296,0,19,277
2026-07-13,84406B,277,0,15,262
2026-07-14,84406B,262,0,14,248
2026-07-15,84406B,248,0,16,232
2026-07-16,84406B,232,0,17,215
2026-07-17,84406B,215,0,16,199
2026-07-18,84406B,199,0,19,180
2026-07-19,84406B,180,0,19,161
2026-07-20,84406B,161,0,13,148
2026-07-21,84406B,148,0,15,133
2026-07-22,84406B,133,0,17,116
2026-07-23,84406B,116,0,16,100
2026-07-24,84406B,100,0,16,84
2026-07-25,84406B,84,229,20,293
2026-07-26,84406B,293,0,18,275
2026-07-27,84406B,275,0,15,260
2026-07-28,84406B,260,0,15,245
2026-07-29,84406B,245,0,15,230
2026-07-30,84406B,230,0,17,213
2026-07-31,84406B,213,0,17,196
2026-08-01,84406B,196,0,18,178
2026-08-02,84406B,178,0,17,161
2026-08-03,84406B,161,0,14,147
2026-08-04,84406B,147,0,15,132
2026-08-05,84406B,132,0,16,116
2026-08-06,84406B,116,0,16,100
2026-08-07,84406B,100,0,16,84
2026-08-08,84406B,84,237,19,302
2026-08-09,84406B,302,0,18,284
2026-08-10,84406B,284,0,16,268
2026-08-11,84406B,268,0,15,253
2026-08-12,84406B,253,0,16,237
2026-08-13,84406B,237,0,17,220
2026-08-14,84406B,220,0,19,201
2026-08-15,84406B,201,0,19,182
2026-08-16,84406B,182,0,19,163
2026-08-17,84406B,163,0,14,149
2026-08-18,84406B,149,0,14,135
2026-08-19,84406B,135,0,15,120
2026-08-20,84406B,120,0,18,102
2026-08-21,84406B,102,0,18,84
2026-08-22,84406B,84,40,21,103
2026-08-23,84406B,103,0,19,84
2026-08-24,84406B,84,338,16,406
2026-08-25,84406B,406,0,16,390
2026-08-26,84406B,390,0,16,374
2026-08-27,84406B,374,0,16,358
2026-08-28,84406B,358,0,18,340
2026-08-29,84406B,340,0,20,320
2026-08-30,84406B,320,0,19,301
2026-08-31,84406B,301,0,16,285
2026-09-01,84406B,285,0,17,268
2026-09-02,84406B,268,0,16,252
2026-09-03,84406B,252,0,18,234
2026-09-04,84406B,234,0,17,217
2026-09-05,84406B,217,0,21,196
2026-09-06,84406B,196,0,18,178
2026-09-07,84406B,178,0,14,164
2026-09-08,84406B,164,0,16,148
2026-09-09,84406B,148,0,17,131
2026-09-10,84406B,131,0,18,113
2026-09-11,84406B,113,0,19,94
2026-09-12,84406B,94,0,22,72
2026-09-13,84406B,72,0,19,53
2024-09-14,84029G,516,0,20,496
2024-09-15,84029G,496,0,19,477
2024-09-16,84029G,477,0,17,460
2024-09-17,84029G,460,0,16,444
2024-09-18,84029G,444,0,16,428
2024-09-19,84029G,428,0,17,411
2024-09-20,84029G,411,0,19,392
2024-09-21,84029G,392,0,21,371
2024-09-22,84029G,371,0,21,350
2024-09-23,84029G,350,0,16,334
2024-09-24,84029G,334,0,16,318
2024-09-25,84029G,318,0,18,300
2024-09-26,84029G,300,0,17,283
2024-09-27,84029G,283,0,19,264
2024-09-28,84029G,264,0,22,242
2024-09-29,84029G,242,0,20,222
2024-09-30,84029G,222,0,16,206
2024-10-01,84029G,206,0,17,189
2024-10-02,84029G,189,0,16,173
2024-10-03,84029G,173,0,18,155
2024-10-04,84029G,155,0,19,136
2024-10-05,84029G,136,0,23,113
2024-10-06,84029G,113,0,19,94
2024-10-07,84029G,94,270,17,347
2024-10-08,84029G,347,0,16,331
2024-10-09,84029G,331,0,19,312
2024-10-10,84029G,312,0,18,294
2024-10-11,84029G,294,0,19,275
2024-10-12,84029G,275,0,22,253
2024-10-13,84029G,253,0,21,232
2024-10-14,84029G,232,0,16,216
2024-10-15,84029G,216,0,17,199
2024-10-16,84029G,199,0,17,182
2024-10-17,84029G,182,0,19,163
2024-10-18,84029G,163,0,19,144
2024-10-19,84029G,144,0,21,123
2024-10-20,84029G,123,0,21,102
2024-10-21,84029G,102,0,16,86
2024-10-22,84029G,86,281,18,349
2024-10-23,84029G,349,0,18,331
2024-10-24,84029G,331,0,18,313
2024-10-25,84029G,313,0,20,293
2024-10-26,84029G,293,0,21,272
2024-10-27,84029G,272,0,21,251
2024-10-28,84029G,251,0,17,234
2024-10-29,84029G,234,0,17,217
2024-10-30,84029G,217,0,18,199
2024-10-31,84029G,199,0,18,181
2024-11-01,84029G,181,0,19,162
2024-11-02,84029G,162,0,22,140
2024-11-03,84029G,140,0,21,119
2024-11-04,84029G,119,0,17,102
2024-11-05,84029G,102,0,17,85
2024-11-06,84029G,85,286,17,354
2024-11-07,84029G,354,0,19,335
2024-11-08,84029G,335,0,21,314
2024-11-09,84029G,314,0,22,292
2024-11-10,84029G,292,0,21,271
2024-11-11,84029G,271,0,18,253
2024-11-12,84029G,253,0,17,236
2024-11-13,84029G,236,0,18,218
2024-11-14,84029G,218,0,17,201
2024-11-15,84029G,201,0,20,181
2024-11-16,84029G,181,0,22,159
2024-11-17,84029G,159,0,22,137
2024-11-18,84029G,137,0,17,120
2024-11-19,84029G,120,0,18,102
2024-11-20,84029G,102,276,19,359
2024-11-21,84029G,359,0,19,340
2024-11-22,84029G,340,0,21,319
2024-11-23,84029G,319,0,24,295
2024-11-24,84029G,295,0,22,273
2024-11-25,84029G,273,0,16,257
2024-11-26,84029G,257,0,17,240
2024-11-27,84029G,240,0,19,221
2024-11-28,84029G,221,0,19,202
2024-11-29,84029G,202,0,21,181
2024-11-30,84029G,181,0,21,160
2024-12-01,84029G,160,0,21,139
2024-12-02,84029G,139,0,18,121
2024-12-03,84029G,121,0,19,102
2024-12-04,84029G,102,272,18,356
2024-12-05,84029G,356,0,18,338
2024-12-06,84029G,338,0,19,319
2024-12-07,84029G,319,0,22,297
2024-12-08,84029G,297,0,23,274
2024-12-09,84029G,274,0,17,257
2024-12-10,84029G,257,0,18,239
2024-12-11,84029G,239,0,18,221
2024-12-12,84029G,221,0,19,202
2024-12-13,84029G,202,0,19,183
2024-12-14,84029G,183,0,23,160
2024-12-15,84029G,160,0,23,137
2024-12-16,84029G,137,0,17,120
2024-12-17,84029G,120,0,18,102
2024-12-18,84029G,102,0,17,85
2024-12-19,84029G,85,288,18,355
2024-12-20,84029G,355,0,19,336
2024-12-21,84029G,336,0,23,313
2024-12-22,84029G,313,0,23,290
2024-12-23,84029G,290,0,17,273
2024-12-24,84029G,273,0,17,256
2024-12-25,84029G,256,0,19,237
2024-12-26,84029G,237,0,20,217
2024-12-27,84029G,217,0,20,197
2024-12-28,84029G,197,0,24,173
2024-12-29,84029G,173,0,20,153
2024-12-30,84029G,153,0,16,137
2024-12-31,84029G,137,0,16,121
2025-01-01,84029G,121,0,19,102
2025-01-02,84029G,102,272,19,355
2025-01-03,84029G,355,0,21,334
2025-01-04,84029G,334,0,24,310
2025-01-05,84029G,310,0,21,289
2025-01-06,84029G,289,0,17,272
2025-01-07,84029G,272,0,18,254
2025-01-08,84029G,254,0,18,236
2025-01-09,84029G,236,0,18,218
2025-01-10,84029G,218,0,21,197
2025-01-11,84029G,197,0,23,174
2025-01-12,84029G,174,0,22,152
2025-01-13,84029G,152,0,17,135
2025-01-14,84029G,135,0,16,119
2025-01-15,84029G,119,0,17,102
2025-01-16,84029G,102,266,19,349
2025-01-17,84029G,349,0,20,329
2025-01-18,84029G,329,0,23,306
2025-01-19,84029G,306,0,21,285
2025-01-20,84029G,285,0,18,267
2025-01-21,84029G,267,0,18,249
2025-01-22,84029G,249,0,18,231
2025-01-23,84029G,231,0,17,214
2025-01-24,84029G,214,0,19,195
2025-01-25,84029G,195,0,23,172
2025-01-26,84029G,172,0,20,152
2025-01-27,84029G,152,0,16,136
2025-01-28,84029G,136,0,16,120
2025-01-29,84029G,120,0,18,102
2025-01-30,84029G,102,266,18,350
2025-01-31,84029G,350,0,19,331
2025-02-01,84029G,331,0,22,309
2025-02-02,84029G,309,0,22,287
2025-02-03,84029G,287,0,18,269
2025-02-04,84029G,269,0,17,252
2025-02-05,84029G,252,0,17,235
2025-02-06,84029G,235,0,19,216
2025-02-07,84029G,216,0,20,196
2025-02-08,84029G,196,0,22,174
2025-02-09,84029G,174,0,21,153
2025-02-10,84029G,153,0,16,137
2025-02-11,84029G,137,0,17,120
2025-02-12,84029G,120,0,18,102
2025-02-13,84029G,102,265,19,348
2025-02-14,84029G,348,0,20,328
2025-02-15,84029G,328,0,23,305
2025-02-16,84029G,305,0,21,284
2025-02-17,84029G,284,0,15,269
2025-02-18,84029G,269,0,17,252
2025-02-19,84029G,252,0,19,233
2025-02-20,84029G,233,0,17,216
2025-02-21,84029G,216,0,20,196
2025-02-22,84029G,196,0,21,175
2025-02-23,84029G,175,0,22,153
2025-02-24,84029G,153,0,16,137
2025-02-25,84029G,137,0,17,120
2025-02-26,84029G,120,0,18,102
2025-02-27,84029G,102,254,19,337
2025-02-28,84029G,337,0,19,318
2025-03-01,84029G,318,0,21,297
2025-03-02,84029G,297,0,21,276
2025-03-03,84029G,276,0,17,259
2025-03-04,84029G,259,0,17,242
2025-03-05,84029G,242,0,16,226
2025-03-06,84029G,226,0,18,208
2025-03-07,84029G,208,0,18,190
2025-03-08,84029G,190,0,21,169
2025-03-09,84029G,169,0,19,150
2025-03-10,84029G,150,0,16,134
2025-03-11,84029G,134,0,16,118
2025-03-12,84029G,118,0,16,102
2025-03-13,84029G,102,252,19,335
2025-03-14,84029G,335,0,18,317
2025-03-15,84029G,317,0,20,297
2025-03-16,84029G,297,0,20,277
2025-03-17,84029G,277,0,16,261
2025-03-18,84029G,261,0,17,244
2025-03-19,84029G,244,0,16,228
2025-03-20,84029G,228,0,16,212
2025-03-21,84029G,212,0,18,194
2025-03-22,84029G,194,0,21,173
2025-03-23,84029G,173,0,21,152
2025-03-24,84029G,152,0,17,135
2025-03-25,84029G,135,0,17,118
2025-03-26,84029G,118,0,16,102
2025-03-27,84029G,102,0,17,85
2025-03-28,84029G,85,262,18,329
2025-03-29,84029G,329,0,21,308
2025-03-30,84029G,308,0,19,289
2025-03-31,84029G,289,0,15,274
2025-04-01,84029G,274,0,16,258
2025-04-02,84029G,258,0,17,241
2025-04-03,84029G,241,0,16,225
2025-04-04,84029G,225,0,19,206
2025-04-05,84029G,206,0,20,186
2025-04-06,84029G,186,0,21,165
2025-04-07,84029G,165,0,14,151
2025-04-08,84029G,151,0,17,134
2025-04-09,84029G,134,0,16,118
2025-04-10,84029G,118,0,16,102
2025-04-11,84029G,102,245,19,328
2025-04-12,84029G,328,0,20,308
2025-04-13,84029G,308,0,21,287
2025-04-14,84029G,287,0,15,272
2025-04-15,84029G,272,0,16,256
2025-04-16,84029G,256,0,16,240
2025-04-17,84029G,240,0,17,223
2025-04-18,84029G,223,0,19,204
2025-04-19,84029G,204,0,19,185
2025-04-20,84029G,185,0,20,165
2025-04-21,84029G,165,0,16,149
2025-04-22,84029G,149,0,15,134
2025-04-23,84029G,134,0,16,118
2025-04-24,84029G,118,0,16,102
2025-04-25,84029G,102,244,19,327
2025-04-26,84029G,327,0,20,307
2025-04-27,84029G,307,0,18,289
2025-04-28,84029G,289,0,16,273
2025-04-29,84029G,273,0,16,257
2025-04-30,84029G,257,0,17,240
2025-05-01,84029G,240,0,18,222
2025-05-02,84029G,222,0,18,204
2025-05-03,84029G,204,0,19,185
2025-05-04,84029G,185,0,20,165
2025-05-05,84029G,165,0,14,151
2025-05-06,84029G,151,0,16,135
2025-05-07,84029G,135,0,17,118
2025-05-08,84029G,118,0,16,102
2025-05-09,84029G,102,239,18,323
2025-05-10,84029G,323,0,20,303
2025-05-11,84029G,303,0,19,284
2025-05-12,84029G,284,0,15,269
2025-05-13,84029G,269,0,14,255
2025-05-14,84029G,255,0,17,238
2025-05-15,84029G,238,0,16,222
2025-05-16,84029G,222,0,17,205
2025-05-17,84029G,205,0,19,186
2025-05-18,84029G,186,0,18,168
2025-05-19,84029G,168,0,16,152
2025-05-20,84029G,152,0,17,135
2025-05-21,84029G,135,0,16,119
2025-05-22,84029G,119,0,17,102
2025-05-23,84029G,102,0,17,85
2025-05-24,84029G,85,251,21,315
2025-05-25,84029G,315,0,19,296
2025-05-26,84029G,296,0,16,280
2025-05-27,84029G,280,0,14,266
2025-05-28,84029G,266,0,15,251
2025-05-29,84029G,251,0,17,234
2025-05-30,84029G,234,0,18,216
2025-05-31,84029G,216,0,20,196
2025-06-01,84029G,196,0,17,179
2025-06-02,84029G,179,0,14,165
2025-06-03,84029G,165,0,16,149
2025-06-04,84029G,149,0,16,133
2025-06-05,84029G,133,0,15,118
2025-06-06,84029G,118,0,16,102
2025-06-07,84029G,102,233,19,316
2025-06-08,84029G,316,0,18,298
2025-06-09,84029G,298,0,16,282
2025-06-10,84029G,282,0,14,268
2025-06-11,84029G,268,0,16,252
2025-06-12,84029G,252,0,16,236
2025-06-13,84029G,236,0,18,218
2025-06-14,84029G,218,0,19,199
2025-06-15,84029G,199,0,20,179
2025-06-16,84029G,179,0,14,165
2025-06-17,84029G,165,0,15,150
2025-06-18,84029G,150,0,16,134
2025-06-19,84029G,134,0,16,118
2025-06-20,84029G,118,0,16,102
2025-06-21,84029G,102,228,20,310
2025-06-22,84029G,310,0,18,292
2025-06-23,84029G,292,0,14,278
2025-06-24,84029G,278,0,14,264
2025-06-25,84029G,264,0,16,248
2025-06-26,84029G,248,0,16,232
2025-06-27,84029G,232,0,18,214
2025-06-28,84029G,214,0,18,196
2025-06-29,84029G,196,0,18,178
2025-06-30,84029G,178,0,14,164
2025-07-01,84029G,164,0,14,150
2025-07-02,84029G,150,0,15,135
2025-07-03,84029G,135,0,15,120
2025-07-04,84029G,120,0,18,102
2025-07-05,84029G,102,229,19,312
2025-07-06,84029G,312,0,18,294
2025-07-07,84029G,294,0,14,280
2025-07-08,84029G,280,0,14,266
2025-07-09,84029G,266,0,15,251
2025-07-10,84029G,251,0,16,235
2025-07-11,84029G,235,0,16,219
2025-07-12,84029G,219,0,19,200
2025-07-13,84029G,200,0,18,182
2025-07-14,84029G,182,0,15,167
2025-07-15,84029G,167,0,15,152
2025-07-16,84029G,152,0,16,136
2025-07-17,84029G,136,0,16,120
2025-07-18,84029G,120,0,18,102
2025-07-19,84029G,102,242,20,324
2025-07-20,84029G,324,0,19,305
2025-07-21,84029G,305,0,16,289
2025-07-22,84029G,289,0,15,274
2025-07-23,84029G,274,0,17,257
2025-07-24,84029G,257,0,17,240
2025-07-25,84029G,240,0,17,223
2025-07-26,84029G,223,0,21,202
2025-07-27,84029G,202,0,20,182
2025-07-28,84029G,182,0,14,168
2025-07-29,84029G,168,0,15,153
2025-07-30,84029G,153,0,17,136
2025-07-31,84029G,136,0,17,119
2025-08-01,84029G,119,0,17,102
2025-08-02,84029G,102,246,19,329
2025-08-03,84029G,329,0,20,309
2025-08-04,84029G,309,0,16,293
2025-08-05,84029G,293,0,15,278
2025-08-06,84029G,278,0,16,262
2025-08-07,84029G,262,0,17,245
2025-08-08,84029G,245,0,18,227
2025-08-09,84029G,227,0,21,206
2025-08-10,84029G,206,0,21,185
2025-08-11,84029G,185,0,16,169
2025-08-12,84029G,169,0,15,154
2025-08-13,84029G,154,0,18,136
2025-08-14,84029G,136,0,16,120
2025-08-15,84029G,120,0,18,102
2025-08-16,84029G,102,246,21,327
2025-08-17,84029G,327,0,19,308
2025-08-18,84029G,308,0,15,293
2025-08-19,84029G,293,0,16,277
2025-08-20,84029G,277,0,17,260
2025-08-21,84029G,260,0,16,244
2025-08-22,84029G,244,0,19,225
2025-08-23,84029G,225,0,21,204
2025-08-24,84029G,204,0,19,185
2025-08-25,84029G,185,0,16,169
2025-08-26,84029G,169,0,15,154
2025-08-27,84029G,154,0,17,137
2025-08-28,84029G,137,0,17,120
2025-08-29,84029G,120,0,18,102
2025-08-30,84029G,102,254,20,336
2025-08-31,84029G,336,0,20,316
2025-09-01,84029G,316,0,15,301
2025-09-02,84029G,301,0,17,284
2025-09-03,84029G,284,0,16,268
2025-09-04,84029G,268,0,19,249
2025-09-05,84029G,249,0,19,230
2025-09-06,84029G,230,0,21,209
2025-09-07,84029G,209,0,19,190
2025-09-08,84029G,190,0,17,173
2025-09-09,84029G,173,0,16,157
2025-09-10,84029G,157,0,17,140
2025-09-11,84029G,140,0,19,121
2025-09-12,84029G,121,0,19,102
2025-09-13,84029G,102,249,21,330
2025-09-14,84029G,330,0,21,309
2025-09-15,84029G,309,0,15,294
2025-09-16,84029G,294,0,18,276
2025-09-17,84029G,276,0,17,259
2025-09-18,84029G,259,0,16,243
2025-09-19,84029G,243,0,18,225
2025-09-20,84029G,225,0,22,203
2025-09-21,84029G,203,0,19,184
2025-09-22,84029G,184,0,15,169
2025-09-23,84029G,169,0,16,153
2025-09-24,84029G,153,0,16,137
2025-09-25,84029G,137,0,17,120
2025-09-26,84029G,120,0,18,102
2025-09-27,84029G,102,263,21,344
2025-09-28,84029G,344,0,21,323
2025-09-29,84029G,323,0,15,308
2025-09-30,84029G,308,0,18,290
2025-10-01,84029G,290,0,18,272
2025-10-02,84029G,272,0,17,255
2025-10-03,84029G,255,0,20,235
2025-10-04,84029G,235,0,23,212
2025-10-05,84029G,212,0,22,190
2025-10-06,84029G,190,0,16,174
2025-10-07,84029G,174,0,17,157
2025-10-08,84029G,157,0,17,140
2025-10-09,84029G,140,0,19,121
2025-10-10,84029G,121,0,19,102
2025-10-11,84029G,102,269,22,349
2025-10-12,84029G,349,0,20,329
2025-10-13,84029G,329,0,18,311
2025-10-14,84029G,311,0,18,293
2025-10-15,84029G,293,0,18,275
2025-10-16,84029G,275,0,19,256
2025-10-17,84029G,256,0,21,235
2025-10-18,84029G,235,0,21,214
2025-10-19,84029G,214,0,22,192
2025-10-20,84029G,192,0,16,176
2025-10-21,84029G,176,0,18,158
2025-10-22,84029G,158,0,19,139
2025-10-23,84029G,139,0,17,122
2025-10-24,84029G,122,0,20,102
2025-10-25,84029G,102,267,22,347
2025-10-26,84029G,347,0,21,326
2025-10-27,84029G,326,0,16,310
2025-10-28,84029G,310,0,17,293
2025-10-29,84029G,293,0,18,275
2025-10-30,84029G,275,0,18,257
2025-10-31,84029G,257,0,19,238
2025-11-01,84029G,238,0,23,215
2025-11-02,84029G,215,0,22,193
2025-11-03,84029G,193,0,16,177
2025-11-04,84029G,177,0,18,159
2025-11-05,84029G,159,0,18,141
2025-11-06,84029G,141,0,19,122
2025-11-07,84029G,122,0,20,102
2025-11-08,84029G,102,271,23,350
2025-11-09,84029G,350,0,22,328
2025-11-10,84029G,328,0,16,312
2025-11-11,84029G,312,0,18,294
2025-11-12,84029G,294,0,18,276
2025-11-13,84029G,276,0,20,256
2025-11-14,84029G,256,0,20,236
2025-11-15,84029G,236,0,24,212
2025-11-16,84029G,212,0,22,190
2025-11-17,84029G,190,0,16,174
2025-11-18,84029G,174,0,16,158
2025-11-19,84029G,158,0,18,140
2025-11-20,84029G,140,0,18,122
2025-11-21,84029G,122,0,20,102
2025-11-22,84029G,102,270,22,350
2025-11-23,84029G,350,0,22,328
2025-11-24,84029G,328,0,16,312
2025-11-25,84029G,312,0,19,293
2025-11-26,84029G,293,0,18,275
2025-11-27,84029G,275,0,18,257
2025-11-28,84029G,257,0,19,238
2025-11-29,84029G,238,0,22,216
2025-11-30,84029G,216,0,21,195
2025-12-01,84029G,195,0,18,177
2025-12-02,84029G,177,0,17,160
2025-12-03,84029G,160,0,19,141
2025-12-04,84029G,141,0,19,122
2025-12-05,84029G,122,0,20,102
2025-12-06,84029G,102,271,23,350
2025-12-07,84029G,350,0,22,328
2025-12-08,84029G,328,0,17,311
2025-12-09,84029G,311,0,17,294
2025-12-10,84029G,294,0,17,277
2025-12-11,84029G,277,0,19,258
2025-12-12,84029G,258,0,19,239
2025-12-13,84029G,239,0,23,216
2025-12-14,84029G,216,0,22,194
2025-12-15,84029G,194,0,17,177
2025-12-16,84029G,177,0,18,159
2025-12-17,84029G,159,0,19,140
2025-12-18,84029G,140,0,19,121
2025-12-19,84029G,121,0,19,102
2025-12-20,84029G,102,271,22,351
2025-12-21,84029G,351,0,21,330
2025-12-22,84029G,330,0,18,312
2025-12-23,84029G,312,0,17,295
2025-12-24,84029G,295,0,18,277
2025-12-25,84029G,277,0,18,259
2025-12-26,84029G,259,0,20,239
2025-12-27,84029G,239,0,22,217
2025-12-28,84029G,217,0,22,195
2025-12-29,84029G,195,0,16,179
2025-12-30,84029G,179,0,18,161
2025-12-31,84029G,161,0,19,142
2026-01-01,84029G,142,0,20,122
2026-01-02,84029G,122,0,20,102
2026-01-03,84029G,102,266,22,346
2026-01-04,84029G,346,0,22,324
2026-01-05,84029G,324,0,16,308
2026-01-06,84029G,308,0,18,290
2026-01-07,84029G,290,0,18,272
2026-01-08,84029G,272,0,18,254
2026-01-09,84029G,254,0,21,233
2026-01-10,84029G,233,0,23,210
2026-01-11,84029G,210,0,20,190
2026-01-12,84029G,190,0,17,173
2026-01-13,84029G,173,0,17,156
2026-01-14,84029G,156,0,17,139
2026-01-15,84029G,139,0,18,121
2026-01-16,84029G,121,0,19,102
2026-01-17,84029G,102,272,23,351
2026-01-18,84029G,351,0,22,329
2026-01-19,84029G,329,0,16,313
2026-01-20,84029G,313,0,18,295
2026-01-21,84029G,295,0,17,278
2026-01-22,84029G,278,0,19,259
2026-01-23,84029G,259,0,20,239
2026-01-24,84029G,239,0,23,216
2026-01-25,84029G,216,0,22,194
2026-01-26,84029G,194,0,17,177
2026-01-27,84029G,177,0,17,160
2026-01-28,84029G,160,0,18,142
2026-01-29,84029G,142,0,19,123
2026-01-30,84029G,123,0,21,102
2026-01-31,84029G,102,270,23,349
2026-02-01,84029G,349,0,22,327
2026-02-02,84029G,327,0,17,310
2026-02-03,84029G,310,0,18,292
2026-02-04,84029G,292,0,17,275
2026-02-05,84029G,275,0,19,256
2026-02-06,84029G,256,0,19,237
2026-02-07,84029G,237,0,23,214
2026-02-08,84029G,214,0,21,193
2026-02-09,84029G,193,0,16,177
2026-02-10,84029G,177,0,18,159
2026-02-11,84029G,159,0,18,141
2026-02-12,84029G,141,0,19,122
2026-02-13,84029G,122,0,20,102
2026-02-14,84029G,102,253,21,334
2026-02-15,84029G,334,0,20,314
2026-02-16,84029G,314,0,15,299
2026-02-17,84029G,299,0,16,283
2026-02-18,84029G,283,0,17,266
2026-02-19,84029G,266,0,17,249
2026-02-20,84029G,249,0,19,230
2026-02-21,84029G,230,0,23,207
2026-02-22,84029G,207,0,21,186
2026-02-23,84029G,186,0,16,170
2026-02-24,84029G,170,0,16,154
2026-02-25,84029G,154,0,17,137
2026-02-26,84029G,137,0,17,120
2026-02-27,84029G,120,0,18,102
2026-02-28,84029G,102,251,21,332
2026-03-01,84029G,332,0,20,312
2026-03-02,84029G,312,0,16,296
2026-03-03,84029G,296,0,16,280
2026-03-04,84029G,280,0,17,263
2026-03-05,84029G,263,0,16,247
2026-03-06,84029G,247,0,19,228
2026-03-07,84029G,228,0,21,207
2026-03-08,84029G,207,0,20,187
2026-03-09,84029G,187,0,17,170
2026-03-10,84029G,170,0,17,153
2026-03-11,84029G,153,0,16,137
2026-03-12,84029G,137,0,18,119
2026-03-13,84029G,119,0,17,102
2026-03-14,84029G,102,252,22,332
2026-03-15,84029G,332,0,21,311
2026-03-16,84029G,311,0,16,295
2026-03-17,84029G,295,0,17,278
2026-03-18,84029G,278,0,16,262
2026-03-19,84029G,262,0,18,244
2026-03-20,84029G,244,0,19,225
2026-03-21,84029G,225,0,20,205
2026-03-22,84029G,205,0,19,186
2026-03-23,84029G,186,0,15,171
2026-03-24,84029G,171,0,16,155
2026-03-25,84029G,155,0,17,138
2026-03-26,84029G,138,0,18,120
2026-03-27,84029G,120,0,18,102
2026-03-28,84029G,102,251,20,333
2026-03-29,84029G,333,0,21,312
2026-03-30,84029G,312,0,16,296
2026-03-31,84029G,296,0,16,280
2026-04-01,84029G,280,0,18,262
2026-04-02,84029G,262,0,18,244
2026-04-03,84029G,244,0,17,227
2026-04-04,84029G,227,0,20,207
2026-04-05,84029G,207,0,20,187
2026-04-06,84029G,187,0,15,172
2026-04-07,84029G,172,0,16,156
2026-04-08,84029G,156,0,18,138
2026-04-09,84029G,138,0,18,120
2026-04-10,84029G,120,0,18,102
2026-04-11,84029G,102,245,21,326
2026-04-12,84029G,326,0,21,305
2026-04-13,84029G,305,0,15,290
2026-04-14,84029G,290,0,16,274
2026-04-15,84029G,274,0,17,257
2026-04-16,84029G,257,0,17,240
2026-04-17,84029G,240,0,18,222
2026-04-18,84029G,222,0,19,203
2026-04-19,84029G,203,0,18,185
2026-04-20,84029G,185,0,16,169
2026-04-21,84029G,169,0,17,152
2026-04-22,84029G,152,0,16,136
2026-04-23,84029G,136,0,17,119
2026-04-24,84029G,119,0,17,102
2026-04-25,84029G,102,242,20,324
2026-04-26,84029G,324,0,19,305
2026-04-27,84029G,305,0,16,289
2026-04-28,84029G,289,0,16,273
2026-04-29,84029G,273,0,17,256
2026-04-30,84029G,256,0,18,238
2026-05-01,84029G,238,0,17,221
2026-05-02,84029G,221,0,21,200
2026-05-03,84029G,200,0,18,182
2026-05-04,84029G,182,0,16,166
2026-05-05,84029G,166,0,15,151
2026-05-06,84029G,151,0,15,136
2026-05-07,84029G,136,0,16,120
2026-05-08,84029G,120,0,18,102
2026-05-09,84029G,102,236,20,318
2026-05-10,84029G,318,0,18,300
2026-05-11,84029G,300,0,16,284
2026-05-12,84029G,284,0,15,269
2026-05-13,84029G,269,0,16,253
2026-05-14,84029G,253,0,15,238
2026-05-15,84029G,238,0,18,220
2026-05-16,84029G,220,0,19,201
2026-05-17,84029G,201,0,18,183
2026-05-18,84029G,183,0,15,168
2026-05-19,84029G,168,0,16,152
2026-05-20,84029G,152,0,16,136
2026-05-21,84029G,136,0,15,121
2026-05-22,84029G,121,0,19,102
2026-05-23,84029G,102,234,19,317
2026-05-24,84029G,317,0,19,298
2026-05-25,84029G,298,0,14,284
2026-05-26,84029G,284,0,15,269
2026-05-27,84029G,269,0,15,254
2026-05-28,84029G,254,0,16,238
2026-05-29,84029G,238,0,16,222
2026-05-30,84029G,222,0,19,203
2026-05-31,84029G,203,0,18,185
2026-06-01,84029G,185,0,16,169
2026-06-02,84029G,169,0,16,153
2026-06-03,84029G,153,0,16,137
2026-06-04,84029G,137,0,18,119
2026-06-05,84029G,119,0,17,102
2026-06-06,84029G,102,241,20,323
2026-06-07,84029G,323,0,19,304
2026-06-08,84029G,304,0,14,290
2026-06-09,84029G,290,0,16,274
2026-06-10,84029G,274,0,16,258
2026-06-11,84029G,258,0,16,242
2026-06-12,84029G,242,0,17,225
2026-06-13,84029G,225,0,21,204
2026-06-14,84029G,204,0,19,185
2026-06-15,84029G,185,0,16,169
2026-06-16,84029G,169,0,16,153
2026-06-17,84029G,153,0,17,136
2026-06-18,84029G,136,0,18,118
2026-06-19,84029G,118,0,16,102
2026-06-20,84029G,102,234,19,317
2026-06-21,84029G,317,0,19,298
2026-06-22,84029G,298,0,15,283
2026-06-23,84029G,283,0,14,269
2026-06-24,84029G,269,0,17,252
2026-06-25,84029G,252,0,16,236
2026-06-26,84029G,236,0,16,220
2026-06-27,84029G,220,0,21,199
2026-06-28,84029G,199,0,19,180
2026-06-29,84029G,180,0,14,166
2026-06-30,84029G,166,0,15,151
2026-07-01,84029G,151,0,16,135
2026-07-02,84029G,135,0,17,118
2026-07-03,84029G,118,0,16,102
2026-07-04,84029G,102,237,19,320
2026-07-05,84029G,320,0,18,302
2026-07-06,84029G,302,0,16,286
2026-07-07,84029G,286,0,16,270
2026-07-08,84029G,270,0,17,253
2026-07-09,84029G,253,0,15,238
2026-07-10,84029G,238,0,16,222
2026-07-11,84029G,222,0,20,202
2026-07-12,84029G,202,0,19,183
2026-07-13,84029G,183,0,14,169
2026-07-14,84029G,169,0,16,153
2026-07-15,84029G,153,0,15,138
2026-07-16,84029G,138,0,18,120
2026-07-17,84029G,120,0,18,102
2026-07-18,84029G,102,241,21,322
2026-07-19,84029G,322,0,19,303
2026-07-20,84029G,303,0,16,287
2026-07-21,84029G,287,0,15,272
2026-07-22,84029G,272,0,15,257
2026-07-23,84029G,257,0,16,241
2026-07-24,84029G,241,0,18,223
2026-07-25,84029G,223,0,19,204
2026-07-26,84029G,204,0,20,184
2026-07-27,84029G,184,0,15,169
2026-07-28,84029G,169,0,16,153
2026-07-29,84029G,153,0,16,137
2026-07-30,84029G,137,0,18,119
2026-07-31,84029G,119,0,17,102
2026-08-01,84029G,102,242,20,324
2026-08-02,84029G,324,0,19,305
2026-08-03,84029G,305,0,14,291
2026-08-04,84029G,291,0,15,276
2026-08-05,84029G,276,0,17,259
2026-08-06,84029G,259,0,16,243
2026-08-07,84029G,243,0,18,225
2026-08-08,84029G,225,0,21,204
2026-08-09,84029G,204,0,19,185
2026-08-10,84029G,185,0,16,169
2026-08-11,84029G,169,0,16,153
2026-08-12,84029G,153,0,16,137
2026-08-13,84029G,137,0,17,120
2026-08-14,84029G,120,0,18,102
2026-08-15,84029G,102,161,21,242
2026-08-16,84029G,242,0,19,223
2026-08-17,84029G,223,0,16,207
2026-08-18,84029G,207,0,15,192
2026-08-19,84029G,192,0,16,176
2026-08-20,84029G,176,0,17,159
2026-08-21,84029G,159,0,18,141
2026-08-22,84029G,141,0,20,121
2026-08-23,84029G,121,0,19,102
2026-08-24,84029G,102,385,15,472
2026-08-25,84029G,472,0,17,455
2026-08-26,84029G,455,0,17,438
2026-08-27,84029G,438,0,16,422
2026-08-28,84029G,422,0,18,404
2026-08-29,84029G,404,0,21,383
2026-08-30,84029G,383,0,19,364
2026-08-31,84029G,364,0,16,348
2026-09-01,84029G,348,0,17,331
2026-09-02,84029G,331,0,18,313
2026-09-03,84029G,313,0,17,296
2026-09-04,84029G,296,0,20,276
2026-09-05,84029G,276,0,22,254
2026-09-06,84029G,254,0,20,234
2026-09-07,84029G,234,0,16,218
2026-09-08,84029G,218,0,17,201
2026-09-09,84029G,201,0,17,184
2026-09-10,84029G,184,0,18,166
2026-09-11,84029G,166,0,18,148
2026-09-12,84029G,148,0,21,127
2026-09-13,84029G,127,0,19,108
2024-09-14,84029E,703,0,31,672
2024-09-15,84029E,672,0,28,644
2024-09-16,84029E,644,0,23,621
2024-09-17,84029E,621,0,23,598
2024-09-18,84029E,598,0,24,574
2024-09-19,84029E,574,0,26,548
2024-09-20,84029E,548,0,26,522
2024-09-21,84029E,522,0,31,491
2024-09-22,84029E,491,0,28,463
2024-09-23,84029E,463,0,22,441
2024-09-24,84029E,441,0,22,419
2024-09-25,84029E,419,0,23,396
2024-09-26,84029E,396,0,25,371
2024-09-27,84029E,371,0,27,344
2024-09-28,84029E,344,0,30,314
2024-09-29,84029E,314,0,28,286
2024-09-30,84029E,286,0,24,262
2024-10-01,84029E,262,0,23,239
2024-10-02,84029E,239,0,25,214
2024-10-03,84029E,214,0,26,188
2024-10-04,84029E,188,0,28,160
2024-10-05,84029E,160,0,30,130
2024-10-06,84029E,130,0,29,101
2024-10-07,84029E,101,382,23,460
2024-10-08,84029E,460,0,23,437
2024-10-09,84029E,437,0,24,413
2024-10-10,84029E,413,0,25,388
2024-10-11,84029E,388,0,26,362
2024-10-12,84029E,362,0,32,330
2024-10-13,84029E,330,0,29,301
2024-10-14,84029E,301,0,22,279
2024-10-15,84029E,279,0,24,255
2024-10-16,84029E,255,0,25,230
2024-10-17,84029E,230,0,26,204
2024-10-18,84029E,204,0,26,178
2024-10-19,84029E,178,0,30,148
2024-10-20,84029E,148,0,28,120
2024-10-21,84029E,120,372,23,469
2024-10-22,84029E,469,0,23,446
2024-10-23,84029E,446,0,25,421
2024-10-24,84029E,421,0,26,395
2024-10-25,84029E,395,0,28,367
2024-10-26,84029E,367,0,32,335
2024-10-27,84029E,335,0,30,305
2024-10-28,84029E,305,0,24,281
2024-10-29,84029E,281,0,23,258
2024-10-30,84029E,258,0,25,233
2024-10-31,84029E,233,0,26,207
2024-11-01,84029E,207,0,27,180
2024-11-02,84029E,180,0,32,148
2024-11-03,84029E,148,0,28,120
2024-11-04,84029E,120,364,23,461
2024-11-05,84029E,461,0,24,437
2024-11-06,84029E,437,0,24,413
2024-11-07,84029E,413,0,24,389
2024-11-08,84029E,389,0,28,361
2024-11-09,84029E,361,0,30,331
2024-11-10,84029E,331,0,29,302
2024-11-11,84029E,302,0,22,280
2024-11-12,84029E,280,0,23,257
2024-11-13,84029E,257,0,24,233
2024-11-14,84029E,233,0,26,207
2024-11-15,84029E,207,0,28,179
2024-11-16,84029E,179,0,30,149
2024-11-17,84029E,149,0,29,120
2024-11-18,84029E,120,362,22,460
2024-11-19,84029E,460,0,25,435
2024-11-20,84029E,435,0,24,411
2024-11-21,84029E,411,0,26,385
2024-11-22,84029E,385,0,26,359
2024-11-23,84029E,359,0,30,329
2024-11-24,84029E,329,0,28,301
2024-11-25,84029E,301,0,23,278
2024-11-26,84029E,278,0,24,254
2024-11-27,84029E,254,0,24,230
2024-11-28,84029E,230,0,25,205
2024-11-29,84029E,205,0,27,178
2024-11-30,84029E,178,0,30,148
2024-12-01,84029E,148,0,28,120
2024-12-02,84029E,120,367,24,463
2024-12-03,84029E,463,0,25,438
2024-12-04,84029E,438,0,26,412
2024-12-05,84029E,412,0,24,388
2024-12-06,84029E,388,0,28,360
2024-12-07,84029E,360,0,29,331
2024-12-08,84029E,331,0,30,301
2024-12-09,84029E,301,0,23,278
2024-12-10,84029E,278,0,23,255
2024-12-11,84029E,255,0,24,231
2024-12-12,84029E,231,0,25,206
2024-12-13,84029E,206,0,26,180
2024-12-14,84029E,180,0,31,149
2024-12-15,84029E,149,0,29,120
2024-12-16,84029E,120,368,24,464
2024-12-17,84029E,464,0,24,440
2024-12-18,84029E,440,0,25,415
2024-12-19,84029E,415,0,26,389
2024-12-20,84029E,389,0,27,362
2024-12-21,84029E,362,0,31,331
2024-12-22,84029E,331,0,30,301
2024-12-23,84029E,301,0,24,277
2024-12-24,84029E,277,0,23,254
2024-12-25,84029E,254,0,25,229
2024-12-26,84029E,229,0,25,204
2024-12-27,84029E,204,0,26,178
2024-12-28,84029E,178,0,30,148
2024-12-29,84029E,148,0,28,120
2024-12-30,84029E,120,358,22,456
2024-12-31,84029E,456,0,24,432
2025-01-01,84029E,432,0,23,409
2025-01-02,84029E,409,0,24,385
2025-01-03,84029E,385,0,27,358
2025-01-04,84029E,358,0,30,328
2025-01-05,84029E,328,0,27,301
2025-01-06,84029E,301,0,23,278
2025-01-07,84029E,278,0,23,255
2025-01-08,84029E,255,0,25,230
2025-01-09,84029E,230,0,24,206
2025-01-10,84029E,206,0,27,179
2025-01-11,84029E,179,0,30,149
2025-01-12,84029E,149,0,29,120
2025-01-13,84029E,120,355,23,452
2025-01-14,84029E,452,0,23,429
2025-01-15,84029E,429,0,25,404
2025-01-16,84029E,404,0,26,378
2025-01-17,84029E,378,0,26,352
2025-01-18,84029E,352,0,29,323
2025-01-19,84029E,323,0,28,295
2025-01-20,84029E,295,0,22,273
2025-01-21,84029E,273,0,23,250
2025-01-22,84029E,250,0,25,225
2025-01-23,84029E,225,0,24,201
2025-01-24,84029E,201,0,26,175
2025-01-25,84029E,175,0,28,147
2025-01-26,84029E,147,0,27,120
2025-01-27,84029E,120,344,21,443
2025-01-28,84029E,443,0,22,421
2025-01-29,84029E,421,0,24,397
2025-01-30,84029E,397,0,23,374
2025-01-31,84029E,374,0,25,349
2025-02-01,84029E,349,0,30,319
2025-02-02,84029E,319,0,27,292
2025-02-03,84029E,292,0,21,271
2025-02-04,84029E,271,0,23,248
2025-02-05,84029E,248,0,23,225
2025-02-06,84029E,225,0,24,201
2025-02-07,84029E,201,0,25,176
2025-02-08,84029E,176,0,29,147
2025-02-09,84029E,147,0,27,120
2025-02-10,84029E,120,340,23,437
2025-02-11,84029E,437,0,21,416
2025-02-12,84029E,416,0,24,392
2025-02-13,84029E,392,0,22,370
2025-02-14,84029E,370,0,25,345
2025-02-15,84029E,345,0,28,317
2025-02-16,84029E,317,0,27,290
2025-02-17,84029E,290,0,22,268
2025-02-18,84029E,268,0,22,246
2025-02-19,84029E,246,0,22,224
2025-02-20,84029E,224,0,24,200
2025-02-21,84029E,200,0,25,175
2025-02-22,84029E,175,0,28,147
2025-02-23,84029E,147,0,27,120
2025-02-24,84029E,120,327,21,426
2025-02-25,84029E,426,0,21,405
2025-02-26,84029E,405,0,21,384
2025-02-27,84029E,384,0,23,361
2025-02-28,84029E,361,0,24,337
2025-03-01,84029E,337,0,28,309
2025-03-02,84029E,309,0,26,283
2025-03-03,84029E,283,0,20,263
2025-03-04,84029E,263,0,21,242
2025-03-05,84029E,242,0,21,221
2025-03-06,84029E,221,0,23,198
2025-03-07,84029E,198,0,25,173
2025-03-08,84029E,173,0,28,145
2025-03-09,84029E,145,0,25,120
2025-03-10,84029E,120,325,21,424
2025-03-11,84029E,424,0,21,403
2025-03-12,84029E,403,0,21,382
2025-03-13,84029E,382,0,21,361
2025-03-14,84029E,361,0,25,336
2025-03-15,84029E,336,0,28,308
2025-03-16,84029E,308,0,25,283
2025-03-17,84029E,283,0,21,262
2025-03-18,84029E,262,0,20,242
2025-03-19,84029E,242,0,22,220
2025-03-20,84029E,220,0,23,197
2025-03-21,84029E,197,0,24,173
2025-03-22,84029E,173,0,28,145
2025-03-23,84029E,145,0,25,120
2025-03-24,84029E,120,0,20,100
2025-03-25,84029E,100,337,22,415
2025-03-26,84029E,415,0,20,395
2025-03-27,84029E,395,0,23,372
2025-03-28,84029E,372,0,25,347
2025-03-29,84029E,347,0,26,321
2025-03-30,84029E,321,0,26,295
2025-03-31,84029E,295,0,20,275
2025-04-01,84029E,275,0,20,255
2025-04-02,84029E,255,0,20,235
2025-04-03,84029E,235,0,21,214
2025-04-04,84029E,214,0,23,191
2025-04-05,84029E,191,0,27,164
2025-04-06,84029E,164,0,24,140
2025-04-07,84029E,140,0,20,120
2025-04-08,84029E,120,312,21,411
2025-04-09,84029E,411,0,22,389
2025-04-10,84029E,389,0,20,369
2025-04-11,84029E,369,0,24,345
2025-04-12,84029E,345,0,27,318
2025-04-13,84029E,318,0,26,292
2025-04-14,84029E,292,0,19,273
2025-04-15,84029E,273,0,20,253
2025-04-16,84029E,253,0,21,232
2025-04-17,84029E,232,0,21,211
2025-04-18,84029E,211,0,22,189
2025-04-19,84029E,189,0,26,163
2025-04-20,84029E,163,0,25,138
2025-04-21,84029E,138,0,18,120
2025-04-22,84029E,120,303,21,402
2025-04-23,84029E,402,0,21,381
2025-04-24,84029E,381,0,21,360
2025-04-25,84029E,360,0,23,337
2025-04-26,84029E,337,0,26,311
2025-04-27,84029E,311,0,23,288
2025-04-28,84029E,288,0,19,269
2025-04-29,84029E,269,0,20,249
2025-04-30,84029E,249,0,19,230
2025-05-01,84029E,230,0,22,208
2025-05-02,84029E,208,0,21,187
2025-05-03,84029E,187,0,26,161
2025-05-04,84029E,161,0,23,138
2025-05-05,84029E,138,0,18,120
2025-05-06,84029E,120,0,18,102
2025-05-07,84029E,102,315,21,396
2025-05-08,84029E,396,0,22,374
2025-05-09,84029E,374,0,22,352
2025-05-10,84029E,352,0,24,328
2025-05-11,84029E,328,0,25,303
2025-05-12,84029E,303,0,17,286
2025-05-13,84029E,286,0,20,266
2025-05-14,84029E,266,0,19,247
2025-05-15,84029E,247,0,20,227
2025-05-16,84029E,227,0,22,205
2025-05-17,84029E,205,0,25,180
2025-05-18,84029E,180,0,24,156
2025-05-19,84029E,156,0,18,138
2025-05-20,84029E,138,0,18,120
2025-05-21,84029E,120,0,20,100
2025-05-22,84029E,100,310,20,390
2025-05-23,84029E,390,0,20,370
2025-05-24,84029E,370,0,24,346
2025-05-25,84029E,346,0,24,322
2025-05-26,84029E,322,0,19,303
2025-05-27,84029E,303,0,20,283
2025-05-28,84029E,283,0,19,264
2025-05-29,84029E,264,0,21,243
2025-05-30,84029E,243,0,22,221
2025-05-31,84029E,221,0,24,197
2025-06-01,84029E,197,0,22,175
2025-06-02,84029E,175,0,17,158
2025-06-03,84029E,158,0,18,140
2025-06-04,84029E,140,0,20,120
2025-06-05,84029E,120,0,20,100
2025-06-06,84029E,100,308,21,387
2025-06-07,84029E,387,0,24,363
2025-06-08,84029E,363,0,23,340
2025-06-09,84029E,340,0,19,321
2025-06-10,84029E,321,0,20,301
2025-06-11,84029E,301,0,18,283
2025-06-12,84029E,283,0,20,263
2025-06-13,84029E,263,0,21,242
2025-06-14,84029E,242,0,24,218
2025-06-15,84029E,218,0,23,195
2025-06-16,84029E,195,0,17,178
2025-06-17,84029E,178,0,19,159
2025-06-18,84029E,159,0,20,139
2025-06-19,84029E,139,0,19,120
2025-06-20,84029E,120,289,22,387
2025-06-21,84029E,387,0,24,363
2025-06-22,84029E,363,0,22,341
2025-06-23,84029E,341,0,19,322
2025-06-24,84029E,322,0,17,305
2025-06-25,84029E,305,0,20,285
2025-06-26,84029E,285,0,20,265
2025-06-27,84029E,265,0,22,243
2025-06-28,84029E,243,0,24,219
2025-06-29,84029E,219,0,24,195
2025-06-30,84029E,195,0,18,177
2025-07-01,84029E,177,0,17,160
2025-07-02,84029E,160,0,20,140
2025-07-03,84029E,140,0,20,120
2025-07-04,84029E,120,285,21,384
2025-07-05,84029E,384,0,22,362
2025-07-06,84029E,362,0,22,340
2025-07-07,84029E,340,0,18,322
2025-07-08,84029E,322,0,19,303
2025-07-09,84029E,303,0,20,283
2025-07-10,84029E,283,0,21,262
2025-07-11,84029E,262,0,22,240
2025-07-12,84029E,240,0,24,216
2025-07-13,84029E,216,0,22,194
2025-07-14,84029E,194,0,19,175
2025-07-15,84029E,175,0,18,157
2025-07-16,84029E,157,0,18,139
2025-07-17,84029E,139,0,19,120
2025-07-18,84029E,120,0,20,100
2025-07-19,84029E,100,303,24,379
2025-07-20,84029E,379,0,23,356
2025-07-21,84029E,356,0,18,338
2025-07-22,84029E,338,0,20,318
2025-07-23,84029E,318,0,19,299
2025-07-24,84029E,299,0,19,280
2025-07-25,84029E,280,0,20,260
2025-07-26,84029E,260,0,23,237
2025-07-27,84029E,237,0,21,216
2025-07-28,84029E,216,0,17,199
2025-07-29,84029E,199,0,19,180
2025-07-30,84029E,180,0,20,160
2025-07-31,84029E,160,0,18,142
2025-08-01,84029E,142,0,22,120
2025-08-02,84029E,120,288,23,385
2025-08-03,84029E,385,0,22,363
2025-08-04,84029E,363,0,19,344
2025-08-05,84029E,344,0,18,326
2025-08-06,84029E,326,0,18,308
2025-08-07,84029E,308,0,21,287
2025-08-08,84029E,287,0,21,266
2025-08-09,84029E,266,0,24,242
2025-08-10,84029E,242,0,23,219
2025-08-11,84029E,219,0,17,202
2025-08-12,84029E,202,0,19,183
2025-08-13,84029E,183,0,20,163
2025-08-14,84029E,163,0,21,142
2025-08-15,84029E,142,0,22,120
2025-08-16,84029E,120,290,23,387
2025-08-17,84029E,387,0,23,364
2025-08-18,84029E,364,0,19,345
2025-08-19,84029E,345,0,19,326
2025-08-20,84029E,326,0,20,306
2025-08-21,84029E,306,0,20,286
2025-08-22,84029E,286,0,22,264
2025-08-23,84029E,264,0,24,240
2025-08-24,84029E,240,0,23,217
2025-08-25,84029E,217,0,18,199
2025-08-26,84029E,199,0,19,180
2025-08-27,84029E,180,0,19,161
2025-08-28,84029E,161,0,20,141
2025-08-29,84029E,141,0,21,120
2025-08-30,84029E,120,289,24,385
2025-08-31,84029E,385,0,22,363
2025-09-01,84029E,363,0,18,345
2025-09-02,84029E,345,0,18,327
2025-09-03,84029E,327,0,18,309
2025-09-04,84029E,309,0,21,288
2025-09-05,84029E,288,0,21,267
2025-09-06,84029E,267,0,25,242
2025-09-07,84029E,242,0,22,220
2025-09-08,84029E,220,0,19,201
2025-09-09,84029E,201,0,20,181
2025-09-10,84029E,181,0,18,163
2025-09-11,84029E,163,0,20,143
2025-09-12,84029E,143,0,23,120
2025-09-13,84029E,120,291,24,387
2025-09-14,84029E,387,0,22,365
2025-09-15,84029E,365,0,18,347
2025-09-16,84029E,347,0,19,328
2025-09-17,84029E,328,0,20,308
2025-09-18,84029E,308,0,20,288
2025-09-19,84029E,288,0,23,265
2025-09-20,84029E,265,0,23,242
2025-09-21,84029E,242,0,24,218
2025-09-22,84029E,218,0,19,199
2025-09-23,84029E,199,0,18,181
2025-09-24,84029E,181,0,19,162
2025-09-25,84029E,162,0,20,142
2025-09-26,84029E,142,0,22,120
2025-09-27,84029E,120,294,24,390
2025-09-28,84029E,390,0,22,368
2025-09-29,84029E,368,0,20,348
2025-09-30,84029E,348,0,18,330
2025-10-01,84029E,330,0,20,310
2025-10-02,84029E,310,0,19,291
2025-10-03,84029E,291,0,21,270
2025-10-04,84029E,270,0,25,245
2025-10-05,84029E,245,0,23,222
2025-10-06,84029E,222,0,19,203
2025-10-07,84029E,203,0,20,183
2025-10-08,84029E,183,0,20,163
2025-10-09,84029E,163,0,20,143
2025-10-10,84029E,143,0,23,120
2025-10-11,84029E,120,292,24,388
2025-10-12,84029E,388,0,22,366
2025-10-13,84029E,366,0,18,348
2025-10-14,84029E,348,0,18,330
2025-10-15,84029E,330,0,19,311
2025-10-16,84029E,311,0,19,292
2025-10-17,84029E,292,0,23,269
2025-10-18,84029E,269,0,24,245
2025-10-19,84029E,245,0,24,221
2025-10-20,84029E,221,0,20,201
2025-10-21,84029E,201,0,19,182
2025-10-22,84029E,182,0,20,162
2025-10-23,84029E,162,0,21,141
2025-10-24,84029E,141,0,21,120
2025-10-25,84029E,120,300,24,396
2025-10-26,84029E,396,0,23,373
2025-10-27,84029E,373,0,20,353
2025-10-28,84029E,353,0,19,334
2025-10-29,84029E,334,0,19,315
2025-10-30,84029E,315,0,22,293
2025-10-31,84029E,293,0,22,271
2025-11-01,84029E,271,0,26,245
2025-11-02,84029E,245,0,25,220
2025-11-03,84029E,220,0,18,202
2025-11-04,84029E,202,0,20,182
2025-11-05,84029E,182,0,20,162
2025-11-06,84029E,162,0,21,141
2025-11-07,84029E,141,0,21,120
2025-11-08,84029E,120,300,25,395
2025-11-09,84029E,395,0,23,372
2025-11-10,84029E,372,0,18,354
2025-11-11,84029E,354,0,20,334
2025-11-12,84029E,334,0,21,313
2025-11-13,84029E,313,0,21,292
2025-11-14,84029E,292,0,23,269
2025-11-15,84029E,269,0,25,244
2025-11-16,84029E,244,0,22,222
2025-11-17,84029E,222,0,20,202
2025-11-18,84029E,202,0,19,183
2025-11-19,84029E,183,0,20,163
2025-11-20,84029E,163,0,21,142
2025-11-21,84029E,142,0,22,120
2025-11-22,84029E,120,297,25,392
2025-11-23,84029E,392,0,25,367
2025-11-24,84029E,367,0,18,349
2025-11-25,84029E,349,0,19,330
2025-11-26,84029E,330,0,19,311
2025-11-27,84029E,311,0,21,290
2025-11-28,84029E,290,0,22,268
2025-11-29,84029E,268,0,25,243
2025-11-30,84029E,243,0,24,219
2025-12-01,84029E,219,0,18,201
2025-12-02,84029E,201,0,20,181
2025-12-03,84029E,181,0,19,162
2025-12-04,84029E,162,0,21,141
2025-12-05,84029E,141,0,21,120
2025-12-06,84029E,120,289,23,386
2025-12-07,84029E,386,0,24,362
2025-12-08,84029E,362,0,17,345
2025-12-09,84029E,345,0,19,326
2025-12-10,84029E,326,0,18,308
2025-12-11,84029E,308,0,21,287
2025-12-12,84029E,287,0,21,266
2025-12-13,84029E,266,0,24,242
2025-12-14,84029E,242,0,22,220
2025-12-15,84029E,220,0,19,201
2025-12-16,84029E,201,0,20,181
2025-12-17,84029E,181,0,19,162
2025-12-18,84029E,162,0,20,142
2025-12-19,84029E,142,0,22,120
2025-12-20,84029E,120,290,25,385
2025-12-21,84029E,385,0,23,362
2025-12-22,84029E,362,0,19,343
2025-12-23,84029E,343,0,18,325
2025-12-24,84029E,325,0,20,305
2025-12-25,84029E,305,0,20,285
2025-12-26,84029E,285,0,21,264
2025-12-27,84029E,264,0,24,240
2025-12-28,84029E,240,0,22,218
2025-12-29,84029E,218,0,19,199
2025-12-30,84029E,199,0,18,181
2025-12-31,84029E,181,0,20,161
2026-01-01,84029E,161,0,21,140
2026-01-02,84029E,140,0,20,120
2026-01-03,84029E,120,285,24,381
2026-01-04,84029E,381,0,22,359
2026-01-05,84029E,359,0,19,340
2026-01-06,84029E,340,0,19,321
2026-01-07,84029E,321,0,18,303
2026-01-08,84029E,303,0,20,283
2026-01-09,84029E,283,0,22,261
2026-01-10,84029E,261,0,24,237
2026-01-11,84029E,237,0,21,216
2026-01-12,84029E,216,0,17,199
2026-01-13,84029E,199,0,18,181
2026-01-14,84029E,181,0,19,162
2026-01-15,84029E,162,0,20,142
2026-01-16,84029E,142,0,22,120
2026-01-17,84029E,120,284,24,380
2026-01-18,84029E,380,0,23,357
2026-01-19,84029E,357,0,19,338
2026-01-20,84029E,338,0,19,319
2026-01-21,84029E,319,0,19,300
2026-01-22,84029E,300,0,19,281
2026-01-23,84029E,281,0,20,261
2026-01-24,84029E,261,0,24,237
2026-01-25,84029E,237,0,23,214
2026-01-26,84029E,214,0,17,197
2026-01-27,84029E,197,0,18,179
2026-01-28,84029E,179,0,19,160
2026-01-29,84029E,160,0,19,141
2026-01-30,84029E,141,0,21,120
2026-01-31,84029E,120,267,23,364
2026-02-01,84029E,364,0,21,343
2026-02-02,84029E,343,0,17,326
2026-02-03,84029E,326,0,19,307
2026-02-04,84029E,307,0,18,289
2026-02-05,84029E,289,0,18,271
2026-02-06,84029E,271,0,19,252
2026-02-07,84029E,252,0,22,230
2026-02-08,84029E,230,0,21,209
2026-02-09,84029E,209,0,16,193
2026-02-10,84029E,193,0,17,176
2026-02-11,84029E,176,0,17,159
2026-02-12,84029E,159,0,18,141
2026-02-13,84029E,141,0,21,120
2026-02-14,84029E,120,265,23,362
2026-02-15,84029E,362,0,22,340
2026-02-16,84029E,340,0,18,322
2026-02-17,84029E,322,0,16,306
2026-02-18,84029E,306,0,18,288
2026-02-19,84029E,288,0,18,270
2026-02-20,84029E,270,0,19,251
2026-02-21,84029E,251,0,23,228
2026-02-22,84029E,228,0,21,207
2026-02-23,84029E,207,0,16,191
2026-02-24,84029E,191,0,16,175
2026-02-25,84029E,175,0,17,158
2026-02-26,84029E,158,0,18,140
2026-02-27,84029E,140,0,20,120
2026-02-28,84029E,120,260,21,359
2026-03-01,84029E,359,0,20,339
2026-03-02,84029E,339,0,16,323
2026-03-03,84029E,323,0,17,306
2026-03-04,84029E,306,0,19,287
2026-03-05,84029E,287,0,18,269
2026-03-06,84029E,269,0,20,249
2026-03-07,84029E,249,0,22,227
2026-03-08,84029E,227,0,20,207
2026-03-09,84029E,207,0,15,192
2026-03-10,84029E,192,0,17,175
2026-03-11,84029E,175,0,19,156
2026-03-12,84029E,156,0,17,139
2026-03-13,84029E,139,0,19,120
2026-03-14,84029E,120,256,23,353
2026-03-15,84029E,353,0,21,332
2026-03-16,84029E,332,0,15,317
2026-03-17,84029E,317,0,16,301
2026-03-18,84029E,301,0,18,283
2026-03-19,84029E,283,0,18,265
2026-03-20,84029E,265,0,19,246
2026-03-21,84029E,246,0,21,225
2026-03-22,84029E,225,0,20,205
2026-03-23,84029E,205,0,15,190
2026-03-24,84029E,190,0,16,174
2026-03-25,84029E,174,0,17,157
2026-03-26,84029E,157,0,18,139
2026-03-27,84029E,139,0,19,120
2026-03-28,84029E,120,249,21,348
2026-03-29,84029E,348,0,20,328
2026-03-30,84029E,328,0,15,313
2026-03-31,84029E,313,0,17,296
2026-04-01,84029E,296,0,17,279
2026-04-02,84029E,279,0,17,262
2026-04-03,84029E,262,0,18,244
2026-04-04,84029E,244,0,21,223
2026-04-05,84029E,223,0,19,204
2026-04-06,84029E,204,0,16,188
2026-04-07,84029E,188,0,17,171
2026-04-08,84029E,171,0,16,155
2026-04-09,84029E,155,0,17,138
2026-04-10,84029E,138,0,18,120
2026-04-11,84029E,120,0,20,100
2026-04-12,84029E,100,256,19,337
2026-04-13,84029E,337,0,15,322
2026-04-14,84029E,322,0,15,307
2026-04-15,84029E,307,0,17,290
2026-04-16,84029E,290,0,16,274
2026-04-17,84029E,274,0,18,256
2026-04-18,84029E,256,0,19,237
2026-04-19,84029E,237,0,18,219
2026-04-20,84029E,219,0,14,205
2026-04-21,84029E,205,0,15,190
2026-04-22,84029E,190,0,16,174
2026-04-23,84029E,174,0,17,157
2026-04-24,84029E,157,0,18,139
2026-04-25,84029E,139,0,19,120
2026-04-26,84029E,120,0,18,102
2026-04-27,84029E,102,255,14,343
2026-04-28,84029E,343,0,15,328
2026-04-29,84029E,328,0,16,312
2026-04-30,84029E,312,0,17,295
2026-05-01,84029E,295,0,17,278
2026-05-02,84029E,278,0,21,257
2026-05-03,84029E,257,0,19,238
2026-05-04,84029E,238,0,14,224
2026-05-05,84029E,224,0,16,208
2026-05-06,84029E,208,0,15,193
2026-05-07,84029E,193,0,17,176
2026-05-08,84029E,176,0,18,158
2026-05-09,84029E,158,0,20,138
2026-05-10,84029E,138,0,18,120
2026-05-11,84029E,120,0,15,105
2026-05-12,84029E,105,243,14,334
2026-05-13,84029E,334,0,15,319
2026-05-14,84029E,319,0,15,304
2026-05-15,84029E,304,0,17,287
2026-05-16,84029E,287,0,20,267
2026-05-17,84029E,267,0,18,249
2026-05-18,84029E,249,0,15,234
2026-05-19,84029E,234,0,15,219
2026-05-20,84029E,219,0,16,203
2026-05-21,84029E,203,0,15,188
2026-05-22,84029E,188,0,18,170
2026-05-23,84029E,170,0,20,150
2026-05-24,84029E,150,0,17,133
2026-05-25,84029E,133,0,13,120
2026-05-26,84029E,120,0,15,105
2026-05-27,84029E,105,240,16,329
2026-05-28,84029E,329,0,15,314
2026-05-29,84029E,314,0,18,296
2026-05-30,84029E,296,0,18,278
2026-05-31,84029E,278,0,18,260
2026-06-01,84029E,260,0,15,245
2026-06-02,84029E,245,0,13,232
2026-06-03,84029E,232,0,16,216
2026-06-04,84029E,216,0,16,200
2026-06-05,84029E,200,0,17,183
2026-06-06,84029E,183,0,18,165
2026-06-07,84029E,165,0,17,148
2026-06-08,84029E,148,0,14,134
2026-06-09,84029E,134,0,14,120
2026-06-10,84029E,120,0,16,104
2026-06-11,84029E,104,242,16,330
2026-06-12,84029E,330,0,18,312
2026-06-13,84029E,312,0,19,293
2026-06-14,84029E,293,0,18,275
2026-06-15,84029E,275,0,14,261
2026-06-16,84029E,261,0,14,247
2026-06-17,84029E,247,0,15,232
2026-06-18,84029E,232,0,16,216
2026-06-19,84029E,216,0,16,200
2026-06-20,84029E,200,0,19,181
2026-06-21,84029E,181,0,17,164
2026-06-22,84029E,164,0,15,149
2026-06-23,84029E,149,0,15,134
2026-06-24,84029E,134,0,14,120
2026-06-25,84029E,120,0,16,104
2026-06-26,84029E,104,235,17,322
2026-06-27,84029E,322,0,18,304
2026-06-28,84029E,304,0,16,288
2026-06-29,84029E,288,0,14,274
2026-06-30,84029E,274,0,14,260
2026-07-01,84029E,260,0,14,246
2026-07-02,84029E,246,0,15,231
2026-07-03,84029E,231,0,17,214
2026-07-04,84029E,214,0,18,196
2026-07-05,84029E,196,0,18,178
2026-07-06,84029E,178,0,13,165
2026-07-07,84029E,165,0,14,151
2026-07-08,84029E,151,0,15,136
2026-07-09,84029E,136,0,16,120
2026-07-10,84029E,120,0,18,102
2026-07-11,84029E,102,241,19,324
2026-07-12,84029E,324,0,17,307
2026-07-13,84029E,307,0,15,292
2026-07-14,84029E,292,0,15,277
2026-07-15,84029E,277,0,15,262
2026-07-16,84029E,262,0,15,247
2026-07-17,84029E,247,0,17,230
2026-07-18,84029E,230,0,19,211
2026-07-19,84029E,211,0,16,195
2026-07-20,84029E,195,0,14,181
2026-07-21,84029E,181,0,15,166
2026-07-22,84029E,166,0,14,152
2026-07-23,84029E,152,0,16,136
2026-07-24,84029E,136,0,16,120
2026-07-25,84029E,120,0,17,103
2026-07-26,84029E,103,241,18,326
2026-07-27,84029E,326,0,13,313
2026-07-28,84029E,313,0,14,299
2026-07-29,84029E,299,0,14,285
2026-07-30,84029E,285,0,15,270
2026-07-31,84029E,270,0,17,253
2026-08-01,84029E,253,0,19,234
2026-08-02,84029E,234,0,16,218
2026-08-03,84029E,218,0,15,203
2026-08-04,84029E,203,0,16,187
2026-08-05,84029E,187,0,15,172
2026-08-06,84029E,172,0,16,156
2026-08-07,84029E,156,0,17,139
2026-08-08,84029E,139,0,19,120
2026-08-09,84029E,120,0,17,103
2026-08-10,84029E,103,235,14,324
2026-08-11,84029E,324,0,13,311
2026-08-12,84029E,311,0,14,297
2026-08-13,84029E,297,0,16,281
2026-08-14,84029E,281,0,16,265
2026-08-15,84029E,265,0,19,246
2026-08-16,84029E,246,0,18,228
2026-08-17,84029E,228,0,13,215
2026-08-18,84029E,215,0,14,201
2026-08-19,84029E,201,0,14,187
2026-08-20,84029E,187,0,14,173
2026-08-21,84029E,173,0,17,156
2026-08-22,84029E,156,0,18,138
2026-08-23,84029E,138,0,18,120
2026-08-24,84029E,120,1355,13,1462
2026-08-25,84029E,1462,0,15,1447
2026-08-26,84029E,1447,0,16,1431
2026-08-27,84029E,1431,0,17,1414
2026-08-28,84029E,1414,0,17,1397
2026-08-29,84029E,1397,0,18,1379
2026-08-30,84029E,1379,0,18,1361
2026-08-31,84029E,1361,0,14,1347
2026-09-01,84029E,1347,0,15,1332
2026-09-02,84029E,1332,0,15,1317
2026-09-03,84029E,1317,0,16,1301
2026-09-04,84029E,1301,0,18,1283
2026-09-05,84029E,1283,0,19,1264
2026-09-06,84029E,1264,0,18,1246
2026-09-07,84029E,1246,0,14,1232
2026-09-08,84029E,1232,0,14,1218
2026-09-09,84029E,1218,0,16,1202
2026-09-10,84029E,1202,0,15,1187
2026-09-11,84029E,1187,0,17,1170
2026-09-12,84029E,1170,0,18,1152
2026-09-13,84029E,1152,0,18,1134
2024-09-14,22752,708,0,29,679
2024-09-15,22752,679,0,26,653
2024-09-16,22752,653,0,21,632
2024-09-17,22752,632,0,22,610
2024-09-18,22752,610,0,23,587
2024-09-19,22752,587,0,25,562
2024-09-20,22752,562,0,26,536
2024-09-21,22752,536,0,30,506
2024-09-22,22752,506,0,28,478
2024-09-23,22752,478,0,22,456
2024-09-24,22752,456,0,22,434
2024-09-25,22752,434,0,24,410
2024-09-26,22752,410,0,24,386
2024-09-27,22752,386,0,25,361
2024-09-28,22752,361,0,28,333
2024-09-29,22752,333,0,29,304
2024-09-30,22752,304,0,23,281
2024-10-01,22752,281,0,23,258
2024-10-02,22752,258,0,24,234
2024-10-03,22752,234,0,24,210
2024-10-04,22752,210,0,26,184
2024-10-05,22752,184,0,29,155
2024-10-06,22752,155,0,27,128
2024-10-07,22752,128,368,22,474
2024-10-08,22752,474,0,22,452
2024-10-09,22752,452,0,25,427
2024-10-10,22752,427,0,25,402
2024-10-11,22752,402,0,26,376
2024-10-12,22752,376,0,30,346
2024-10-13,22752,346,0,27,319
2024-10-14,22752,319,0,24,295
2024-10-15,22752,295,0,22,273
2024-10-16,22752,273,0,25,248
2024-10-17,22752,248,0,25,223
2024-10-18,22752,223,0,27,196
2024-10-19,22752,196,0,29,167
2024-10-20,22752,167,0,29,138
2024-10-21,22752,138,0,23,115
2024-10-22,22752,115,383,22,476
2024-10-23,22752,476,0,24,452
2024-10-24,22752,452,0,26,426
2024-10-25,22752,426,0,26,400
2024-10-26,22752,400,0,31,369
2024-10-27,22752,369,0,27,342
2024-10-28,22752,342,0,22,320
2024-10-29,22752,320,0,23,297
2024-10-30,22752,297,0,24,273
2024-10-31,22752,273,0,25,248
2024-11-01,22752,248,0,28,220
2024-11-02,22752,220,0,30,190
2024-11-03,22752,190,0,29,161
2024-11-04,22752,161,0,23,138
2024-11-05,22752,138,0,23,115
2024-11-06,22752,115,384,23,476
2024-11-07,22752,476,0,24,452
2024-11-08,22752,452,0,26,426
2024-11-09,22752,426,0,31,395
2024-11-10,22752,395,0,30,365
2024-11-11,22752,365,0,23,342
2024-11-12,22752,342,0,23,319
2024-11-13,22752,319,0,23,296
2024-11-14,22752,296,0,26,270
2024-11-15,22752,270,0,27,243
2024-11-16,22752,243,0,29,214
2024-11-17,22752,214,0,30,184
2024-11-18,22752,184,0,24,160
2024-11-19,22752,160,0,22,138
2024-11-20,22752,138,367,24,481
2024-11-21,22752,481,0,26,455
2024-11-22,22752,455,0,28,427
2024-11-23,22752,427,0,31,396
2024-11-24,22752,396,0,29,367
2024-11-25,22752,367,0,22,345
2024-11-26,22752,345,0,23,322
2024-11-27,22752,322,0,24,298
2024-11-28,22752,298,0,24,274
2024-11-29,22752,274,0,27,247
2024-11-30,22752,247,0,31,216
2024-12-01,22752,216,0,30,186
2024-12-02,22752,186,0,24,162
2024-12-03,22752,162,0,24,138
2024-12-04,22752,138,0,23,115
2024-12-05,22752,115,395,25,485
2024-12-06,22752,485,0,27,458
2024-12-07,22752,458,0,31,427
2024-12-08,22752,427,0,29,398
2024-12-09,22752,398,0,24,374
2024-12-10,22752,374,0,25,349
2024-12-11,22752,349,0,25,324
2024-12-12,22752,324,0,26,298
2024-12-13,22752,298,0,28,270
2024-12-14,22752,270,0,31,239
2024-12-15,22752,239,0,29,210
2024-12-16,22752,210,0,22,188
2024-12-17,22752,188,0,25,163
2024-12-18,22752,163,0,25,138
2024-12-19,22752,138,361,26,473
2024-12-20,22752,473,0,27,446
2024-12-21,22752,446,0,30,416
2024-12-22,22752,416,0,28,388
2024-12-23,22752,388,0,23,365
2024-12-24,22752,365,0,23,342
2024-12-25,22752,342,0,24,318
2024-12-26,22752,318,0,25,293
2024-12-27,22752,293,0,26,267
2024-12-28,22752,267,0,30,237
2024-12-29,22752,237,0,28,209
2024-12-30,22752,209,0,24,185
2024-12-31,22752,185,0,23,162
2025-01-01,22752,162,0,24,138
2025-01-02,22752,138,365,25,478
2025-01-03,22752,478,0,26,452
2025-01-04,22752,452,0,31,421
2025-01-05,22752,421,0,28,393
2025-01-06,22752,393,0,23,370
2025-01-07,22752,370,0,24,346
2025-01-08,22752,346,0,24,322
2025-01-09,22752,322,0,25,297
2025-01-10,22752,297,0,27,270
2025-01-11,22752,270,0,30,240
2025-01-12,22752,240,0,30,210
2025-01-13,22752,210,0,23,187
2025-01-14,22752,187,0,24,163
2025-01-15,22752,163,0,25,138
2025-01-16,22752,138,365,24,479
2025-01-17,22752,479,0,27,452
2025-01-18,22752,452,0,31,421
2025-01-19,22752,421,0,30,391
2025-01-20,22752,391,0,24,367
2025-01-21,22752,367,0,22,345
2025-01-22,22752,345,0,24,321
2025-01-23,22752,321,0,24,297
2025-01-24,22752,297,0,26,271
2025-01-25,22752,271,0,31,240
2025-01-26,22752,240,0,29,211
2025-01-27,22752,211,0,24,187
2025-01-28,22752,187,0,24,163
2025-01-29,22752,163,0,25,138
2025-01-30,22752,138,356,24,470
2025-01-31,22752,470,0,27,443
2025-02-01,22752,443,0,30,413
2025-02-02,22752,413,0,28,385
2025-02-03,22752,385,0,23,362
2025-02-04,22752,362,0,22,340
2025-02-05,22752,340,0,25,315
2025-02-06,22752,315,0,24,291
2025-02-07,22752,291,0,27,264
2025-02-08,22752,264,0,30,234
2025-02-09,22752,234,0,27,207
2025-02-10,22752,207,0,23,184
2025-02-11,22752,184,0,22,162
2025-02-12,22752,162,0,24,138
2025-02-13,22752,138,348,25,461
2025-02-14,22752,461,0,26,435
2025-02-15,22752,435,0,29,406
2025-02-16,22752,406,0,27,379
2025-02-17,22752,379,0,21,358
2025-02-18,22752,358,0,22,336
2025-02-19,22752,336,0,23,313
2025-02-20,22752,313,0,24,289
2025-02-21,22752,289,0,25,264
2025-02-22,22752,264,0,28,236
2025-02-23,22752,236,0,29,207
2025-02-24,22752,207,0,21,186
2025-02-25,22752,186,0,24,162
2025-02-26,22752,162,0,24,138
2025-02-27,22752,138,346,25,459
2025-02-28,22752,459,0,25,434
2025-03-01,22752,434,0,28,406
2025-03-02,22752,406,0,27,379
2025-03-03,22752,379,0,21,358
2025-03-04,22752,358,0,23,335
2025-03-05,22752,335,0,23,312
2025-03-06,22752,312,0,24,288
2025-03-07,22752,288,0,27,261
2025-03-08,22752,261,0,29,232
2025-03-09,22752,232,0,28,204
2025-03-10,22752,204,0,21,183
2025-03-11,22752,183,0,21,162
2025-03-12,22752,162,0,24,138
2025-03-13,22752,138,0,23,115
2025-03-14,22752,115,366,27,454
2025-03-15,22752,454,0,28,426
2025-03-16,22752,426,0,27,399
2025-03-17,22752,399,0,21,378
2025-03-18,22752,378,0,22,356
2025-03-19,22752,356,0,24,332
2025-03-20,22752,332,0,23,309
2025-03-21,22752,309,0,25,284
2025-03-22,22752,284,0,29,255
2025-03-23,22752,255,0,27,228
2025-03-24,22752,228,0,22,206
2025-03-25,22752,206,0,22,184
2025-03-26,22752,184,0,23,161
2025-03-27,22752,161,0,23,138
2025-03-28,22752,138,339,25,452
2025-03-29,22752,452,0,29,423
2025-03-30,22752,423,0,27,396
2025-03-31,22752,396,0,22,374
2025-04-01,22752,374,0,23,351
2025-04-02,22752,351,0,22,329
2025-04-03,22752,329,0,24,305
2025-04-04,22752,305,0,24,281
2025-04-05,22752,281,0,29,252
2025-04-06,22752,252,0,27,225
2025-04-07,22752,225,0,20,205
2025-04-08,22752,205,0,22,183
2025-04-09,22752,183,0,23,160
2025-04-10,22752,160,0,22,138
2025-04-11,22752,138,331,26,443
2025-04-12,22752,443,0,29,414
2025-04-13,22752,414,0,27,387
2025-04-14,22752,387,0,21,366
2025-04-15,22752,366,0,21,345
2025-04-16,22752,345,0,21,324
2025-04-17,22752,324,0,22,302
2025-04-18,22752,302,0,24,278
2025-04-19,22752,278,0,28,250
2025-04-20,22752,250,0,25,225
2025-04-21,22752,225,0,22,203
2025-04-22,22752,203,0,21,182
2025-04-23,22752,182,0,22,160
2025-04-24,22752,160,0,22,138
2025-04-25,22752,138,0,23,115
2025-04-26,22752,115,355,28,442
2025-04-27,22752,442,0,26,416
2025-04-28,22752,416,0,21,395
2025-04-29,22752,395,0,21,374
2025-04-30,22752,374,0,23,351
2025-05-01,22752,351,0,23,328
2025-05-02,22752,328,0,25,303
2025-05-03,22752,303,0,26,277
2025-05-04,22752,277,0,27,250
2025-05-05,22752,250,0,22,228
2025-05-06,22752,228,0,21,207
2025-05-07,22752,207,0,22,185
2025-05-08,22752,185,0,22,163
2025-05-09,22752,163,0,25,138
2025-05-10,22752,138,319,26,431
2025-05-11,22752,431,0,25,406
2025-05-12,22752,406,0,21,385
2025-05-13,22752,385,0,20,365
2025-05-14,22752,365,0,21,344
2025-05-15,22752,344,0,23,321
2025-05-16,22752,321,0,25,296
2025-05-17,22752,296,0,27,269
2025-05-18,22752,269,0,25,244
2025-05-19,22752,244,0,21,223
2025-05-20,22752,223,0,21,202
2025-05-21,22752,202,0,20,182
2025-05-22,22752,182,0,21,161
2025-05-23,22752,161,0,23,138
2025-05-24,22752,138,317,28,427
2025-05-25,22752,427,0,24,403
2025-05-26,22752,403,0,21,382
2025-05-27,22752,382,0,20,362
2025-05-28,22752,362,0,22,340
2025-05-29,22752,340,0,21,319
2025-05-30,22752,319,0,24,295
2025-05-31,22752,295,0,27,268
2025-06-01,22752,268,0,25,243
2025-06-02,22752,243,0,19,224
2025-06-03,22752,224,0,20,204
2025-06-04,22752,204,0,20,184
2025-06-05,22752,184,0,22,162
2025-06-06,22752,162,0,24,138
2025-06-07,22752,138,318,26,430
2025-06-08,22752,430,0,25,405
2025-06-09,22752,405,0,19,386
2025-06-10,22752,386,0,20,366
2025-06-11,22752,366,0,23,343
2025-06-12,22752,343,0,21,322
2025-06-13,22752,322,0,24,298
2025-06-14,22752,298,0,27,271
2025-06-15,22752,271,0,25,246
2025-06-16,22752,246,0,20,226
2025-06-17,22752,226,0,21,205
2025-06-18,22752,205,0,21,184
2025-06-19,22752,184,0,22,162
2025-06-20,22752,162,0,24,138
2025-06-21,22752,138,322,27,433
2025-06-22,22752,433,0,26,407
2025-06-23,22752,407,0,21,386
2025-06-24,22752,386,0,21,365
2025-06-25,22752,365,0,23,342
2025-06-26,22752,342,0,22,320
2025-06-27,22752,320,0,23,297
2025-06-28,22752,297,0,27,270
2025-06-29,22752,270,0,25,245
2025-06-30,22752,245,0,19,226
2025-07-01,22752,226,0,21,205
2025-07-02,22752,205,0,21,184
2025-07-03,22752,184,0,21,163
2025-07-04,22752,163,0,25,138
2025-07-05,22752,138,324,27,435
2025-07-06,22752,435,0,24,411
2025-07-07,22752,411,0,21,390
2025-07-08,22752,390,0,22,368
2025-07-09,22752,368,0,23,345
2025-07-10,22752,345,0,22,323
2025-07-11,22752,323,0,25,298
2025-07-12,22752,298,0,27,271
2025-07-13,22752,271,0,26,245
2025-07-14,22752,245,0,20,225
2025-07-15,22752,225,0,20,205
2025-07-16,22752,205,0,21,184
2025-07-17,22752,184,0,22,162
2025-07-18,22752,162,0,24,138
2025-07-19,22752,138,325,27,436
2025-07-20,22752,436,0,24,412
2025-07-21,22752,412,0,21,391
2025-07-22,22752,391,0,20,371
2025-07-23,22752,371,0,22,349
2025-07-24,22752,349,0,24,325
2025-07-25,22752,325,0,24,301
2025-07-26,22752,301,0,26,275
2025-07-27,22752,275,0,25,250
2025-07-28,22752,250,0,21,229
2025-07-29,22752,229,0,21,208
2025-07-30,22752,208,0,22,186
2025-07-31,22752,186,0,24,162
2025-08-01,22752,162,0,24,138
2025-08-02,22752,138,330,28,440
2025-08-03,22752,440,0,25,415
2025-08-04,22752,415,0,21,394
2025-08-05,22752,394,0,22,372
2025-08-06,22752,372,0,22,350
2025-08-07,22752,350,0,22,328
2025-08-08,22752,328,0,26,302
2025-08-09,22752,302,0,28,274
2025-08-10,22752,274,0,25,249
2025-08-11,22752,249,0,20,229
2025-08-12,22752,229,0,22,207
2025-08-13,22752,207,0,22,185
2025-08-14,22752,185,0,23,162
2025-08-15,22752,162,0,24,138
2025-08-16,22752,138,332,28,442
2025-08-17,22752,442,0,27,415
2025-08-18,22752,415,0,20,395
2025-08-19,22752,395,0,23,372
2025-08-20,22752,372,0,23,349
2025-08-21,22752,349,0,23,326
2025-08-22,22752,326,0,25,301
2025-08-23,22752,301,0,28,273
2025-08-24,22752,273,0,25,248
2025-08-25,22752,248,0,21,227
2025-08-26,22752,227,0,21,206
2025-08-27,22752,206,0,21,185
2025-08-28,22752,185,0,22,163
2025-08-29,22752,163,0,25,138
2025-08-30,22752,138,338,28,448
2025-08-31,22752,448,0,26,422
2025-09-01,22752,422,0,21,401
2025-09-02,22752,401,0,22,379
2025-09-03,22752,379,0,21,358
2025-09-04,22752,358,0,24,334
2025-09-05,22752,334,0,25,309
2025-09-06,22752,309,0,29,280
2025-09-07,22752,280,0,28,252
2025-09-08,22752,252,0,21,231
2025-09-09,22752,231,0,21,210
2025-09-10,22752,210,0,22,188
2025-09-11,22752,188,0,24,164
2025-09-12,22752,164,0,26,138
2025-09-13,22752,138,349,28,459
2025-09-14,22752,459,0,27,432
2025-09-15,22752,432,0,21,411
2025-09-16,22752,411,0,23,388
2025-09-17,22752,388,0,24,364
2025-09-18,22752,364,0,24,340
2025-09-19,22752,340,0,25,315
2025-09-20,22752,315,0,30,285
2025-09-21,22752,285,0,29,256
2025-09-22,22752,256,0,22,234
2025-09-23,22752,234,0,23,211
2025-09-24,22752,211,0,23,188
2025-09-25,22752,188,0,24,164
2025-09-26,22752,164,0,26,138
2025-09-27,22752,138,350,30,458
2025-09-28,22752,458,0,26,432
2025-09-29,22752,432,0,21,411
2025-09-30,22752,411,0,23,388
2025-10-01,22752,388,0,23,365
2025-10-02,22752,365,0,24,341
2025-10-03,22752,341,0,26,315
2025-10-04,22752,315,0,28,287
2025-10-05,22752,287,0,29,258
2025-10-06,22752,258,0,22,236
2025-10-07,22752,236,0,23,213
2025-10-08,22752,213,0,23,190
2025-10-09,22752,190,0,25,165
2025-10-10,22752,165,0,27,138
2025-10-11,22752,138,358,29,467
2025-10-12,22752,467,0,27,440
2025-10-13,22752,440,0,22,418
2025-10-14,22752,418,0,24,394
2025-10-15,22752,394,0,23,371
2025-10-16,22752,371,0,25,346
2025-10-17,22752,346,0,27,319
2025-10-18,22752,319,0,29,290
2025-10-19,22752,290,0,28,262
2025-10-20,22752,262,0,23,239
2025-10-21,22752,239,0,25,214
2025-10-22,22752,214,0,25,189
2025-10-23,22752,189,0,25,164
2025-10-24,22752,164,0,26,138
2025-10-25,22752,138,357,31,464
2025-10-26,22752,464,0,28,436
2025-10-27,22752,436,0,23,413
2025-10-28,22752,413,0,24,389
2025-10-29,22752,389,0,23,366
2025-10-30,22752,366,0,25,341
2025-10-31,22752,341,0,26,315
2025-11-01,22752,315,0,29,286
2025-11-02,22752,286,0,28,258
2025-11-03,22752,258,0,23,235
2025-11-04,22752,235,0,22,213
2025-11-05,22752,213,0,23,190
2025-11-06,22752,190,0,25,165
2025-11-07,22752,165,0,27,138
2025-11-08,22752,138,368,31,475
2025-11-09,22752,475,0,29,446
2025-11-10,22752,446,0,22,424
2025-11-11,22752,424,0,24,400
2025-11-12,22752,400,0,25,375
2025-11-13,22752,375,0,24,351
2025-11-14,22752,351,0,27,324
2025-11-15,22752,324,0,30,294
2025-11-16,22752,294,0,29,265
2025-11-17,22752,265,0,24,241
2025-11-18,22752,241,0,24,217
2025-11-19,22752,217,0,26,191
2025-11-20,22752,191,0,26,165
2025-11-21,22752,165,0,27,138
2025-11-22,22752,138,364,30,472
2025-11-23,22752,472,0,29,443
2025-11-24,22752,443,0,22,421
2025-11-25,22752,421,0,24,397
2025-11-26,22752,397,0,25,372
2025-11-27,22752,372,0,25,347
2025-11-28,22752,347,0,27,320
2025-11-29,22752,320,0,30,290
2025-11-30,22752,290,0,30,260
2025-12-01,22752,260,0,23,237
2025-12-02,22752,237,0,25,212
2025-12-03,22752,212,0,23,189
2025-12-04,22752,189,0,24,165
2025-12-05,22752,165,0,27,138
2025-12-06,22752,138,367,31,474
2025-12-07,22752,474,0,29,445
2025-12-08,22752,445,0,24,421
2025-12-09,22752,421,0,23,398
2025-12-10,22752,398,0,25,373
2025-12-11,22752,373,0,26,347
2025-12-12,22752,347,0,27,320
2025-12-13,22752,320,0,30,290
2025-12-14,22752,290,0,28,262
2025-12-15,22752,262,0,23,239
2025-12-16,22752,239,0,25,214
2025-12-17,22752,214,0,24,190
2025-12-18,22752,190,0,26,164
2025-12-19,22752,164,0,26,138
2025-12-20,22752,138,366,31,473
2025-12-21,22752,473,0,28,445
2025-12-22,22752,445,0,23,422
2025-12-23,22752,422,0,25,397
2025-12-24,22752,397,0,25,372
2025-12-25,22752,372,0,25,347
2025-12-26,22752,347,0,27,320
2025-12-27,22752,320,0,29,291
2025-12-28,22752,291,0,29,262
2025-12-29,22752,262,0,23,239
2025-12-30,22752,239,0,23,216
2025-12-31,22752,216,0,24,192
2026-01-01,22752,192,0,26,166
2026-01-02,22752,166,0,28,138
2026-01-03,22752,138,369,30,477
2026-01-04,22752,477,0,30,447
2026-01-05,22752,447,0,24,423
2026-01-06,22752,423,0,24,399
2026-01-07,22752,399,0,25,374
2026-01-08,22752,374,0,25,349
2026-01-09,22752,349,0,27,322
2026-01-10,22752,322,0,31,291
2026-01-11,22752,291,0,30,261
2026-01-12,22752,261,0,22,239
2026-01-13,22752,239,0,24,215
2026-01-14,22752,215,0,24,191
2026-01-15,22752,191,0,25,166
2026-01-16,22752,166,0,28,138
2026-01-17,22752,138,362,31,469
2026-01-18,22752,469,0,30,439
2026-01-19,22752,439,0,22,417
2026-01-20,22752,417,0,24,393
2026-01-21,22752,393,0,25,368
2026-01-22,22752,368,0,25,343
2026-01-23,22752,343,0,27,316
2026-01-24,22752,316,0,30,286
2026-01-25,22752,286,0,28,258
2026-01-26,22752,258,0,24,234
2026-01-27,22752,234,0,23,211
2026-01-28,22752,211,0,24,187
2026-01-29,22752,187,0,24,163
2026-01-30,22752,163,0,25,138
2026-01-31,22752,138,358,30,466
2026-02-01,22752,466,0,28,438
2026-02-02,22752,438,0,22,416
2026-02-03,22752,416,0,24,392
2026-02-04,22752,392,0,23,369
2026-02-05,22752,369,0,24,345
2026-02-06,22752,345,0,27,318
2026-02-07,22752,318,0,29,289
2026-02-08,22752,289,0,29,260
2026-02-09,22752,260,0,22,238
2026-02-10,22752,238,0,24,214
2026-02-11,22752,214,0,25,189
2026-02-12,22752,189,0,26,163
2026-02-13,22752,163,0,25,138
2026-02-14,22752,138,351,30,459
2026-02-15,22752,459,0,28,431
2026-02-16,22752,431,0,23,408
2026-02-17,22752,408,0,22,386
2026-02-18,22752,386,0,23,363
2026-02-19,22752,363,0,24,339
2026-02-20,22752,339,0,26,313
2026-02-21,22752,313,0,29,284
2026-02-22,22752,284,0,29,255
2026-02-23,22752,255,0,21,234
2026-02-24,22752,234,0,22,212
2026-02-25,22752,212,0,24,188
2026-02-26,22752,188,0,25,163
2026-02-27,22752,163,0,25,138
2026-02-28,22752,138,350,30,458
2026-03-01,22752,458,0,28,430
2026-03-02,22752,430,0,22,408
2026-03-03,22752,408,0,24,384
2026-03-04,22752,384,0,23,361
2026-03-05,22752,361,0,24,337
2026-03-06,22752,337,0,27,310
2026-03-07,22752,310,0,29,281
2026-03-08,22752,281,0,27,254
2026-03-09,22752,254,0,22,232
2026-03-10,22752,232,0,22,210
2026-03-11,22752,210,0,22,188
2026-03-12,22752,188,0,24,164
2026-03-13,22752,164,0,26,138
2026-03-14,22752,138,340,27,451
2026-03-15,22752,451,0,27,424
2026-03-16,22752,424,0,22,402
2026-03-17,22752,402,0,23,379
2026-03-18,22752,379,0,24,355
2026-03-19,22752,355,0,25,330
2026-03-20,22752,330,0,25,305
2026-03-21,22752,305,0,27,278
2026-03-22,22752,278,0,28,250
2026-03-23,22752,250,0,21,229
2026-03-24,22752,229,0,22,207
2026-03-25,22752,207,0,22,185
2026-03-26,22752,185,0,23,162
2026-03-27,22752,162,0,24,138
2026-03-28,22752,138,337,29,446
2026-03-29,22752,446,0,26,420
2026-03-30,22752,420,0,22,398
2026-03-31,22752,398,0,23,375
2026-04-01,22752,375,0,21,354
2026-04-02,22752,354,0,24,330
2026-04-03,22752,330,0,26,304
2026-04-04,22752,304,0,27,277
2026-04-05,22752,277,0,26,251
2026-04-06,22752,251,0,20,231
2026-04-07,22752,231,0,23,208
2026-04-08,22752,208,0,23,185
2026-04-09,22752,185,0,23,162
2026-04-10,22752,162,0,24,138
2026-04-11,22752,138,332,27,443
2026-04-12,22752,443,0,27,416
2026-04-13,22752,416,0,21,395
2026-04-14,22752,395,0,23,372
2026-04-15,22752,372,0,21,351
2026-04-16,22752,351,0,22,329
2026-04-17,22752,329,0,26,303
2026-04-18,22752,303,0,27,276
2026-04-19,22752,276,0,27,249
2026-04-20,22752,249,0,21,228
2026-04-21,22752,228,0,22,206
2026-04-22,22752,206,0,21,185
2026-04-23,22752,185,0,22,163
2026-04-24,22752,163,0,25,138
2026-04-25,22752,138,327,28,437
2026-04-26,22752,437,0,26,411
2026-04-27,22752,411,0,22,389
2026-04-28,22752,389,0,21,368
2026-04-29,22752,368,0,21,347
2026-04-30,22752,347,0,22,325
2026-05-01,22752,325,0,25,300
2026-05-02,22752,300,0,26,274
2026-05-03,22752,274,0,26,248
2026-05-04,22752,248,0,21,227
2026-05-05,22752,227,0,21,206
2026-05-06,22752,206,0,23,183
2026-05-07,22752,183,0,22,161
2026-05-08,22752,161,0,23,138
2026-05-09,22752,138,326,28,436
2026-05-10,22752,436,0,26,410
2026-05-11,22752,410,0,20,390
2026-05-12,22752,390,0,22,368
2026-05-13,22752,368,0,22,346
2026-05-14,22752,346,0,21,325
2026-05-15,22752,325,0,24,301
2026-05-16,22752,301,0,27,274
2026-05-17,22752,274,0,25,249
2026-05-18,22752,249,0,19,230
2026-05-19,22752,230,0,22,208
2026-05-20,22752,208,0,23,185
2026-05-21,22752,185,0,22,163
2026-05-22,22752,163,0,25,138
2026-05-23,22752,138,318,25,431
2026-05-24,22752,431,0,26,405
2026-05-25,22752,405,0,20,385
2026-05-26,22752,385,0,21,364
2026-05-27,22752,364,0,21,343
2026-05-28,22752,343,0,22,321
2026-05-29,22752,321,0,24,297
2026-05-30,22752,297,0,27,270
2026-05-31,22752,270,0,24,246
2026-06-01,22752,246,0,21,225
2026-06-02,22752,225,0,21,204
2026-06-03,22752,204,0,20,184
2026-06-04,22752,184,0,22,162
2026-06-05,22752,162,0,24,138
2026-06-06,22752,138,319,28,429
2026-06-07,22752,429,0,26,403
2026-06-08,22752,403,0,20,383
2026-06-09,22752,383,0,21,362
2026-06-10,22752,362,0,21,341
2026-06-11,22752,341,0,21,320
2026-06-12,22752,320,0,23,297
2026-06-13,22752,297,0,26,271
2026-06-14,22752,271,0,25,246
2026-06-15,22752,246,0,20,226
2026-06-16,22752,226,0,21,205
2026-06-17,22752,205,0,22,183
2026-06-18,22752,183,0,22,161
2026-06-19,22752,161,0,23,138
2026-06-20,22752,138,324,27,435
2026-06-21,22752,435,0,25,410
2026-06-22,22752,410,0,20,390
2026-06-23,22752,390,0,22,368
2026-06-24,22752,368,0,20,348
2026-06-25,22752,348,0,23,325
2026-06-26,22752,325,0,24,301
2026-06-27,22752,301,0,27,274
2026-06-28,22752,274,0,26,248
2026-06-29,22752,248,0,20,228
2026-06-30,22752,228,0,20,208
2026-07-01,22752,208,0,22,186
2026-07-02,22752,186,0,23,163
2026-07-03,22752,163,0,25,138
2026-07-04,22752,138,321,28,431
2026-07-05,22752,431,0,26,405
2026-07-06,22752,405,0,21,384
2026-07-07,22752,384,0,22,362
2026-07-08,22752,362,0,21,341
2026-07-09,22752,341,0,23,318
2026-07-10,22752,318,0,22,296
2026-07-11,22752,296,0,27,269
2026-07-12,22752,269,0,25,244
2026-07-13,22752,244,0,20,224
2026-07-14,22752,224,0,21,203
2026-07-15,22752,203,0,21,182
2026-07-16,22752,182,0,21,161
2026-07-17,22752,161,0,23,138
2026-07-18,22752,138,324,26,436
2026-07-19,22752,436,0,25,411
2026-07-20,22752,411,0,21,390
2026-07-21,22752,390,0,22,368
2026-07-22,22752,368,0,20,348
2026-07-23,22752,348,0,21,327
2026-07-24,22752,327,0,23,304
2026-07-25,22752,304,0,26,278
2026-07-26,22752,278,0,26,252
2026-07-27,22752,252,0,22,230
2026-07-28,22752,230,0,22,208
2026-07-29,22752,208,0,22,186
2026-07-30,22752,186,0,23,163
2026-07-31,22752,163,0,25,138
2026-08-01,22752,138,331,27,442
2026-08-02,22752,442,0,27,415
2026-08-03,22752,415,0,20,395
2026-08-04,22752,395,0,22,373
2026-08-05,22752,373,0,23,350
2026-08-06,22752,350,0,23,327
2026-08-07,22752,327,0,23,304
2026-08-08,22752,304,0,28,276
2026-08-09,22752,276,0,26,250
2026-08-10,22752,250,0,21,229
2026-08-11,22752,229,0,22,207
2026-08-12,22752,207,0,22,185
2026-08-13,22752,185,0,23,162
2026-08-14,22752,162,0,24,138
2026-08-15,22752,138,222,28,332
2026-08-16,22752,332,0,25,307
2026-08-17,22752,307,0,20,287
2026-08-18,22752,287,0,22,265
2026-08-19,22752,265,0,23,242
2026-08-20,22752,242,0,24,218
2026-08-21,22752,218,0,26,192
2026-08-22,22752,192,0,27,165
2026-08-23,22752,165,0,27,138
2026-08-24,22752,138,465,22,581
2026-08-25,22752,581,0,23,558
2026-08-26,22752,558,0,23,535
2026-08-27,22752,535,0,23,512
2026-08-28,22752,512,0,24,488
2026-08-29,22752,488,0,27,461
2026-08-30,22752,461,0,26,435
2026-08-31,22752,435,0,21,414
2026-09-01,22752,414,0,21,393
2026-09-02,22752,393,0,24,369
2026-09-03,22752,369,0,22,347
2026-09-04,22752,347,0,24,323
2026-09-05,22752,323,0,29,294
2026-09-06,22752,294,0,27,267
2026-09-07,22752,267,0,21,246
2026-09-08,22752,246,0,23,223
2026-09-09,22752,223,0,22,201
2026-09-10,22752,201,0,23,178
2026-09-11,22752,178,0,25,153
2026-09-12,22752,153,0,29,124
2026-09-13,22752,124,0,27,97
2024-09-14,21730,239,0,10,229
2024-09-15,21730,229,0,10,219
2024-09-16,21730,219,0,7,212
2024-09-17,21730,212,0,8,204
2024-09-18,21730,204,0,8,196
2024-09-19,21730,196,0,8,188
2024-09-20,21730,188,0,8,180
2024-09-21,21730,180,0,10,170
2024-09-22,21730,170,0,9,161
2024-09-23,21730,161,0,7,154
2024-09-24,21730,154,0,8,146
2024-09-25,21730,146,0,8,138
2024-09-26,21730,138,0,7,131
2024-09-27,21730,131,0,10,121
2024-09-28,21730,121,0,9,112
2024-09-29,21730,112,0,9,103
2024-09-30,21730,103,0,7,96
2024-10-01,21730,96,0,8,88
2024-10-02,21730,88,0,7,81
2024-10-03,21730,81,0,8,73
2024-10-04,21730,73,0,9,64
2024-10-05,21730,64,0,10,54
2024-10-06,21730,54,0,10,44
2024-10-07,21730,44,121,7,158
2024-10-08,21730,158,0,7,151
2024-10-09,21730,151,0,8,143
2024-10-10,21730,143,0,9,134
2024-10-11,21730,134,0,8,126
2024-10-12,21730,126,0,11,115
2024-10-13,21730,115,0,9,106
2024-10-14,21730,106,0,7,99
2024-10-15,21730,99,0,7,92
2024-10-16,21730,92,0,8,84
2024-10-17,21730,84,0,7,77
2024-10-18,21730,77,0,10,67
2024-10-19,21730,67,0,9,58
2024-10-20,21730,58,0,10,48
2024-10-21,21730,48,0,8,40
2024-10-22,21730,40,129,8,161
2024-10-23,21730,161,0,9,152
2024-10-24,21730,152,0,8,144
2024-10-25,21730,144,0,8,136
2024-10-26,21730,136,0,9,127
2024-10-27,21730,127,0,9,118
2024-10-28,21730,118,0,8,110
2024-10-29,21730,110,0,8,102
2024-10-30,21730,102,0,9,93
2024-10-31,21730,93,0,8,85
2024-11-01,21730,85,0,9,76
2024-11-02,21730,76,0,11,65
2024-11-03,21730,65,0,10,55
2024-11-04,21730,55,0,7,48
2024-11-05,21730,48,123,9,162
2024-11-06,21730,162,0,9,153
2024-11-07,21730,153,0,8,145
2024-11-08,21730,145,0,9,136
2024-11-09,21730,136,0,11,125
2024-11-10,21730,125,0,9,116
2024-11-11,21730,116,0,8,108
2024-11-12,21730,108,0,7,101
2024-11-13,21730,101,0,7,94
2024-11-14,21730,94,0,9,85
2024-11-15,21730,85,0,9,76
2024-11-16,21730,76,0,10,66
2024-11-17,21730,66,0,10,56
2024-11-18,21730,56,0,8,48
2024-11-19,21730,48,0,7,41
2024-11-20,21730,41,139,9,171
2024-11-21,21730,171,0,8,163
2024-11-22,21730,163,0,10,153
2024-11-23,21730,153,0,11,142
2024-11-24,21730,142,0,10,132
2024-11-25,21730,132,0,8,124
2024-11-26,21730,124,0,10,114
2024-11-27,21730,114,0,9,105
2024-11-28,21730,105,0,9,96
2024-11-29,21730,96,0,10,86
2024-11-30,21730,86,0,10,76
2024-12-01,21730,76,0,11,65
2024-12-02,21730,65,0,8,57
2024-12-03,21730,57,0,9,48
2024-12-04,21730,48,127,9,166
2024-12-05,21730,166,0,10,156
2024-12-06,21730,156,0,10,146
2024-12-07,21730,146,0,10,136
2024-12-08,21730,136,0,9,127
2024-12-09,21730,127,0,7,120
2024-12-10,21730,120,0,8,112
2024-12-11,21730,112,0,9,103
2024-12-12,21730,103,0,8,95
2024-12-13,21730,95,0,9,86
2024-12-14,21730,86,0,11,75
2024-12-15,21730,75,0,11,64
2024-12-16,21730,64,0,7,57
2024-12-17,21730,57,0,9,48
2024-12-18,21730,48,125,9,164
2024-12-19,21730,164,0,8,156
2024-12-20,21730,156,0,9,147
2024-12-21,21730,147,0,11,136
2024-12-22,21730,136,0,10,126
2024-12-23,21730,126,0,9,117
2024-12-24,21730,117,0,7,110
2024-12-25,21730,110,0,9,101
2024-12-26,21730,101,0,9,92
2024-12-27,21730,92,0,9,83
2024-12-28,21730,83,0,10,73
2024-12-29,21730,73,0,9,64
2024-12-30,21730,64,0,8,56
2024-12-31,21730,56,0,8,48
2025-01-01,21730,48,124,9,163
2025-01-02,21730,163,0,9,154
2025-01-03,21730,154,0,10,144
2025-01-04,21730,144,0,11,133
2025-01-05,21730,133,0,9,124
2025-01-06,21730,124,0,7,117
2025-01-07,21730,117,0,8,109
2025-01-08,21730,109,0,9,100
2025-01-09,21730,100,0,8,92
2025-01-10,21730,92,0,9,83
2025-01-11,21730,83,0,9,74
2025-01-12,21730,74,0,9,65
2025-01-13,21730,65,0,8,57
2025-01-14,21730,57,0,9,48
2025-01-15,21730,48,127,9,166
2025-01-16,21730,166,0,10,156
2025-01-17,21730,156,0,8,148
2025-01-18,21730,148,0,12,136
2025-01-19,21730,136,0,10,126
2025-01-20,21730,126,0,8,118
2025-01-21,21730,118,0,7,111
2025-01-22,21730,111,0,9,102
2025-01-23,21730,102,0,8,94
2025-01-24,21730,94,0,9,85
2025-01-25,21730,85,0,11,74
2025-01-26,21730,74,0,11,63
2025-01-27,21730,63,0,8,55
2025-01-28,21730,55,0,7,48
2025-01-29,21730,48,0,8,40
2025-01-30,21730,40,131,9,162
2025-01-31,21730,162,0,9,153
2025-02-01,21730,153,0,10,143
2025-02-02,21730,143,0,9,134
2025-02-03,21730,134,0,8,126
2025-02-04,21730,126,0,8,118
2025-02-05,21730,118,0,9,109
2025-02-06,21730,109,0,8,101
2025-02-07,21730,101,0,9,92
2025-02-08,21730,92,0,10,82
2025-02-09,21730,82,0,9,73
2025-02-10,21730,73,0,8,65
2025-02-11,21730,65,0,9,56
2025-02-12,21730,56,0,8,48
2025-02-13,21730,48,120,9,159
2025-02-14,21730,159,0,8,151
2025-02-15,21730,151,0,10,141
2025-02-16,21730,141,0,8,133
2025-02-17,21730,133,0,8,125
2025-02-18,21730,125,0,9,116
2025-02-19,21730,116,0,8,108
2025-02-20,21730,108,0,10,98
2025-02-21,21730,98,0,8,90
2025-02-22,21730,90,0,10,80
2025-02-23,21730,80,0,10,70
2025-02-24,21730,70,0,8,62
2025-02-25,21730,62,0,7,55
2025-02-26,21730,55,0,7,48
2025-02-27,21730,48,0,8,40
2025-02-28,21730,40,129,8,161
2025-03-01,21730,161,0,9,152
2025-03-02,21730,152,0,9,143
2025-03-03,21730,143,0,9,134
2025-03-04,21730,134,0,9,125
2025-03-05,21730,125,0,9,116
2025-03-06,21730,116,0,9,107
2025-03-07,21730,107,0,9,98
2025-03-08,21730,98,0,9,89
2025-03-09,21730,89,0,10,79
2025-03-10,21730,79,0,6,73
2025-03-11,21730,73,0,8,65
2025-03-12,21730,65,0,8,57
2025-03-13,21730,57,0,9,48
2025-03-14,21730,48,0,8,40
2025-03-15,21730,40,127,10,157
2025-03-16,21730,157,0,9,148
2025-03-17,21730,148,0,8,140
2025-03-18,21730,140,0,7,133
2025-03-19,21730,133,0,8,125
2025-03-20,21730,125,0,9,116
2025-03-21,21730,116,0,8,108
2025-03-22,21730,108,0,9,99
2025-03-23,21730,99,0,9,90
2025-03-24,21730,90,0,7,83
2025-03-25,21730,83,0,9,74
2025-03-26,21730,74,0,8,66
2025-03-27,21730,66,0,8,58
2025-03-28,21730,58,0,10,48
2025-03-29,21730,48,119,9,158
2025-03-30,21730,158,0,9,149
2025-03-31,21730,149,0,8,141
2025-04-01,21730,141,0,7,134
2025-04-02,21730,134,0,8,126
2025-04-03,21730,126,0,8,118
2025-04-04,21730,118,0,8,110
2025-04-05,21730,110,0,10,100
2025-04-06,21730,100,0,10,90
2025-04-07,21730,90,0,8,82
2025-04-08,21730,82,0,9,73
2025-04-09,21730,73,0,8,65
2025-04-10,21730,65,0,7,58
2025-04-11,21730,58,0,10,48
2025-04-12,21730,48,115,10,153
2025-04-13,21730,153,0,10,143
2025-04-14,21730,143,0,7,136
2025-04-15,21730,136,0,7,129
2025-04-16,21730,129,0,9,120
2025-04-17,21730,120,0,8,112
2025-04-18,21730,112,0,9,103
2025-04-19,21730,103,0,9,94
2025-04-20,21730,94,0,9,85
2025-04-21,21730,85,0,8,77
2025-04-22,21730,77,0,7,70
2025-04-23,21730,70,0,6,64
2025-04-24,21730,64,0,8,56
2025-04-25,21730,56,0,8,48
2025-04-26,21730,48,118,9,157
2025-04-27,21730,157,0,10,147
2025-04-28,21730,147,0,8,139
2025-04-29,21730,139,0,8,131
2025-04-30,21730,131,0,7,124
2025-05-01,21730,124,0,7,117
2025-05-02,21730,117,0,9,108
2025-05-03,21730,108,0,10,98
2025-05-04,21730,98,0,10,88
2025-05-05,21730,88,0,6,82
2025-05-06,21730,82,0,8,74
2025-05-07,21730,74,0,8,66
2025-05-08,21730,66,0,9,57
2025-05-09,21730,57,0,9,48
2025-05-10,21730,48,111,9,150
2025-05-11,21730,150,0,10,140
2025-05-12,21730,140,0,7,133
2025-05-13,21730,133,0,6,127
2025-05-14,21730,127,0,8,119
2025-05-15,21730,119,0,7,112
2025-05-16,21730,112,0,8,104
2025-05-17,21730,104,0,10,94
2025-05-18,21730,94,0,10,84
2025-05-19,21730,84,0,6,78
2025-05-20,21730,78,0,7,71
2025-05-21,21730,71,0,8,63
2025-05-22,21730,63,0,8,55
2025-05-23,21730,55,0,7,48
2025-05-24,21730,48,0,8,40
2025-05-25,21730,40,119,9,150
2025-05-26,21730,150,0,7,143
2025-05-27,21730,143,0,8,135
2025-05-28,21730,135,0,6,129
2025-05-29,21730,129,0,7,122
2025-05-30,21730,122,0,8,114
2025-05-31,21730,114,0,10,104
2025-06-01,21730,104,0,10,94
2025-06-02,21730,94,0,6,88
2025-06-03,21730,88,0,8,80
2025-06-04,21730,80,0,8,72
2025-06-05,21730,72,0,8,64
2025-06-06,21730,64,0,7,57
2025-06-07,21730,57,0,9,48
2025-06-08,21730,48,108,9,147
2025-06-09,21730,147,0,8,139
2025-06-10,21730,139,0,6,133
2025-06-11,21730,133,0,6,127
2025-06-12,21730,127,0,7,120
2025-06-13,21730,120,0,7,113
2025-06-14,21730,113,0,9,104
2025-06-15,21730,104,0,7,97
2025-06-16,21730,97,0,7,90
2025-06-17,21730,90,0,8,82
2025-06-18,21730,82,0,7,75
2025-06-19,21730,75,0,8,67
2025-06-20,21730,67,0,9,58
2025-06-21,21730,58,0,10,48
2025-06-22,21730,48,114,10,152
2025-06-23,21730,152,0,6,146
2025-06-24,21730,146,0,8,138
2025-06-25,21730,138,0,7,131
2025-06-26,21730,131,0,7,124
2025-06-27,21730,124,0,9,115
2025-06-28,21730,115,0,10,105
2025-06-29,21730,105,0,9,96
2025-06-30,21730,96,0,8,88
2025-07-01,21730,88,0,7,81
2025-07-02,21730,81,0,7,74
2025-07-03,21730,74,0,9,65
2025-07-04,21730,65,0,8,57
2025-07-05,21730,57,0,9,48
2025-07-06,21730,48,0,8,40
2025-07-07,21730,40,120,6,154
2025-07-08,21730,154,0,8,146
2025-07-09,21730,146,0,9,137
2025-07-10,21730,137,0,7,130
2025-07-11,21730,130,0,8,122
2025-07-12,21730,122,0,10,112
2025-07-13,21730,112,0,9,103
2025-07-14,21730,103,0,6,97
2025-07-15,21730,97,0,7,90
2025-07-16,21730,90,0,7,83
2025-07-17,21730,83,0,9,74
2025-07-18,21730,74,0,8,66
2025-07-19,21730,66,0,10,56
2025-07-20,21730,56,0,8,48
2025-07-21,21730,48,0,7,41
2025-07-22,21730,41,123,8,156
2025-07-23,21730,156,0,9,147
2025-07-24,21730,147,0,9,138
2025-07-25,21730,138,0,9,129
2025-07-26,21730,129,0,8,121
2025-07-27,21730,121,0,10,111
2025-07-28,21730,111,0,7,104
2025-07-29,21730,104,0,7,97
2025-07-30,21730,97,0,8,89
2025-07-31,21730,89,0,7,82
2025-08-01,21730,82,0,9,73
2025-08-02,21730,73,0,10,63
2025-08-03,21730,63,0,8,55
2025-08-04,21730,55,0,7,48
2025-08-05,21730,48,0,8,40
2025-08-06,21730,40,123,8,155
2025-08-07,21730,155,0,8,147
2025-08-08,21730,147,0,9,138
2025-08-09,21730,138,0,10,128
2025-08-10,21730,128,0,9,119
2025-08-11,21730,119,0,8,111
2025-08-12,21730,111,0,8,103
2025-08-13,21730,103,0,7,96
2025-08-14,21730,96,0,8,88
2025-08-15,21730,88,0,7,81
2025-08-16,21730,81,0,9,72
2025-08-17,21730,72,0,9,63
2025-08-18,21730,63,0,8,55
2025-08-19,21730,55,0,7,48
2025-08-20,21730,48,0,7,41
2025-08-21,21730,41,126,8,159
2025-08-22,21730,159,0,8,151
2025-08-23,21730,151,0,10,141
2025-08-24,21730,141,0,10,131
2025-08-25,21730,131,0,8,123
2025-08-26,21730,123,0,7,116
2025-08-27,21730,116,0,7,109
2025-08-28,21730,109,0,8,101
2025-08-29,21730,101,0,8,93
2025-08-30,21730,93,0,10,83
2025-08-31,21730,83,0,10,73
2025-09-01,21730,73,0,7,66
2025-09-02,21730,66,0,9,57
2025-09-03,21730,57,0,9,48
2025-09-04,21730,48,0,7,41
2025-09-05,21730,41,130,8,163
2025-09-06,21730,163,0,10,153
2025-09-07,21730,153,0,9,144
2025-09-08,21730,144,0,7,137
2025-09-09,21730,137,0,9,128
2025-09-10,21730,128,0,8,120
2025-09-11,21730,120,0,9,111
2025-09-12,21730,111,0,9,102
2025-09-13,21730,102,0,10,92
2025-09-14,21730,92,0,10,82
2025-09-15,21730,82,0,9,73
2025-09-16,21730,73,0,8,65
2025-09-17,21730,65,0,9,56
2025-09-18,21730,56,0,8,48
2025-09-19,21730,48,127,10,165
2025-09-20,21730,165,0,10,155
2025-09-21,21730,155,0,9,146
2025-09-22,21730,146,0,7,139
2025-09-23,21730,139,0,8,131
2025-09-24,21730,131,0,9,122
2025-09-25,21730,122,0,9,113
2025-09-26,21730,113,0,10,103
2025-09-27,21730,103,0,10,93
2025-09-28,21730,93,0,10,83
2025-09-29,21730,83,0,9,74
2025-09-30,21730,74,0,9,65
2025-10-01,21730,65,0,8,57
2025-10-02,21730,57,0,9,48
2025-10-03,21730,48,124,9,163
2025-10-04,21730,163,0,11,152
2025-10-05,21730,152,0,9,143
2025-10-06,21730,143,0,8,135
2025-10-07,21730,135,0,8,127
2025-10-08,21730,127,0,7,120
2025-10-09,21730,120,0,9,111
2025-10-10,21730,111,0,10,101
2025-10-11,21730,101,0,10,91
2025-10-12,21730,91,0,11,80
2025-10-13,21730,80,0,8,72
2025-10-14,21730,72,0,7,65
2025-10-15,21730,65,0,9,56
2025-10-16,21730,56,0,8,48
2025-10-17,21730,48,121,10,159
2025-10-18,21730,159,0,10,149
2025-10-19,21730,149,0,10,139
2025-10-20,21730,139,0,7,132
2025-10-21,21730,132,0,8,124
2025-10-22,21730,124,0,9,115
2025-10-23,21730,115,0,7,108
2025-10-24,21730,108,0,9,99
2025-10-25,21730,99,0,10,89
2025-10-26,21730,89,0,9,80
2025-10-27,21730,80,0,7,73
2025-10-28,21730,73,0,8,65
2025-10-29,21730,65,0,9,56
2025-10-30,21730,56,0,8,48
2025-10-31,21730,48,127,10,165
2025-11-01,21730,165,0,11,154
2025-11-02,21730,154,0,9,145
2025-11-03,21730,145,0,7,138
2025-11-04,21730,138,0,9,129
2025-11-05,21730,129,0,8,121
2025-11-06,21730,121,0,8,113
2025-11-07,21730,113,0,10,103
2025-11-08,21730,103,0,10,93
2025-11-09,21730,93,0,11,82
2025-11-10,21730,82,0,9,73
2025-11-11,21730,73,0,8,65
2025-11-12,21730,65,0,9,56
2025-11-13,21730,56,0,8,48
2025-11-14,21730,48,125,9,164
2025-11-15,21730,164,0,12,152
2025-11-16,21730,152,0,9,143
2025-11-17,21730,143,0,8,135
2025-11-18,21730,135,0,7,128
2025-11-19,21730,128,0,9,119
2025-11-20,21730,119,0,8,111
2025-11-21,21730,111,0,9,102
2025-11-22,21730,102,0,11,91
2025-11-23,21730,91,0,10,81
2025-11-24,21730,81,0,8,73
2025-11-25,21730,73,0,8,65
2025-11-26,21730,65,0,8,57
2025-11-27,21730,57,0,9,48
2025-11-28,21730,48,126,9,165
2025-11-29,21730,165,0,10,155
2025-11-30,21730,155,0,10,145
2025-12-01,21730,145,0,8,137
2025-12-02,21730,137,0,9,128
2025-12-03,21730,128,0,10,118
2025-12-04,21730,118,0,8,110
2025-12-05,21730,110,0,10,100
2025-12-06,21730,100,0,10,90
2025-12-07,21730,90,0,9,81
2025-12-08,21730,81,0,8,73
2025-12-09,21730,73,0,9,64
2025-12-10,21730,64,0,8,56
2025-12-11,21730,56,0,8,48
2025-12-12,21730,48,124,9,163
2025-12-13,21730,163,0,11,152
2025-12-14,21730,152,0,9,143
2025-12-15,21730,143,0,7,136
2025-12-16,21730,136,0,8,128
2025-12-17,21730,128,0,9,119
2025-12-18,21730,119,0,10,109
2025-12-19,21730,109,0,8,101
2025-12-20,21730,101,0,11,90
2025-12-21,21730,90,0,10,80
2025-12-22,21730,80,0,7,73
2025-12-23,21730,73,0,9,64
2025-12-24,21730,64,0,7,57
2025-12-25,21730,57,0,9,48
2025-12-26,21730,48,126,10,164
2025-12-27,21730,164,0,11,153
2025-12-28,21730,153,0,10,143
2025-12-29,21730,143,0,7,136
2025-12-30,21730,136,0,8,128
2025-12-31,21730,128,0,9,119
2026-01-01,21730,119,0,9,110
2026-01-02,21730,110,0,9,101
2026-01-03,21730,101,0,10,91
2026-01-04,21730,91,0,9,82
2026-01-05,21730,82,0,9,73
2026-01-06,21730,73,0,7,66
2026-01-07,21730,66,0,10,56
2026-01-08,21730,56,0,8,48
2026-01-09,21730,48,0,8,40
2026-01-10,21730,40,133,11,162
2026-01-11,21730,162,0,10,152
2026-01-12,21730,152,0,7,145
2026-01-13,21730,145,0,8,137
2026-01-14,21730,137,0,8,129
2026-01-15,21730,129,0,7,122
2026-01-16,21730,122,0,8,114
2026-01-17,21730,114,0,12,102
2026-01-18,21730,102,0,10,92
2026-01-19,21730,92,0,8,84
2026-01-20,21730,84,0,7,77
2026-01-21,21730,77,0,10,67
2026-01-22,21730,67,0,10,57
2026-01-23,21730,57,0,9,48
2026-01-24,21730,48,128,11,165
2026-01-25,21730,165,0,11,154
2026-01-26,21730,154,0,8,146
2026-01-27,21730,146,0,9,137
2026-01-28,21730,137,0,9,128
2026-01-29,21730,128,0,8,120
2026-01-30,21730,120,0,10,110
2026-01-31,21730,110,0,10,100
2026-02-01,21730,100,0,10,90
2026-02-02,21730,90,0,8,82
2026-02-03,21730,82,0,8,74
2026-02-04,21730,74,0,8,66
2026-02-05,21730,66,0,9,57
2026-02-06,21730,57,0,9,48
2026-02-07,21730,48,123,9,162
2026-02-08,21730,162,0,9,153
2026-02-09,21730,153,0,8,145
2026-02-10,21730,145,0,9,136
2026-02-11,21730,136,0,7,129
2026-02-12,21730,129,0,9,120
2026-02-13,21730,120,0,10,110
2026-02-14,21730,110,0,10,100
2026-02-15,21730,100,0,10,90
2026-02-16,21730,90,0,8,82
2026-02-17,21730,82,0,8,74
2026-02-18,21730,74,0,8,66
2026-02-19,21730,66,0,8,58
2026-02-20,21730,58,0,10,48
2026-02-21,21730,48,118,10,156
2026-02-22,21730,156,0,10,146
2026-02-23,21730,146,0,7,139
2026-02-24,21730,139,0,8,131
2026-02-25,21730,131,0,7,124
2026-02-26,21730,124,0,8,116
2026-02-27,21730,116,0,10,106
2026-02-28,21730,106,0,9,97
2026-03-01,21730,97,0,9,88
2026-03-02,21730,88,0,7,81
2026-03-03,21730,81,0,9,72
2026-03-04,21730,72,0,7,65
2026-03-05,21730,65,0,9,56
2026-03-06,21730,56,0,8,48
2026-03-07,21730,48,123,9,162
2026-03-08,21730,162,0,8,154
2026-03-09,21730,154,0,9,145
2026-03-10,21730,145,0,7,138
2026-03-11,21730,138,0,8,130
2026-03-12,21730,130,0,8,122
2026-03-13,21730,122,0,8,114
2026-03-14,21730,114,0,11,103
2026-03-15,21730,103,0,10,93
2026-03-16,21730,93,0,9,84
2026-03-17,21730,84,0,9,75
2026-03-18,21730,75,0,9,66
2026-03-19,21730,66,0,9,57
2026-03-20,21730,57,0,9,48
2026-03-21,21730,48,118,10,156
2026-03-22,21730,156,0,9,147
2026-03-23,21730,147,0,8,139
2026-03-24,21730,139,0,8,131
2026-03-25,21730,131,0,8,123
2026-03-26,21730,123,0,9,114
2026-03-27,21730,114,0,9,105
2026-03-28,21730,105,0,9,96
2026-03-29,21730,96,0,9,87
2026-03-30,21730,87,0,8,79
2026-03-31,21730,79,0,7,72
2026-04-01,21730,72,0,9,63
2026-04-02,21730,63,0,7,56
2026-04-03,21730,56,0,8,48
2026-04-04,21730,48,113,10,151
2026-04-05,21730,151,0,8,143
2026-04-06,21730,143,0,8,135
2026-04-07,21730,135,0,8,127
2026-04-08,21730,127,0,7,120
2026-04-09,21730,120,0,7,113
2026-04-10,21730,113,0,9,104
2026-04-11,21730,104,0,9,95
2026-04-12,21730,95,0,10,85
2026-04-13,21730,85,0,7,78
2026-04-14,21730,78,0,8,70
2026-04-15,21730,70,0,7,63
2026-04-16,21730,63,0,7,56
2026-04-17,21730,56,0,8,48
2026-04-18,21730,48,117,9,156
2026-04-19,21730,156,0,8,148
2026-04-20,21730,148,0,8,140
2026-04-21,21730,140,0,8,132
2026-04-22,21730,132,0,8,124
2026-04-23,21730,124,0,8,116
2026-04-24,21730,116,0,10,106
2026-04-25,21730,106,0,9,97
2026-04-26,21730,97,0,8,89
2026-04-27,21730,89,0,7,82
2026-04-28,21730,82,0,9,73
2026-04-29,21730,73,0,8,65
2026-04-30,21730,65,0,8,57
2026-05-01,21730,57,0,9,48
2026-05-02,21730,48,116,10,154
2026-05-03,21730,154,0,9,145
2026-05-04,21730,145,0,8,137
2026-05-05,21730,137,0,8,129
2026-05-06,21730,129,0,7,122
2026-05-07,21730,122,0,8,114
2026-05-08,21730,114,0,10,104
2026-05-09,21730,104,0,10,94
2026-05-10,21730,94,0,10,84
2026-05-11,21730,84,0,6,78
2026-05-12,21730,78,0,6,72
2026-05-13,21730,72,0,8,64
2026-05-14,21730,64,0,7,57
2026-05-15,21730,57,0,9,48
2026-05-16,21730,48,111,9,150
2026-05-17,21730,150,0,8,142
2026-05-18,21730,142,0,8,134
2026-05-19,21730,134,0,9,125
2026-05-20,21730,125,0,6,119
2026-05-21,21730,119,0,8,111
2026-05-22,21730,111,0,7,104
2026-05-23,21730,104,0,10,94
2026-05-24,21730,94,0,9,85
2026-05-25,21730,85,0,7,78
2026-05-26,21730,78,0,7,71
2026-05-27,21730,71,0,7,64
2026-05-28,21730,64,0,9,55
2026-05-29,21730,55,0,7,48
2026-05-30,21730,48,108,9,147
2026-05-31,21730,147,0,10,137
2026-06-01,21730,137,0,6,131
2026-06-02,21730,131,0,6,125
2026-06-03,21730,125,0,8,117
2026-06-04,21730,117,0,8,109
2026-06-05,21730,109,0,8,101
2026-06-06,21730,101,0,10,91
2026-06-07,21730,91,0,8,83
2026-06-08,21730,83,0,8,75
2026-06-09,21730,75,0,6,69
2026-06-10,21730,69,0,6,63
2026-06-11,21730,63,0,7,56
2026-06-12,21730,56,0,8,48
2026-06-13,21730,48,113,9,152
2026-06-14,21730,152,0,8,144
2026-06-15,21730,144,0,8,136
2026-06-16,21730,136,0,7,129
2026-06-17,21730,129,0,6,123
2026-06-18,21730,123,0,8,115
2026-06-19,21730,115,0,9,106
2026-06-20,21730,106,0,8,98
2026-06-21,21730,98,0,9,89
2026-06-22,21730,89,0,8,81
2026-06-23,21730,81,0,8,73
2026-06-24,21730,73,0,8,65
2026-06-25,21730,65,0,8,57
2026-06-26,21730,57,0,9,48
2026-06-27,21730,48,105,9,144
2026-06-28,21730,144,0,8,136
2026-06-29,21730,136,0,6,130
2026-06-30,21730,130,0,7,123
2026-07-01,21730,123,0,7,116
2026-07-02,21730,116,0,7,109
2026-07-03,21730,109,0,9,100
2026-07-04,21730,100,0,9,91
2026-07-05,21730,91,0,9,82
2026-07-06,21730,82,0,6,76
2026-07-07,21730,76,0,8,68
2026-07-08,21730,68,0,6,62
2026-07-09,21730,62,0,6,56
2026-07-10,21730,56,0,8,48
2026-07-11,21730,48,116,9,155
2026-07-12,21730,155,0,9,146
2026-07-13,21730,146,0,7,139
2026-07-14,21730,139,0,7,132
2026-07-15,21730,132,0,9,123
2026-07-16,21730,123,0,8,115
2026-07-17,21730,115,0,8,107
2026-07-18,21730,107,0,10,97
2026-07-19,21730,97,0,8,89
2026-07-20,21730,89,0,8,81
2026-07-21,21730,81,0,7,74
2026-07-22,21730,74,0,9,65
2026-07-23,21730,65,0,8,57
2026-07-24,21730,57,0,9,48
2026-07-25,21730,48,113,10,151
2026-07-26,21730,151,0,9,142
2026-07-27,21730,142,0,8,134
2026-07-28,21730,134,0,7,127
2026-07-29,21730,127,0,8,119
2026-07-30,21730,119,0,7,112
2026-07-31,21730,112,0,8,104
2026-08-01,21730,104,0,9,95
2026-08-02,21730,95,0,9,86
2026-08-03,21730,86,0,7,79
2026-08-04,21730,79,0,7,72
2026-08-05,21730,72,0,9,63
2026-08-06,21730,63,0,8,55
2026-08-07,21730,55,0,7,48
2026-08-08,21730,48,118,10,156
2026-08-09,21730,156,0,10,146
2026-08-10,21730,146,0,8,138
2026-08-11,21730,138,0,8,130
2026-08-12,21730,130,0,9,121
2026-08-13,21730,121,0,8,113
2026-08-14,21730,113,0,10,103
2026-08-15,21730,103,0,8,95
2026-08-16,21730,95,0,8,87
2026-08-17,21730,87,0,6,81
2026-08-18,21730,81,0,9,72
2026-08-19,21730,72,0,8,64
2026-08-20,21730,64,0,8,56
2026-08-21,21730,56,0,8,48
2026-08-22,21730,48,19,10,57
2026-08-23,21730,57,0,9,48
2026-08-24,21730,48,292,7,333
2026-08-25,21730,333,0,7,326
2026-08-26,21730,326,0,8,318
2026-08-27,21730,318,0,9,309
2026-08-28,21730,309,0,10,299
2026-08-29,21730,299,0,11,288
2026-08-30,21730,288,0,9,279
2026-08-31,21730,279,0,7,272
2026-09-01,21730,272,0,8,264
2026-09-02,21730,264,0,9,255
2026-09-03,21730,255,0,8,247
2026-09-04,21730,247,0,10,237
2026-09-05,21730,237,0,11,226
2026-09-06,21730,226,0,9,217
2026-09-07,21730,217,0,9,208
2026-09-08,21730,208,0,7,201
2026-09-09,21730,201,0,9,192
2026-09-10,21730,192,0,9,183
2026-09-11,21730,183,0,8,175
2026-09-12,21730,175,0,10,165
2026-09-13,21730,165,0,10,155
2024-09-14,22633,338,0,12,326
2024-09-15,22633,326,0,13,313
2024-09-16,22633,313,0,10,303
2024-09-17,22633,303,0,11,292
2024-09-18,22633,292,0,11,281
2024-09-19,22633,281,0,10,271
2024-09-20,22633,271,0,13,258
2024-09-21,22633,258,0,14,244
2024-09-22,22633,244,0,14,230
2024-09-23,22633,230,0,12,218
2024-09-24,22633,218,0,10,208
2024-09-25,22633,208,0,11,197
2024-09-26,22633,197,0,12,185
2024-09-27,22633,185,0,12,173
2024-09-28,22633,173,0,14,159
2024-09-29,22633,159,0,14,145
2024-09-30,22633,145,0,11,134
2024-10-01,22633,134,0,10,124
2024-10-02,22633,124,0,12,112
2024-10-03,22633,112,0,11,101
2024-10-04,22633,101,0,13,88
2024-10-05,22633,88,0,14,74
2024-10-06,22633,74,0,13,61
2024-10-07,22633,61,173,10,224
2024-10-08,22633,224,0,11,213
2024-10-09,22633,213,0,11,202
2024-10-10,22633,202,0,11,191
2024-10-11,22633,191,0,13,178
2024-10-12,22633,178,0,14,164
2024-10-13,22633,164,0,13,151
2024-10-14,22633,151,0,12,139
2024-10-15,22633,139,0,11,128
2024-10-16,22633,128,0,11,117
2024-10-17,22633,117,0,10,107
2024-10-18,22633,107,0,13,94
2024-10-19,22633,94,0,14,80
2024-10-20,22633,80,0,14,66
2024-10-21,22633,66,0,9,57
2024-10-22,22633,57,182,11,228
2024-10-23,22633,228,0,11,217
2024-10-24,22633,217,0,13,204
2024-10-25,22633,204,0,12,192
2024-10-26,22633,192,0,14,178
2024-10-27,22633,178,0,13,165
2024-10-28,22633,165,0,12,153
2024-10-29,22633,153,0,11,142
2024-10-30,22633,142,0,12,130
2024-10-31,22633,130,0,12,118
2024-11-01,22633,118,0,12,106
2024-11-02,22633,106,0,15,91
2024-11-03,22633,91,0,14,77
2024-11-04,22633,77,0,11,66
2024-11-05,22633,66,177,12,231
2024-11-06,22633,231,0,11,220
2024-11-07,22633,220,0,13,207
2024-11-08,22633,207,0,13,194
2024-11-09,22633,194,0,13,181
2024-11-10,22633,181,0,15,166
2024-11-11,22633,166,0,11,155
2024-11-12,22633,155,0,12,143
2024-11-13,22633,143,0,12,131
2024-11-14,22633,131,0,12,119
2024-11-15,22633,119,0,14,105
2024-11-16,22633,105,0,15,90
2024-11-17,22633,90,0,14,76
2024-11-18,22633,76,0,10,66
2024-11-19,22633,66,0,11,55
2024-11-20,22633,55,181,11,225
2024-11-21,22633,225,0,12,213
2024-11-22,22633,213,0,13,200
2024-11-23,22633,200,0,15,185
2024-11-24,22633,185,0,14,171
2024-11-25,22633,171,0,10,161
2024-11-26,22633,161,0,10,151
2024-11-27,22633,151,0,11,140
2024-11-28,22633,140,0,13,127
2024-11-29,22633,127,0,13,114
2024-11-30,22633,114,0,13,101
2024-12-01,22633,101,0,13,88
2024-12-02,22633,88,0,12,76
2024-12-03,22633,76,0,10,66
2024-12-04,22633,66,0,11,55
2024-12-05,22633,55,185,11,229
2024-12-06,22633,229,0,14,215
2024-12-07,22633,215,0,14,201
2024-12-08,22633,201,0,13,188
2024-12-09,22633,188,0,11,177
2024-12-10,22633,177,0,12,165
2024-12-11,22633,165,0,13,152
2024-12-12,22633,152,0,13,139
2024-12-13,22633,139,0,12,127
2024-12-14,22633,127,0,15,112
2024-12-15,22633,112,0,13,99
2024-12-16,22633,99,0,12,87
2024-12-17,22633,87,0,10,77
2024-12-18,22633,77,0,11,66
2024-12-19,22633,66,0,11,55
2024-12-20,22633,55,187,14,228
2024-12-21,22633,228,0,14,214
2024-12-22,22633,214,0,14,200
2024-12-23,22633,200,0,11,189
2024-12-24,22633,189,0,11,178
2024-12-25,22633,178,0,11,167
2024-12-26,22633,167,0,13,154
2024-12-27,22633,154,0,12,142
2024-12-28,22633,142,0,15,127
2024-12-29,22633,127,0,14,113
2024-12-30,22633,113,0,12,101
2024-12-31,22633,101,0,11,90
2025-01-01,22633,90,0,11,79
2025-01-02,22633,79,0,13,66
2025-01-03,22633,66,170,12,224
2025-01-04,22633,224,0,15,209
2025-01-05,22633,209,0,13,196
2025-01-06,22633,196,0,10,186
2025-01-07,22633,186,0,10,176
2025-01-08,22633,176,0,12,164
2025-01-09,22633,164,0,11,153
2025-01-10,22633,153,0,12,141
2025-01-11,22633,141,0,15,126
2025-01-12,22633,126,0,15,111
2025-01-13,22633,111,0,12,99
2025-01-14,22633,99,0,10,89
2025-01-15,22633,89,0,12,77
2025-01-16,22633,77,0,11,66
2025-01-17,22633,66,174,13,227
2025-01-18,22633,227,0,15,212
2025-01-19,22633,212,0,14,198
2025-01-20,22633,198,0,11,187
2025-01-21,22633,187,0,11,176
2025-01-22,22633,176,0,13,163
2025-01-23,22633,163,0,11,152
2025-01-24,22633,152,0,13,139
2025-01-25,22633,139,0,14,125
2025-01-26,22633,125,0,14,111
2025-01-27,22633,111,0,11,100
2025-01-28,22633,100,0,10,90
2025-01-29,22633,90,0,13,77
2025-01-30,22633,77,0,11,66
2025-01-31,22633,66,172,12,226
2025-02-01,22633,226,0,13,213
2025-02-02,22633,213,0,15,198
2025-02-03,22633,198,0,10,188
2025-02-04,22633,188,0,12,176
2025-02-05,22633,176,0,12,164
2025-02-06,22633,164,0,12,152
2025-02-07,22633,152,0,13,139
2025-02-08,22633,139,0,15,124
2025-02-09,22633,124,0,13,111
2025-02-10,22633,111,0,10,101
2025-02-11,22633,101,0,11,90
2025-02-12,22633,90,0,11,79
2025-02-13,22633,79,0,13,66
2025-02-14,22633,66,168,13,221
2025-02-15,22633,221,0,14,207
2025-02-16,22633,207,0,12,195
2025-02-17,22633,195,0,9,186
2025-02-18,22633,186,0,10,176
2025-02-19,22633,176,0,12,164
2025-02-20,22633,164,0,11,153
2025-02-21,22633,153,0,12,141
2025-02-22,22633,141,0,15,126
2025-02-23,22633,126,0,14,112
2025-02-24,22633,112,0,11,101
2025-02-25,22633,101,0,12,89
2025-02-26,22633,89,0,12,77
2025-02-27,22633,77,0,11,66
2025-02-28,22633,66,169,12,223
2025-03-01,22633,223,0,13,210
2025-03-02,22633,210,0,13,197
2025-03-03,22633,197,0,11,186
2025-03-04,22633,186,0,12,174
2025-03-05,22633,174,0,12,162
2025-03-06,22633,162,0,12,150
2025-03-07,22633,150,0,11,139
2025-03-08,22633,139,0,14,125
2025-03-09,22633,125,0,13,112
2025-03-10,22633,112,0,11,101
2025-03-11,22633,101,0,11,90
2025-03-12,22633,90,0,12,78
2025-03-13,22633,78,0,12,66
2025-03-14,22633,66,165,12,219
2025-03-15,22633,219,0,14,205
2025-03-16,22633,205,0,13,192
2025-03-17,22633,192,0,11,181
2025-03-18,22633,181,0,10,171
2025-03-19,22633,171,0,12,159
2025-03-20,22633,159,0,11,148
2025-03-21,22633,148,0,12,136
2025-03-22,22633,136,0,15,121
2025-03-23,22633,121,0,12,109
2025-03-24,22633,109,0,10,99
2025-03-25,22633,99,0,11,88
2025-03-26,22633,88,0,12,76
2025-03-27,22633,76,0,10,66
2025-03-28,22633,66,0,11,55
2025-03-29,22633,55,171,14,212
2025-03-30,22633,212,0,12,200
2025-03-31,22633,200,0,10,190
2025-04-01,22633,190,0,11,179
2025-04-02,22633,179,0,10,169
2025-04-03,22633,169,0,11,158
2025-04-04,22633,158,0,11,147
2025-04-05,22633,147,0,14,133
2025-04-06,22633,133,0,12,121
2025-04-07,22633,121,0,11,110
2025-04-08,22633,110,0,11,99
2025-04-09,22633,99,0,11,88
2025-04-10,22633,88,0,11,77
2025-04-11,22633,77,0,11,66
2025-04-12,22633,66,157,12,211
2025-04-13,22633,211,0,13,198
2025-04-14,22633,198,0,10,188
2025-04-15,22633,188,0,11,177
2025-04-16,22633,177,0,11,166
2025-04-17,22633,166,0,11,155
2025-04-18,22633,155,0,12,143
2025-04-19,22633,143,0,14,129
2025-04-20,22633,129,0,13,116
2025-04-21,22633,116,0,10,106
2025-04-22,22633,106,0,10,96
2025-04-23,22633,96,0,9,87
2025-04-24,22633,87,0,10,77
2025-04-25,22633,77,0,11,66
2025-04-26,22633,66,156,13,209
2025-04-27,22633,209,0,12,197
2025-04-28,22633,197,0,11,186
2025-04-29,22633,186,0,9,177
2025-04-30,22633,177,0,10,167
2025-05-01,22633,167,0,11,156
2025-05-02,22633,156,0,11,145
2025-05-03,22633,145,0,12,133
2025-05-04,22633,133,0,14,119
2025-05-05,22633,119,0,11,108
2025-05-06,22633,108,0,10,98
2025-05-07,22633,98,0,11,87
2025-05-08,22633,87,0,10,77
2025-05-09,22633,77,0,11,66
2025-05-10,22633,66,153,13,206
2025-05-11,22633,206,0,13,193
2025-05-12,22633,193,0,10,183
2025-05-13,22633,183,0,11,172
2025-05-14,22633,172,0,10,162
2025-05-15,22633,162,0,10,152
2025-05-16,22633,152,0,11,141
2025-05-17,22633,141,0,13,128
2025-05-18,22633,128,0,12,116
2025-05-19,22633,116,0,9,107
2025-05-20,22633,107,0,9,98
2025-05-21,22633,98,0,10,88
2025-05-22,22633,88,0,11,77
2025-05-23,22633,77,0,11,66
2025-05-24,22633,66,151,13,204
2025-05-25,22633,204,0,12,192
2025-05-26,22633,192,0,9,183
2025-05-27,22633,183,0,9,174
2025-05-28,22633,174,0,11,163
2025-05-29,22633,163,0,10,153
2025-05-30,22633,153,0,11,142
2025-05-31,22633,142,0,14,128
2025-06-01,22633,128,0,11,117
2025-06-02,22633,117,0,10,107
2025-06-03,22633,107,0,10,97
2025-06-04,22633,97,0,10,87
2025-06-05,22633,87,0,10,77
2025-06-06,22633,77,0,11,66
2025-06-07,22633,66,148,13,201
2025-06-08,22633,201,0,11,190
2025-06-09,22633,190,0,9,181
2025-06-10,22633,181,0,10,171
2025-06-11,22633,171,0,9,162
2025-06-12,22633,162,0,10,152
2025-06-13,22633,152,0,12,140
2025-06-14,22633,140,0,14,126
2025-06-15,22633,126,0,11,115
2025-06-16,22633,115,0,9,106
2025-06-17,22633,106,0,9,97
2025-06-18,22633,97,0,10,87
2025-06-19,22633,87,0,11,76
2025-06-20,22633,76,0,10,66
2025-06-21,22633,66,153,13,206
2025-06-22,22633,206,0,12,194
2025-06-23,22633,194,0,9,185
2025-06-24,22633,185,0,10,175
2025-06-25,22633,175,0,12,163
2025-06-26,22633,163,0,11,152
2025-06-27,22633,152,0,11,141
2025-06-28,22633,141,0,12,129
2025-06-29,22633,129,0,12,117
2025-06-30,22633,117,0,9,108
2025-07-01,22633,108,0,9,99
2025-07-02,22633,99,0,11,88
2025-07-03,22633,88,0,11,77
2025-07-04,22633,77,0,11,66
2025-07-05,22633,66,153,12,207
2025-07-06,22633,207,0,11,196
2025-07-07,22633,196,0,10,186
2025-07-08,22633,186,0,9,177
2025-07-09,22633,177,0,11,166
2025-07-10,22633,166,0,11,155
2025-07-11,22633,155,0,12,143
2025-07-12,22633,143,0,13,130
2025-07-13,22633,130,0,12,118
2025-07-14,22633,118,0,10,108
2025-07-15,22633,108,0,11,97
2025-07-16,22633,97,0,11,86
2025-07-17,22633,86,0,10,76
2025-07-18,22633,76,0,10,66
2025-07-19,22633,66,153,12,207
2025-07-20,22633,207,0,13,194
2025-07-21,22633,194,0,11,183
2025-07-22,22633,183,0,10,173
2025-07-23,22633,173,0,11,162
2025-07-24,22633,162,0,11,151
2025-07-25,22633,151,0,11,140
2025-07-26,22633,140,0,13,127
2025-07-27,22633,127,0,12,115
2025-07-28,22633,115,0,10,105
2025-07-29,22633,105,0,9,96
2025-07-30,22633,96,0,10,86
2025-07-31,22633,86,0,10,76
2025-08-01,22633,76,0,10,66
2025-08-02,22633,66,158,13,211
2025-08-03,22633,211,0,12,199
2025-08-04,22633,199,0,10,189
2025-08-05,22633,189,0,11,178
2025-08-06,22633,178,0,10,168
2025-08-07,22633,168,0,10,158
2025-08-08,22633,158,0,12,146
2025-08-09,22633,146,0,13,133
2025-08-10,22633,133,0,12,121
2025-08-11,22633,121,0,9,112
2025-08-12,22633,112,0,11,101
2025-08-13,22633,101,0,12,89
2025-08-14,22633,89,0,11,78
2025-08-15,22633,78,0,12,66
2025-08-16,22633,66,165,14,217
2025-08-17,22633,217,0,14,203
2025-08-18,22633,203,0,10,193
2025-08-19,22633,193,0,10,183
2025-08-20,22633,183,0,11,172
2025-08-21,22633,172,0,10,162
2025-08-22,22633,162,0,13,149
2025-08-23,22633,149,0,14,135
2025-08-24,22633,135,0,12,123
2025-08-25,22633,123,0,11,112
2025-08-26,22633,112,0,12,100
2025-08-27,22633,100,0,11,89
2025-08-28,22633,89,0,11,78
2025-08-29,22633,78,0,12,66
2025-08-30,22633,66,160,13,213
2025-08-31,22633,213,0,12,201
2025-09-01,22633,201,0,11,190
2025-09-02,22633,190,0,12,178
2025-09-03,22633,178,0,10,168
2025-09-04,22633,168,0,11,157
2025-09-05,22633,157,0,12,145
2025-09-06,22633,145,0,14,131
2025-09-07,22633,131,0,12,119
2025-09-08,22633,119,0,9,110
2025-09-09,22633,110,0,11,99
2025-09-10,22633,99,0,11,88
2025-09-11,22633,88,0,11,77
2025-09-12,22633,77,0,11,66
2025-09-13,22633,66,164,13,217
2025-09-14,22633,217,0,13,204
2025-09-15,22633,204,0,10,194
2025-09-16,22633,194,0,10,184
2025-09-17,22633,184,0,12,172
2025-09-18,22633,172,0,11,161
2025-09-19,22633,161,0,11,150
2025-09-20,22633,150,0,15,135
2025-09-21,22633,135,0,14,121
2025-09-22,22633,121,0,11,110
2025-09-23,22633,110,0,11,99
2025-09-24,22633,99,0,11,88
2025-09-25,22633,88,0,10,78
2025-09-26,22633,78,0,12,66
2025-09-27,22633,66,166,14,218
2025-09-28,22633,218,0,12,206
2025-09-29,22633,206,0,10,196
2025-09-30,22633,196,0,12,184
2025-10-01,22633,184,0,11,173
2025-10-02,22633,173,0,11,162
2025-10-03,22633,162,0,12,150
2025-10-04,22633,150,0,13,137
2025-10-05,22633,137,0,14,123
2025-10-06,22633,123,0,11,112
2025-10-07,22633,112,0,11,101
2025-10-08,22633,101,0,11,90
2025-10-09,22633,90,0,11,79
2025-10-10,22633,79,0,13,66
2025-10-11,22633,66,169,14,221
2025-10-12,22633,221,0,13,208
2025-10-13,22633,208,0,10,198
2025-10-14,22633,198,0,12,186
2025-10-15,22633,186,0,13,173
2025-10-16,22633,173,0,12,161
2025-10-17,22633,161,0,14,147
2025-10-18,22633,147,0,13,134
2025-10-19,22633,134,0,12,122
2025-10-20,22633,122,0,12,110
2025-10-21,22633,110,0,10,100
2025-10-22,22633,100,0,10,90
2025-10-23,22633,90,0,11,79
2025-10-24,22633,79,0,13,66
2025-10-25,22633,66,173,14,225
2025-10-26,22633,225,0,13,212
2025-10-27,22633,212,0,11,201
2025-10-28,22633,201,0,11,190
2025-10-29,22633,190,0,12,178
2025-10-30,22633,178,0,11,167
2025-10-31,22633,167,0,12,155
2025-11-01,22633,155,0,14,141
2025-11-02,22633,141,0,14,127
2025-11-03,22633,127,0,12,115
2025-11-04,22633,115,0,12,103
2025-11-05,22633,103,0,13,90
2025-11-06,22633,90,0,12,78
2025-11-07,22633,78,0,12,66
2025-11-08,22633,66,171,14,223
2025-11-09,22633,223,0,13,210
2025-11-10,22633,210,0,11,199
2025-11-11,22633,199,0,12,187
2025-11-12,22633,187,0,12,175
2025-11-13,22633,175,0,11,164
2025-11-14,22633,164,0,12,152
2025-11-15,22633,152,0,14,138
2025-11-16,22633,138,0,13,125
2025-11-17,22633,125,0,12,113
2025-11-18,22633,113,0,12,101
2025-11-19,22633,101,0,12,89
2025-11-20,22633,89,0,11,78
2025-11-21,22633,78,0,12,66
2025-11-22,22633,66,175,15,226
2025-11-23,22633,226,0,15,211
2025-11-24,22633,211,0,11,200
2025-11-25,22633,200,0,12,188
2025-11-26,22633,188,0,12,176
2025-11-27,22633,176,0,13,163
2025-11-28,22633,163,0,13,150
2025-11-29,22633,150,0,14,136
2025-11-30,22633,136,0,13,123
2025-12-01,22633,123,0,10,113
2025-12-02,22633,113,0,10,103
2025-12-03,22633,103,0,13,90
2025-12-04,22633,90,0,12,78
2025-12-05,22633,78,0,12,66
2025-12-06,22633,66,175,14,227
2025-12-07,22633,227,0,14,213
2025-12-08,22633,213,0,11,202
2025-12-09,22633,202,0,12,190
2025-12-10,22633,190,0,12,178
2025-12-11,22633,178,0,11,167
2025-12-12,22633,167,0,12,155
2025-12-13,22633,155,0,15,140
2025-12-14,22633,140,0,15,125
2025-12-15,22633,125,0,11,114
2025-12-16,22633,114,0,12,102
2025-12-17,22633,102,0,11,91
2025-12-18,22633,91,0,12,79
2025-12-19,22633,79,0,13,66
2025-12-20,22633,66,175,15,226
2025-12-21,22633,226,0,14,212
2025-12-22,22633,212,0,12,200
2025-12-23,22633,200,0,11,189
2025-12-24,22633,189,0,11,178
2025-12-25,22633,178,0,13,165
2025-12-26,22633,165,0,13,152
2025-12-27,22633,152,0,16,136
2025-12-28,22633,136,0,13,123
2025-12-29,22633,123,0,10,113
2025-12-30,22633,113,0,11,102
2025-12-31,22633,102,0,11,91
2026-01-01,22633,91,0,11,80
2026-01-02,22633,80,0,14,66
2026-01-03,22633,66,174,14,226
2026-01-04,22633,226,0,13,213
2026-01-05,22633,213,0,11,202
2026-01-06,22633,202,0,10,192
2026-01-07,22633,192,0,12,180
2026-01-08,22633,180,0,12,168
2026-01-09,22633,168,0,13,155
2026-01-10,22633,155,0,14,141
2026-01-11,22633,141,0,13,128
2026-01-12,22633,128,0,12,116
2026-01-13,22633,116,0,12,104
2026-01-14,22633,104,0,12,92
2026-01-15,22633,92,0,12,80
2026-01-16,22633,80,0,14,66
2026-01-17,22633,66,169,15,220
2026-01-18,22633,220,0,13,207
2026-01-19,22633,207,0,11,196
2026-01-20,22633,196,0,10,186
2026-01-21,22633,186,0,11,175
2026-01-22,22633,175,0,13,162
2026-01-23,22633,162,0,12,150
2026-01-24,22633,150,0,14,136
2026-01-25,22633,136,0,13,123
2026-01-26,22633,123,0,12,111
2026-01-27,22633,111,0,10,101
2026-01-28,22633,101,0,12,89
2026-01-29,22633,89,0,11,78
2026-01-30,22633,78,0,12,66
2026-01-31,22633,66,174,14,226
2026-02-01,22633,226,0,13,213
2026-02-02,22633,213,0,11,202
2026-02-03,22633,202,0,12,190
2026-02-04,22633,190,0,12,178
2026-02-05,22633,178,0,12,166
2026-02-06,22633,166,0,13,153
2026-02-07,22633,153,0,14,139
2026-02-08,22633,139,0,14,125
2026-02-09,22633,125,0,11,114
2026-02-10,22633,114,0,12,102
2026-02-11,22633,102,0,12,90
2026-02-12,22633,90,0,12,78
2026-02-13,22633,78,0,12,66
2026-02-14,22633,66,171,14,223
2026-02-15,22633,223,0,14,209
2026-02-16,22633,209,0,9,200
2026-02-17,22633,200,0,10,190
2026-02-18,22633,190,0,11,179
2026-02-19,22633,179,0,13,166
2026-02-20,22633,166,0,14,152
2026-02-21,22633,152,0,15,137
2026-02-22,22633,137,0,14,123
2026-02-23,22633,123,0,11,112
2026-02-24,22633,112,0,11,101
2026-02-25,22633,101,0,12,89
2026-02-26,22633,89,0,11,78
2026-02-27,22633,78,0,12,66
2026-02-28,22633,66,167,15,218
2026-03-01,22633,218,0,13,205
2026-03-02,22633,205,0,12,193
2026-03-03,22633,193,0,10,183
2026-03-04,22633,183,0,12,171
2026-03-05,22633,171,0,10,161
2026-03-06,22633,161,0,13,148
2026-03-07,22633,148,0,13,135
2026-03-08,22633,135,0,14,121
2026-03-09,22633,121,0,10,111
2026-03-10,22633,111,0,11,100
2026-03-11,22633,100,0,10,90
2026-03-12,22633,90,0,12,78
2026-03-13,22633,78,0,12,66
2026-03-14,22633,66,167,13,220
2026-03-15,22633,220,0,14,206
2026-03-16,22633,206,0,11,195
2026-03-17,22633,195,0,11,184
2026-03-18,22633,184,0,11,173
2026-03-19,22633,173,0,11,162
2026-03-20,22633,162,0,13,149
2026-03-21,22633,149,0,15,134
2026-03-22,22633,134,0,13,121
2026-03-23,22633,121,0,10,111
2026-03-24,22633,111,0,10,101
2026-03-25,22633,101,0,11,90
2026-03-26,22633,90,0,12,78
2026-03-27,22633,78,0,12,66
2026-03-28,22633,66,164,15,215
2026-03-29,22633,215,0,12,203
2026-03-30,22633,203,0,10,193
2026-03-31,22633,193,0,9,184
2026-04-01,22633,184,0,11,173
2026-04-02,22633,173,0,11,162
2026-04-03,22633,162,0,13,149
2026-04-04,22633,149,0,14,135
2026-04-05,22633,135,0,12,123
2026-04-06,22633,123,0,11,112
2026-04-07,22633,112,0,12,100
2026-04-08,22633,100,0,11,89
2026-04-09,22633,89,0,12,77
2026-04-10,22633,77,0,11,66
2026-04-11,22633,66,151,12,205
2026-04-12,22633,205,0,13,192
2026-04-13,22633,192,0,10,182
2026-04-14,22633,182,0,9,173
2026-04-15,22633,173,0,10,163
2026-04-16,22633,163,0,10,153
2026-04-17,22633,153,0,10,143
2026-04-18,22633,143,0,14,129
2026-04-19,22633,129,0,12,117
2026-04-20,22633,117,0,10,107
2026-04-21,22633,107,0,10,97
2026-04-22,22633,97,0,10,87
2026-04-23,22633,87,0,10,77
2026-04-24,22633,77,0,11,66
2026-04-25,22633,66,156,14,208
2026-04-26,22633,208,0,12,196
2026-04-27,22633,196,0,9,187
2026-04-28,22633,187,0,9,178
2026-04-29,22633,178,0,12,166
2026-04-30,22633,166,0,12,154
2026-05-01,22633,154,0,11,143
2026-05-02,22633,143,0,14,129
2026-05-03,22633,129,0,13,116
2026-05-04,22633,116,0,9,107
2026-05-05,22633,107,0,9,98
2026-05-06,22633,98,0,10,88
2026-05-07,22633,88,0,10,78
2026-05-08,22633,78,0,12,66
2026-05-09,22633,66,151,13,204
2026-05-10,22633,204,0,12,192
2026-05-11,22633,192,0,8,184
2026-05-12,22633,184,0,10,174
2026-05-13,22633,174,0,10,164
2026-05-14,22633,164,0,10,154
2026-05-15,22633,154,0,11,143
2026-05-16,22633,143,0,12,131
2026-05-17,22633,131,0,12,119
2026-05-18,22633,119,0,10,109
2026-05-19,22633,109,0,11,98
2026-05-20,22633,98,0,11,87
2026-05-21,22633,87,0,10,77
2026-05-22,22633,77,0,11,66
2026-05-23,22633,66,150,12,204
2026-05-24,22633,204,0,13,191
2026-05-25,22633,191,0,9,182
2026-05-26,22633,182,0,9,173
2026-05-27,22633,173,0,10,163
2026-05-28,22633,163,0,11,152
2026-05-29,22633,152,0,12,140
2026-05-30,22633,140,0,13,127
2026-05-31,22633,127,0,11,116
2026-06-01,22633,116,0,10,106
2026-06-02,22633,106,0,9,97
2026-06-03,22633,97,0,10,87
2026-06-04,22633,87,0,11,76
2026-06-05,22633,76,0,10,66
2026-06-06,22633,66,156,14,208
2026-06-07,22633,208,0,13,195
2026-06-08,22633,195,0,8,187
2026-06-09,22633,187,0,10,177
2026-06-10,22633,177,0,11,166
2026-06-11,22633,166,0,10,156
2026-06-12,22633,156,0,12,144
2026-06-13,22633,144,0,13,131
2026-06-14,22633,131,0,12,119
2026-06-15,22633,119,0,10,109
2026-06-16,22633,109,0,11,98
2026-06-17,22633,98,0,10,88
2026-06-18,22633,88,0,11,77
2026-06-19,22633,77,0,11,66
2026-06-20,22633,66,153,13,206
2026-06-21,22633,206,0,12,194
2026-06-22,22633,194,0,9,185
2026-06-23,22633,185,0,9,176
2026-06-24,22633,176,0,10,166
2026-06-25,22633,166,0,10,156
2026-06-26,22633,156,0,11,145
2026-06-27,22633,145,0,12,133
2026-06-28,22633,133,0,11,122
2026-06-29,22633,122,0,11,111
2026-06-30,22633,111,0,10,101
2026-07-01,22633,101,0,11,90
2026-07-02,22633,90,0,12,78
2026-07-03,22633,78,0,12,66
2026-07-04,22633,66,153,14,205
2026-07-05,22633,205,0,13,192
2026-07-06,22633,192,0,8,184
2026-07-07,22633,184,0,10,174
2026-07-08,22633,174,0,10,164
2026-07-09,22633,164,0,10,154
2026-07-10,22633,154,0,10,144
2026-07-11,22633,144,0,13,131
2026-07-12,22633,131,0,13,118
2026-07-13,22633,118,0,9,109
2026-07-14,22633,109,0,11,98
2026-07-15,22633,98,0,10,88
2026-07-16,22633,88,0,10,78
2026-07-17,22633,78,0,12,66
2026-07-18,22633,66,152,13,205
2026-07-19,22633,205,0,12,193
2026-07-20,22633,193,0,9,184
2026-07-21,22633,184,0,9,175
2026-07-22,22633,175,0,11,164
2026-07-23,22633,164,0,10,154
2026-07-24,22633,154,0,12,142
2026-07-25,22633,142,0,12,130
2026-07-26,22633,130,0,11,119
2026-07-27,22633,119,0,9,110
2026-07-28,22633,110,0,10,100
2026-07-29,22633,100,0,11,89
2026-07-30,22633,89,0,11,78
2026-07-31,22633,78,0,12,66
2026-08-01,22633,66,158,14,210
2026-08-02,22633,210,0,12,198
2026-08-03,22633,198,0,11,187
2026-08-04,22633,187,0,10,177
2026-08-05,22633,177,0,11,166
2026-08-06,22633,166,0,10,156
2026-08-07,22633,156,0,12,144
2026-08-08,22633,144,0,14,130
2026-08-09,22633,130,0,13,117
2026-08-10,22633,117,0,9,108
2026-08-11,22633,108,0,9,99
2026-08-12,22633,99,0,12,87
2026-08-13,22633,87,0,10,77
2026-08-14,22633,77,0,11,66
2026-08-15,22633,66,108,14,160
2026-08-16,22633,160,0,12,148
2026-08-17,22633,148,0,10,138
2026-08-18,22633,138,0,11,127
2026-08-19,22633,127,0,10,117
2026-08-20,22633,117,0,12,105
2026-08-21,22633,105,0,11,94
2026-08-22,22633,94,0,14,80
2026-08-23,22633,80,0,14,66
2026-08-24,22633,66,185,11,240
2026-08-25,22633,240,0,11,229
2026-08-26,22633,229,0,11,218
2026-08-27,22633,218,0,12,206
2026-08-28,22633,206,0,11,195
2026-08-29,22633,195,0,14,181
2026-08-30,22633,181,0,12,169
2026-08-31,22633,169,0,10,159
2026-09-01,22633,159,0,11,148
2026-09-02,22633,148,0,10,138
2026-09-03,22633,138,0,11,127
2026-09-04,22633,127,0,13,114
2026-09-05,22633,114,0,14,100
2026-09-06,22633,100,0,13,87
2026-09-07,22633,87,0,11,76
2026-09-08,22633,76,0,10,66
2026-09-09,22633,66,0,12,54
2026-09-10,22633,54,0,13,41
2026-09-11,22633,41,0,13,28
2026-09-12,22633,28,0,15,13
2026-09-13,22633,13,0,13,0
2024-09-14,22632,493,0,20,473
2024-09-15,22632,473,0,21,452
2024-09-16,22632,452,0,17,435
2024-09-17,22632,435,0,17,418
2024-09-18,22632,418,0,16,402
2024-09-19,22632,402,0,17,385
2024-09-20,22632,385,0,20,365
2024-09-21,22632,365,0,21,344
2024-09-22,22632,344,0,20,324
2024-09-23,22632,324,0,16,308
2024-09-24,22632,308,0,16,292
2024-09-25,22632,292,0,16,276
2024-09-26,22632,276,0,16,260
2024-09-27,22632,260,0,20,240
2024-09-28,22632,240,0,20,220
2024-09-29,22632,220,0,20,200
2024-09-30,22632,200,0,17,183
2024-10-01,22632,183,0,17,166
2024-10-02,22632,166,0,17,149
2024-10-03,22632,149,0,19,130
2024-10-04,22632,130,0,18,112
2024-10-05,22632,112,0,21,91
2024-10-06,22632,91,0,20,71
2024-10-07,22632,71,268,15,324
2024-10-08,22632,324,0,15,309
2024-10-09,22632,309,0,18,291
2024-10-10,22632,291,0,18,273
2024-10-11,22632,273,0,19,254
2024-10-12,22632,254,0,20,234
2024-10-13,22632,234,0,19,215
2024-10-14,22632,215,0,17,198
2024-10-15,22632,198,0,17,181
2024-10-16,22632,181,0,18,163
2024-10-17,22632,163,0,18,145
2024-10-18,22632,145,0,20,125
2024-10-19,22632,125,0,22,103
2024-10-20,22632,103,0,19,84
2024-10-21,22632,84,255,15,324
2024-10-22,22632,324,0,16,308
2024-10-23,22632,308,0,18,290
2024-10-24,22632,290,0,17,273
2024-10-25,22632,273,0,18,255
2024-10-26,22632,255,0,22,233
2024-10-27,22632,233,0,21,212
2024-10-28,22632,212,0,15,197
2024-10-29,22632,197,0,18,179
2024-10-30,22632,179,0,16,163
2024-10-31,22632,163,0,17,146
2024-11-01,22632,146,0,19,127
2024-11-02,22632,127,0,22,105
2024-11-03,22632,105,0,21,84
2024-11-04,22632,84,255,15,324
2024-11-05,22632,324,0,17,307
2024-11-06,22632,307,0,17,290
2024-11-07,22632,290,0,17,273
2024-11-08,22632,273,0,20,253
2024-11-09,22632,253,0,21,232
2024-11-10,22632,232,0,20,212
2024-11-11,22632,212,0,17,195
2024-11-12,22632,195,0,16,179
2024-11-13,22632,179,0,17,162
2024-11-14,22632,162,0,19,143
2024-11-15,22632,143,0,19,124
2024-11-16,22632,124,0,20,104
2024-11-17,22632,104,0,20,84
2024-11-18,22632,84,257,16,325
2024-11-19,22632,325,0,18,307
2024-11-20,22632,307,0,17,290
2024-11-21,22632,290,0,18,272
2024-11-22,22632,272,0,18,254
2024-11-23,22632,254,0,21,233
2024-11-24,22632,233,0,21,212
2024-11-25,22632,212,0,16,196
2024-11-26,22632,196,0,17,179
2024-11-27,22632,179,0,17,162
2024-11-28,22632,162,0,18,144
2024-11-29,22632,144,0,18,126
2024-11-30,22632,126,0,21,105
2024-12-01,22632,105,0,21,84
2024-12-02,22632,84,256,15,325
2024-12-03,22632,325,0,17,308
2024-12-04,22632,308,0,17,291
2024-12-05,22632,291,0,19,272
2024-12-06,22632,272,0,20,252
2024-12-07,22632,252,0,20,232
2024-12-08,22632,232,0,21,211
2024-12-09,22632,211,0,17,194
2024-12-10,22632,194,0,15,179
2024-12-11,22632,179,0,16,163
2024-12-12,22632,163,0,17,146
2024-12-13,22632,146,0,19,127
2024-12-14,22632,127,0,22,105
2024-12-15,22632,105,0,21,84
2024-12-16,22632,84,252,17,319
2024-12-17,22632,319,0,16,303
2024-12-18,22632,303,0,17,286
2024-12-19,22632,286,0,18,268
2024-12-20,22632,268,0,18,250
2024-12-21,22632,250,0,21,229
2024-12-22,22632,229,0,21,208
2024-12-23,22632,208,0,15,193
2024-12-24,22632,193,0,18,175
2024-12-25,22632,175,0,16,159
2024-12-26,22632,159,0,16,143
2024-12-27,22632,143,0,18,125
2024-12-28,22632,125,0,22,103
2024-12-29,22632,103,0,19,84
2024-12-30,22632,84,249,16,317
2024-12-31,22632,317,0,15,302
2025-01-01,22632,302,0,17,285
2025-01-02,22632,285,0,17,268
2025-01-03,22632,268,0,18,250
2025-01-04,22632,250,0,21,229
2025-01-05,22632,229,0,21,208
2025-01-06,22632,208,0,16,192
2025-01-07,22632,192,0,16,176
2025-01-08,22632,176,0,17,159
2025-01-09,22632,159,0,18,141
2025-01-10,22632,141,0,18,123
2025-01-11,22632,123,0,20,103
2025-01-12,22632,103,0,19,84
2025-01-13,22632,84,244,15,313
2025-01-14,22632,313,0,15,298
2025-01-15,22632,298,0,15,283
2025-01-16,22632,283,0,16,267
2025-01-17,22632,267,0,18,249
2025-01-18,22632,249,0,21,228
2025-01-19,22632,228,0,20,208
2025-01-20,22632,208,0,16,192
2025-01-21,22632,192,0,17,175
2025-01-22,22632,175,0,16,159
2025-01-23,22632,159,0,17,142
2025-01-24,22632,142,0,18,124
2025-01-25,22632,124,0,20,104
2025-01-26,22632,104,0,20,84
2025-01-27,22632,84,244,15,313
2025-01-28,22632,313,0,17,296
2025-01-29,22632,296,0,17,279
2025-01-30,22632,279,0,16,263
2025-01-31,22632,263,0,17,246
2025-02-01,22632,246,0,21,225
2025-02-02,22632,225,0,19,206
2025-02-03,22632,206,0,16,190
2025-02-04,22632,190,0,15,175
2025-02-05,22632,175,0,16,159
2025-02-06,22632,159,0,17,142
2025-02-07,22632,142,0,18,124
2025-02-08,22632,124,0,21,103
2025-02-09,22632,103,0,19,84
2025-02-10,22632,84,239,16,307
2025-02-11,22632,307,0,15,292
2025-02-12,22632,292,0,16,276
2025-02-13,22632,276,0,17,259
2025-02-14,22632,259,0,19,240
2025-02-15,22632,240,0,20,220
2025-02-16,22632,220,0,18,202
2025-02-17,22632,202,0,16,186
2025-02-18,22632,186,0,16,170
2025-02-19,22632,170,0,17,153
2025-02-20,22632,153,0,15,138
2025-02-21,22632,138,0,16,122
2025-02-22,22632,122,0,19,103
2025-02-23,22632,103,0,19,84
2025-02-24,22632,84,0,14,70
2025-02-25,22632,70,244,14,300
2025-02-26,22632,300,0,15,285
2025-02-27,22632,285,0,16,269
2025-02-28,22632,269,0,17,252
2025-03-01,22632,252,0,19,233
2025-03-02,22632,233,0,18,215
2025-03-03,22632,215,0,13,202
2025-03-04,22632,202,0,16,186
2025-03-05,22632,186,0,17,169
2025-03-06,22632,169,0,17,152
2025-03-07,22632,152,0,18,134
2025-03-08,22632,134,0,19,115
2025-03-09,22632,115,0,17,98
2025-03-10,22632,98,0,14,84
2025-03-11,22632,84,225,16,293
2025-03-12,22632,293,0,14,279
2025-03-13,22632,279,0,15,264
2025-03-14,22632,264,0,18,246
2025-03-15,22632,246,0,19,227
2025-03-16,22632,227,0,18,209
2025-03-17,22632,209,0,15,194
2025-03-18,22632,194,0,14,180
2025-03-19,22632,180,0,15,165
2025-03-20,22632,165,0,15,150
2025-03-21,22632,150,0,16,134
2025-03-22,22632,134,0,18,116
2025-03-23,22632,116,0,18,98
2025-03-24,22632,98,0,14,84
2025-03-25,22632,84,222,15,291
2025-03-26,22632,291,0,15,276
2025-03-27,22632,276,0,15,261
2025-03-28,22632,261,0,16,245
2025-03-29,22632,245,0,18,227
2025-03-30,22632,227,0,18,209
2025-03-31,22632,209,0,14,195
2025-04-01,22632,195,0,15,180
2025-04-02,22632,180,0,16,164
2025-04-03,22632,164,0,15,149
2025-04-04,22632,149,0,17,132
2025-04-05,22632,132,0,18,114
2025-04-06,22632,114,0,16,98
2025-04-07,22632,98,0,14,84
2025-04-08,22632,84,0,14,70
2025-04-09,22632,70,230,14,286
2025-04-10,22632,286,0,15,271
2025-04-11,22632,271,0,16,255
2025-04-12,22632,255,0,17,238
2025-04-13,22632,238,0,16,222
2025-04-14,22632,222,0,14,208
2025-04-15,22632,208,0,13,195
2025-04-16,22632,195,0,14,181
2025-04-17,22632,181,0,15,166
2025-04-18,22632,166,0,17,149
2025-04-19,22632,149,0,19,130
2025-04-20,22632,130,0,18,112
2025-04-21,22632,112,0,15,97
2025-04-22,22632,97,0,13,84
2025-04-23,22632,84,0,13,71
2025-04-24,22632,71,225,14,282
2025-04-25,22632,282,0,16,266
2025-04-26,22632,266,0,17,249
2025-04-27,22632,249,0,17,232
2025-04-28,22632,232,0,14,218
2025-04-29,22632,218,0,13,205
2025-04-30,22632,205,0,15,190
2025-05-01,22632,190,0,15,175
2025-05-02,22632,175,0,16,159
2025-05-03,22632,159,0,19,140
2025-05-04,22632,140,0,17,123
2025-05-05,22632,123,0,14,109
2025-05-06,22632,109,0,12,97
2025-05-07,22632,97,0,13,84
2025-05-08,22632,84,207,16,275
2025-05-09,22632,275,0,16,259
2025-05-10,22632,259,0,16,243
2025-05-11,22632,243,0,17,226
2025-05-12,22632,226,0,14,212
2025-05-13,22632,212,0,14,198
2025-05-14,22632,198,0,13,185
2025-05-15,22632,185,0,15,170
2025-05-16,22632,170,0,14,156
2025-05-17,22632,156,0,17,139
2025-05-18,22632,139,0,16,123
2025-05-19,22632,123,0,13,110
2025-05-20,22632,110,0,12,98
2025-05-21,22632,98,0,14,84
2025-05-22,22632,84,0,14,70
2025-05-23,22632,70,220,15,275
2025-05-24,22632,275,0,17,258
2025-05-25,22632,258,0,16,242
2025-05-26,22632,242,0,13,229
2025-05-27,22632,229,0,13,216
2025-05-28,22632,216,0,13,203
2025-05-29,22632,203,0,15,188
2025-05-30,22632,188,0,16,172
2025-05-31,22632,172,0,17,155
2025-06-01,22632,155,0,17,138
2025-06-02,22632,138,0,12,126
2025-06-03,22632,126,0,13,113
2025-06-04,22632,113,0,15,98
2025-06-05,22632,98,0,14,84
2025-06-06,22632,84,0,14,70
2025-06-07,22632,70,219,18,271
2025-06-08,22632,271,0,16,255
2025-06-09,22632,255,0,13,242
2025-06-10,22632,242,0,13,229
2025-06-11,22632,229,0,14,215
2025-06-12,22632,215,0,14,201
2025-06-13,22632,201,0,15,186
2025-06-14,22632,186,0,18,168
2025-06-15,22632,168,0,16,152
2025-06-16,22632,152,0,13,139
2025-06-17,22632,139,0,13,126
2025-06-18,22632,126,0,14,112
2025-06-19,22632,112,0,13,99
2025-06-20,22632,99,0,15,84
2025-06-21,22632,84,199,17,266
2025-06-22,22632,266,0,16,250
2025-06-23,22632,250,0,12,238
2025-06-24,22632,238,0,12,226
2025-06-25,22632,226,0,12,214
2025-06-26,22632,214,0,14,200
2025-06-27,22632,200,0,15,185
2025-06-28,22632,185,0,18,167
2025-06-29,22632,167,0,16,151
2025-06-30,22632,151,0,14,137
2025-07-01,22632,137,0,13,124
2025-07-02,22632,124,0,13,111
2025-07-03,22632,111,0,13,98
2025-07-04,22632,98,0,14,84
2025-07-05,22632,84,200,17,267
2025-07-06,22632,267,0,16,251
2025-07-07,22632,251,0,14,237
2025-07-08,22632,237,0,13,224
2025-07-09,22632,224,0,13,211
2025-07-10,22632,211,0,13,198
2025-07-11,22632,198,0,16,182
2025-07-12,22632,182,0,17,165
2025-07-13,22632,165,0,16,149
2025-07-14,22632,149,0,12,137
2025-07-15,22632,137,0,12,125
2025-07-16,22632,125,0,13,112
2025-07-17,22632,112,0,14,98
2025-07-18,22632,98,0,14,84
2025-07-19,22632,84,203,17,270
2025-07-20,22632,270,0,17,253
2025-07-21,22632,253,0,13,240
2025-07-22,22632,240,0,13,227
2025-07-23,22632,227,0,13,214
2025-07-24,22632,214,0,14,200
2025-07-25,22632,200,0,14,186
2025-07-26,22632,186,0,16,170
2025-07-27,22632,170,0,15,155
2025-07-28,22632,155,0,14,141
2025-07-29,22632,141,0,13,128
2025-07-30,22632,128,0,14,114
2025-07-31,22632,114,0,14,100
2025-08-01,22632,100,0,16,84
2025-08-02,22632,84,201,18,267
2025-08-03,22632,267,0,15,252
2025-08-04,22632,252,0,13,239
2025-08-05,22632,239,0,13,226
2025-08-06,22632,226,0,14,212
2025-08-07,22632,212,0,14,198
2025-08-08,22632,198,0,15,183
2025-08-09,22632,183,0,18,165
2025-08-10,22632,165,0,15,150
2025-08-11,22632,150,0,12,138
2025-08-12,22632,138,0,12,126
2025-08-13,22632,126,0,14,112
2025-08-14,22632,112,0,14,98
2025-08-15,22632,98,0,14,84
2025-08-16,22632,84,207,18,273
2025-08-17,22632,273,0,15,258
2025-08-18,22632,258,0,13,245
2025-08-19,22632,245,0,14,231
2025-08-20,22632,231,0,15,216
2025-08-21,22632,216,0,13,203
2025-08-22,22632,203,0,15,188
2025-08-23,22632,188,0,17,171
2025-08-24,22632,171,0,17,154
2025-08-25,22632,154,0,14,140
2025-08-26,22632,140,0,14,126
2025-08-27,22632,126,0,13,113
2025-08-28,22632,113,0,13,100
2025-08-29,22632,100,0,16,84
2025-08-30,22632,84,203,18,269
2025-08-31,22632,269,0,16,253
2025-09-01,22632,253,0,13,240
2025-09-02,22632,240,0,14,226
2025-09-03,22632,226,0,13,213
2025-09-04,22632,213,0,14,199
2025-09-05,22632,199,0,15,184
2025-09-06,22632,184,0,16,168
2025-09-07,22632,168,0,16,152
2025-09-08,22632,152,0,13,139
2025-09-09,22632,139,0,13,126
2025-09-10,22632,126,0,13,113
2025-09-11,22632,113,0,13,100
2025-09-12,22632,100,0,16,84
2025-09-13,22632,84,206,17,273
2025-09-14,22632,273,0,15,258
2025-09-15,22632,258,0,14,244
2025-09-16,22632,244,0,14,230
2025-09-17,22632,230,0,13,217
2025-09-18,22632,217,0,15,202
2025-09-19,22632,202,0,16,186
2025-09-20,22632,186,0,17,169
2025-09-21,22632,169,0,17,152
2025-09-22,22632,152,0,14,138
2025-09-23,22632,138,0,12,126
2025-09-24,22632,126,0,13,113
2025-09-25,22632,113,0,14,99
2025-09-26,22632,99,0,15,84
2025-09-27,22632,84,210,17,277
2025-09-28,22632,277,0,17,260
2025-09-29,22632,260,0,13,247
2025-09-30,22632,247,0,13,234
2025-10-01,22632,234,0,13,221
2025-10-02,22632,221,0,13,208
2025-10-03,22632,208,0,15,193
2025-10-04,22632,193,0,18,175
2025-10-05,22632,175,0,17,158
2025-10-06,22632,158,0,14,144
2025-10-07,22632,144,0,15,129
2025-10-08,22632,129,0,15,114
2025-10-09,22632,114,0,14,100
2025-10-10,22632,100,0,16,84
2025-10-11,22632,84,207,16,275
2025-10-12,22632,275,0,15,260
2025-10-13,22632,260,0,13,247
2025-10-14,22632,247,0,15,232
2025-10-15,22632,232,0,14,218
2025-10-16,22632,218,0,15,203
2025-10-17,22632,203,0,16,187
2025-10-18,22632,187,0,17,170
2025-10-19,22632,170,0,17,153
2025-10-20,22632,153,0,12,141
2025-10-21,22632,141,0,12,129
2025-10-22,22632,129,0,15,114
2025-10-23,22632,114,0,14,100
2025-10-24,22632,100,0,16,84
2025-10-25,22632,84,210,17,277
2025-10-26,22632,277,0,16,261
2025-10-27,22632,261,0,13,248
2025-10-28,22632,248,0,13,235
2025-10-29,22632,235,0,15,220
2025-10-30,22632,220,0,15,205
2025-10-31,22632,205,0,15,190
2025-11-01,22632,190,0,17,173
2025-11-02,22632,173,0,17,156
2025-11-03,22632,156,0,14,142
2025-11-04,22632,142,0,14,128
2025-11-05,22632,128,0,14,114
2025-11-06,22632,114,0,14,100
2025-11-07,22632,100,0,16,84
2025-11-08,22632,84,210,17,277
2025-11-09,22632,277,0,17,260
2025-11-10,22632,260,0,12,248
2025-11-11,22632,248,0,14,234
2025-11-12,22632,234,0,14,220
2025-11-13,22632,220,0,15,205
2025-11-14,22632,205,0,16,189
2025-11-15,22632,189,0,17,172
2025-11-16,22632,172,0,17,155
2025-11-17,22632,155,0,14,141
2025-11-18,22632,141,0,13,128
2025-11-19,22632,128,0,15,113
2025-11-20,22632,113,0,15,98
2025-11-21,22632,98,0,14,84
2025-11-22,22632,84,204,18,270
2025-11-23,22632,270,0,16,254
2025-11-24,22632,254,0,14,240
2025-11-25,22632,240,0,13,227
2025-11-26,22632,227,0,14,213
2025-11-27,22632,213,0,14,199
2025-11-28,22632,199,0,15,184
2025-11-29,22632,184,0,16,168
2025-11-30,22632,168,0,16,152
2025-12-01,22632,152,0,12,140
2025-12-02,22632,140,0,13,127
2025-12-03,22632,127,0,14,113
2025-12-04,22632,113,0,14,99
2025-12-05,22632,99,0,15,84
2025-12-06,22632,84,206,18,272
2025-12-07,22632,272,0,17,255
2025-12-08,22632,255,0,13,242
2025-12-09,22632,242,0,14,228
2025-12-10,22632,228,0,15,213
2025-12-11,22632,213,0,13,200
2025-12-12,22632,200,0,16,184
2025-12-13,22632,184,0,16,168
2025-12-14,22632,168,0,16,152
2025-12-15,22632,152,0,12,140
2025-12-16,22632,140,0,12,128
2025-12-17,22632,128,0,14,114
2025-12-18,22632,114,0,14,100
2025-12-19,22632,100,0,16,84
2025-12-20,22632,84,207,18,273
2025-12-21,22632,273,0,17,256
2025-12-22,22632,256,0,13,243
2025-12-23,22632,243,0,14,229
2025-12-24,22632,229,0,15,214
2025-12-25,22632,214,0,13,201
2025-12-26,22632,201,0,16,185
2025-12-27,22632,185,0,17,168
2025-12-28,22632,168,0,17,151
2025-12-29,22632,151,0,13,138
2025-12-30,22632,138,0,12,126
2025-12-31,22632,126,0,14,112
2026-01-01,22632,112,0,13,99
2026-01-02,22632,99,0,15,84
2026-01-03,22632,84,198,16,266
2026-01-04,22632,266,0,15,251
2026-01-05,22632,251,0,12,239
2026-01-06,22632,239,0,14,225
2026-01-07,22632,225,0,12,213
2026-01-08,22632,213,0,15,198
2026-01-09,22632,198,0,14,184
2026-01-10,22632,184,0,16,168
2026-01-11,22632,168,0,15,153
2026-01-12,22632,153,0,13,140
2026-01-13,22632,140,0,13,127
2026-01-14,22632,127,0,14,113
2026-01-15,22632,113,0,15,98
2026-01-16,22632,98,0,14,84
2026-01-17,22632,84,202,16,270
2026-01-18,22632,270,0,17,253
2026-01-19,22632,253,0,13,240
2026-01-20,22632,240,0,14,226
2026-01-21,22632,226,0,14,212
2026-01-22,22632,212,0,13,199
2026-01-23,22632,199,0,15,184
2026-01-24,22632,184,0,16,168
2026-01-25,22632,168,0,15,153
2026-01-26,22632,153,0,14,139
2026-01-27,22632,139,0,14,125
2026-01-28,22632,125,0,13,112
2026-01-29,22632,112,0,14,98
2026-01-30,22632,98,0,14,84
2026-01-31,22632,84,196,17,263
2026-02-01,22632,263,0,17,246
2026-02-02,22632,246,0,12,234
2026-02-03,22632,234,0,12,222
2026-02-04,22632,222,0,14,208
2026-02-05,22632,208,0,13,195
2026-02-06,22632,195,0,15,180
2026-02-07,22632,180,0,17,163
2026-02-08,22632,163,0,15,148
2026-02-09,22632,148,0,11,137
2026-02-10,22632,137,0,13,124
2026-02-11,22632,124,0,13,111
2026-02-12,22632,111,0,14,97
2026-02-13,22632,97,0,13,84
2026-02-14,22632,84,190,17,257
2026-02-15,22632,257,0,14,243
2026-02-16,22632,243,0,11,232
2026-02-17,22632,232,0,12,220
2026-02-18,22632,220,0,13,207
2026-02-19,22632,207,0,13,194
2026-02-20,22632,194,0,15,179
2026-02-21,22632,179,0,16,163
2026-02-22,22632,163,0,14,149
2026-02-23,22632,149,0,12,137
2026-02-24,22632,137,0,11,126
2026-02-25,22632,126,0,13,113
2026-02-26,22632,113,0,14,99
2026-02-27,22632,99,0,15,84
2026-02-28,22632,84,179,16,247
2026-03-01,22632,247,0,14,233
2026-03-02,22632,233,0,13,220
2026-03-03,22632,220,0,11,209
2026-03-04,22632,209,0,11,198
2026-03-05,22632,198,0,12,186
2026-03-06,22632,186,0,14,172
2026-03-07,22632,172,0,14,158
2026-03-08,22632,158,0,14,144
2026-03-09,22632,144,0,12,132
2026-03-10,22632,132,0,11,121
2026-03-11,22632,121,0,11,110
2026-03-12,22632,110,0,13,97
2026-03-13,22632,97,0,13,84
2026-03-14,22632,84,174,15,243
2026-03-15,22632,243,0,15,228
2026-03-16,22632,228,0,11,217
2026-03-17,22632,217,0,12,205
2026-03-18,22632,205,0,11,194
2026-03-19,22632,194,0,12,182
2026-03-20,22632,182,0,13,169
2026-03-21,22632,169,0,14,155
2026-03-22,22632,155,0,14,141
2026-03-23,22632,141,0,11,130
2026-03-24,22632,130,0,11,119
2026-03-25,22632,119,0,11,108
2026-03-26,22632,108,0,12,96
2026-03-27,22632,96,0,12,84
2026-03-28,22632,84,0,14,70
2026-03-29,22632,70,189,14,245
2026-03-30,22632,245,0,12,233
2026-03-31,22632,233,0,10,223
2026-04-01,22632,223,0,10,213
2026-04-02,22632,213,0,13,200
2026-04-03,22632,200,0,13,187
2026-04-04,22632,187,0,14,173
2026-04-05,22632,173,0,15,158
2026-04-06,22632,158,0,11,147
2026-04-07,22632,147,0,10,137
2026-04-08,22632,137,0,13,124
2026-04-09,22632,124,0,11,113
2026-04-10,22632,113,0,14,99
2026-04-11,22632,99,0,15,84
2026-04-12,22632,84,0,14,70
2026-04-13,22632,70,184,10,244
2026-04-14,22632,244,0,12,232
2026-04-15,22632,232,0,12,220
2026-04-16,22632,220,0,13,207
2026-04-17,22632,207,0,13,194
2026-04-18,22632,194,0,13,181
2026-04-19,22632,181,0,14,167
2026-04-20,22632,167,0,10,157
2026-04-21,22632,157,0,11,146
2026-04-22,22632,146,0,12,134
2026-04-23,22632,134,0,11,123
2026-04-24,22632,123,0,13,110
2026-04-25,22632,110,0,13,97
2026-04-26,22632,97,0,13,84
2026-04-27,22632,84,0,10,74
2026-04-28,22632,74,178,10,242
2026-04-29,22632,242,0,12,230
2026-04-30,22632,230,0,13,217
2026-05-01,22632,217,0,12,205
2026-05-02,22632,205,0,13,192
2026-05-03,22632,192,0,13,179
2026-05-04,22632,179,0,11,168
2026-05-05,22632,168,0,10,158
2026-05-06,22632,158,0,11,147
2026-05-07,22632,147,0,11,136
2026-05-08,22632,136,0,13,123
2026-05-09,22632,123,0,15,108
2026-05-10,22632,108,0,13,95
2026-05-11,22632,95,0,11,84
2026-05-12,22632,84,0,11,73
2026-05-13,22632,73,174,10,237
2026-05-14,22632,237,0,11,226
2026-05-15,22632,226,0,13,213
2026-05-16,22632,213,0,14,199
2026-05-17,22632,199,0,12,187
2026-05-18,22632,187,0,9,178
2026-05-19,22632,178,0,11,167
2026-05-20,22632,167,0,11,156
2026-05-21,22632,156,0,12,144
2026-05-22,22632,144,0,13,131
2026-05-23,22632,131,0,12,119
2026-05-24,22632,119,0,14,105
2026-05-25,22632,105,0,10,95
2026-05-26,22632,95,0,11,84
2026-05-27,22632,84,0,10,74
2026-05-28,22632,74,166,10,230
2026-05-29,22632,230,0,12,218
2026-05-30,22632,218,0,12,206
2026-05-31,22632,206,0,12,194
2026-06-01,22632,194,0,10,184
2026-06-02,22632,184,0,10,174
2026-06-03,22632,174,0,10,164
2026-06-04,22632,164,0,11,153
2026-06-05,22632,153,0,12,141
2026-06-06,22632,141,0,14,127
2026-06-07,22632,127,0,13,114
2026-06-08,22632,114,0,10,104
2026-06-09,22632,104,0,10,94
2026-06-10,22632,94,0,10,84
2026-06-11,22632,84,0,11,73
2026-06-12,22632,73,168,12,229
2026-06-13,22632,229,0,14,215
2026-06-14,22632,215,0,13,202
2026-06-15,22632,202,0,9,193
2026-06-16,22632,193,0,10,183
2026-06-17,22632,183,0,11,172
2026-06-18,22632,172,0,11,161
2026-06-19,22632,161,0,12,149
2026-06-20,22632,149,0,13,136
2026-06-21,22632,136,0,11,125
2026-06-22,22632,125,0,10,115
2026-06-23,22632,115,0,11,104
2026-06-24,22632,104,0,10,94
2026-06-25,22632,94,0,10,84
2026-06-26,22632,84,0,12,72
2026-06-27,22632,72,169,13,228
2026-06-28,22632,228,0,13,215
2026-06-29,22632,215,0,9,206
2026-06-30,22632,206,0,9,197
2026-07-01,22632,197,0,12,185
2026-07-02,22632,185,0,11,174
2026-07-03,22632,174,0,10,164
2026-07-04,22632,164,0,14,150
2026-07-05,22632,150,0,13,137
2026-07-06,22632,137,0,9,128
2026-07-07,22632,128,0,10,118
2026-07-08,22632,118,0,12,106
2026-07-09,22632,106,0,10,96
2026-07-10,22632,96,0,12,84
2026-07-11,22632,84,0,13,71
2026-07-12,22632,71,167,13,225
2026-07-13,22632,225,0,8,217
2026-07-14,22632,217,0,10,207
2026-07-15,22632,207,0,10,197
2026-07-16,22632,197,0,12,185
2026-07-17,22632,185,0,12,173
2026-07-18,22632,173,0,13,160
2026-07-19,22632,160,0,11,149
2026-07-20,22632,149,0,11,138
2026-07-21,22632,138,0,11,127
2026-07-22,22632,127,0,9,118
2026-07-23,22632,118,0,10,108
2026-07-24,22632,108,0,12,96
2026-07-25,22632,96,0,12,84
2026-07-26,22632,84,0,12,72
2026-07-27,22632,72,164,10,226
2026-07-28,22632,226,0,10,216
2026-07-29,22632,216,0,10,206
2026-07-30,22632,206,0,9,197
2026-07-31,22632,197,0,11,186
2026-08-01,22632,186,0,14,172
2026-08-02,22632,172,0,11,161
2026-08-03,22632,161,0,11,150
2026-08-04,22632,150,0,11,139
2026-08-05,22632,139,0,9,130
2026-08-06,22632,130,0,11,119
2026-08-07,22632,119,0,11,108
2026-08-08,22632,108,0,12,96
2026-08-09,22632,96,0,12,84
2026-08-10,22632,84,0,10,74
2026-08-11,22632,74,152,9,217
2026-08-12,22632,217,0,10,207
2026-08-13,22632,207,0,11,196
2026-08-14,22632,196,0,12,184
2026-08-15,22632,184,0,12,172
2026-08-16,22632,172,0,12,160
2026-08-17,22632,160,0,9,151
2026-08-18,22632,151,0,9,142
2026-08-19,22632,142,0,11,131
2026-08-20,22632,131,0,10,121
2026-08-21,22632,121,0,12,109
2026-08-22,22632,109,0,14,95
2026-08-23,22632,95,0,11,84
2026-08-24,22632,84,765,9,840
2026-08-25,22632,840,0,9,831
2026-08-26,22632,831,0,12,819
2026-08-27,22632,819,0,11,808
2026-08-28,22632,808,0,11,797
2026-08-29,22632,797,0,14,783
2026-08-30,22632,783,0,13,770
2026-08-31,22632,770,0,9,761
2026-09-01,22632,761,0,10,751
2026-09-02,22632,751,0,10,741
2026-09-03,22632,741,0,11,730
2026-09-04,22632,730,0,10,720
2026-09-05,22632,720,0,14,706
2026-09-06,22632,706,0,12,694
2026-09-07,22632,694,0,10,684
2026-09-08,22632,684,0,10,674
2026-09-09,22632,674,0,10,664
2026-09-10,22632,664,0,11,653
2026-09-11,22632,653,0,13,640
2026-09-12,22632,640,0,12,628
2026-09-13,22632,628,0,14,614
2024-09-14,84879,520,0,21,499
2024-09-15,84879,499,0,19,480
2024-09-16,84879,480,0,15,465
2024-09-17,84879,465,0,16,449
2024-09-18,84879,449,0,17,432
2024-09-19,84879,432,0,18,414
2024-09-20,84879,414,0,18,396
2024-09-21,84879,396,0,22,374
2024-09-22,84879,374,0,20,354
2024-09-23,84879,354,0,17,337
2024-09-24,84879,337,0,16,321
2024-09-25,84879,321,0,18,303
2024-09-26,84879,303,0,19,284
2024-09-27,84879,284,0,18,266
2024-09-28,84879,266,0,23,243
2024-09-29,84879,243,0,20,223
2024-09-30,84879,223,0,15,208
2024-10-01,84879,208,0,17,191
2024-10-02,84879,191,0,18,173
2024-10-03,84879,173,0,17,156
2024-10-04,84879,156,0,20,136
2024-10-05,84879,136,0,22,114
2024-10-06,84879,114,0,20,94
2024-10-07,84879,94,267,16,345
2024-10-08,84879,345,0,16,329
2024-10-09,84879,329,0,17,312
2024-10-10,84879,312,0,17,295
2024-10-11,84879,295,0,18,277
2024-10-12,84879,277,0,22,255
2024-10-13,84879,255,0,20,235
2024-10-14,84879,235,0,17,218
2024-10-15,84879,218,0,16,202
2024-10-16,84879,202,0,18,184
2024-10-17,84879,184,0,19,165
2024-10-18,84879,165,0,19,146
2024-10-19,84879,146,0,23,123
2024-10-20,84879,123,0,21,102
2024-10-21,84879,102,0,15,87
2024-10-22,84879,87,275,16,346
2024-10-23,84879,346,0,18,328
2024-10-24,84879,328,0,19,309
2024-10-25,84879,309,0,19,290
2024-10-26,84879,290,0,22,268
2024-10-27,84879,268,0,20,248
2024-10-28,84879,248,0,17,231
2024-10-29,84879,231,0,16,215
2024-10-30,84879,215,0,18,197
2024-10-31,84879,197,0,18,179
2024-11-01,84879,179,0,19,160
2024-11-02,84879,160,0,21,139
2024-11-03,84879,139,0,20,119
2024-11-04,84879,119,0,17,102
2024-11-05,84879,102,268,18,352
2024-11-06,84879,352,0,19,333
2024-11-07,84879,333,0,19,314
2024-11-08,84879,314,0,19,295
2024-11-09,84879,295,0,22,273
2024-11-10,84879,273,0,20,253
2024-11-11,84879,253,0,17,236
2024-11-12,84879,236,0,18,218
2024-11-13,84879,218,0,17,201
2024-11-14,84879,201,0,19,182
2024-11-15,84879,182,0,21,161
2024-11-16,84879,161,0,22,139
2024-11-17,84879,139,0,20,119
2024-11-18,84879,119,0,17,102
2024-11-19,84879,102,273,19,356
2024-11-20,84879,356,0,19,337
2024-11-21,84879,337,0,18,319
2024-11-22,84879,319,0,19,300
2024-11-23,84879,300,0,23,277
2024-11-24,84879,277,0,22,255
2024-11-25,84879,255,0,16,239
2024-11-26,84879,239,0,18,221
2024-11-27,84879,221,0,19,202
2024-11-28,84879,202,0,19,183
2024-11-29,84879,183,0,20,163
2024-11-30,84879,163,0,22,141
2024-12-01,84879,141,0,22,119
2024-12-02,84879,119,0,17,102
2024-12-03,84879,102,0,17,85
2024-12-04,84879,85,289,17,357
2024-12-05,84879,357,0,19,338
2024-12-06,84879,338,0,20,318
2024-12-07,84879,318,0,24,294
2024-12-08,84879,294,0,21,273
2024-12-09,84879,273,0,16,257
2024-12-10,84879,257,0,19,238
2024-12-11,84879,238,0,17,221
2024-12-12,84879,221,0,18,203
2024-12-13,84879,203,0,21,182
2024-12-14,84879,182,0,23,159
2024-12-15,84879,159,0,21,138
2024-12-16,84879,138,0,17,121
2024-12-17,84879,121,0,19,102
2024-12-18,84879,102,270,18,354
2024-12-19,84879,354,0,19,335
2024-12-20,84879,335,0,21,314
2024-12-21,84879,314,0,23,291
2024-12-22,84879,291,0,21,270
2024-12-23,84879,270,0,16,254
2024-12-24,84879,254,0,18,236
2024-12-25,84879,236,0,17,219
2024-12-26,84879,219,0,18,201
2024-12-27,84879,201,0,21,180
2024-12-28,84879,180,0,23,157
2024-12-29,84879,157,0,22,135
2024-12-30,84879,135,0,16,119
2024-12-31,84879,119,0,17,102
2025-01-01,84879,102,0,17,85
2025-01-02,84879,85,286,18,353
2025-01-03,84879,353,0,20,333
2025-01-04,84879,333,0,23,310
2025-01-05,84879,310,0,22,288
2025-01-06,84879,288,0,16,272
2025-01-07,84879,272,0,17,255
2025-01-08,84879,255,0,19,236
2025-01-09,84879,236,0,20,216
2025-01-10,84879,216,0,19,197
2025-01-11,84879,197,0,23,174
2025-01-12,84879,174,0,22,152
2025-01-13,84879,152,0,16,136
2025-01-14,84879,136,0,17,119
2025-01-15,84879,119,0,17,102
2025-01-16,84879,102,261,18,345
2025-01-17,84879,345,0,21,324
2025-01-18,84879,324,0,21,303
2025-01-19,84879,303,0,21,282
2025-01-20,84879,282,0,16,266
2025-01-21,84879,266,0,17,249
2025-01-22,84879,249,0,17,232
2025-01-23,84879,232,0,18,214
2025-01-24,84879,214,0,21,193
2025-01-25,84879,193,0,21,172
2025-01-26,84879,172,0,20,152
2025-01-27,84879,152,0,16,136
2025-01-28,84879,136,0,17,119
2025-01-29,84879,119,0,17,102
2025-01-30,84879,102,266,18,350
2025-01-31,84879,350,0,19,331
2025-02-01,84879,331,0,22,309
2025-02-02,84879,309,0,22,287
2025-02-03,84879,287,0,16,271
2025-02-04,84879,271,0,17,254
2025-02-05,84879,254,0,18,236
2025-02-06,84879,236,0,17,219
2025-02-07,84879,219,0,20,199
2025-02-08,84879,199,0,22,177
2025-02-09,84879,177,0,22,155
2025-02-10,84879,155,0,17,138
2025-02-11,84879,138,0,18,120
2025-02-12,84879,120,0,18,102
2025-02-13,84879,102,260,19,343
2025-02-14,84879,343,0,20,323
2025-02-15,84879,323,0,22,301
2025-02-16,84879,301,0,20,281
2025-02-17,84879,281,0,17,264
2025-02-18,84879,264,0,18,246
2025-02-19,84879,246,0,16,230
2025-02-20,84879,230,0,19,211
2025-02-21,84879,211,0,19,192
2025-02-22,84879,192,0,22,170
2025-02-23,84879,170,0,19,151
2025-02-24,84879,151,0,15,136
2025-02-25,84879,136,0,16,120
2025-02-26,84879,120,0,18,102
2025-02-27,84879,102,0,17,85
2025-02-28,84879,85,277,19,343
2025-03-01,84879,343,0,23,320
2025-03-02,84879,320,0,22,298
2025-03-03,84879,298,0,15,283
2025-03-04,84879,283,0,17,266
2025-03-05,84879,266,0,16,250
2025-03-06,84879,250,0,17,233
2025-03-07,84879,233,0,19,214
2025-03-08,84879,214,0,21,193
2025-03-09,84879,193,0,21,172
2025-03-10,84879,172,0,16,156
2025-03-11,84879,156,0,18,138
2025-03-12,84879,138,0,18,120
2025-03-13,84879,120,0,18,102
2025-03-14,84879,102,250,20,332
2025-03-15,84879,332,0,20,312
2025-03-16,84879,312,0,19,293
2025-03-17,84879,293,0,15,278
2025-03-18,84879,278,0,16,262
2025-03-19,84879,262,0,18,244
2025-03-20,84879,244,0,17,227
2025-03-21,84879,227,0,20,207
2025-03-22,84879,207,0,21,186
2025-03-23,84879,186,0,20,166
2025-03-24,84879,166,0,16,150
2025-03-25,84879,150,0,15,135
2025-03-26,84879,135,0,16,119
2025-03-27,84879,119,0,17,102
2025-03-28,84879,102,0,17,85
2025-03-29,84879,85,266,20,331
2025-03-30,84879,331,0,19,312
2025-03-31,84879,312,0,16,296
2025-04-01,84879,296,0,17,279
2025-04-02,84879,279,0,17,262
2025-04-03,84879,262,0,18,244
2025-04-04,84879,244,0,19,225
2025-04-05,84879,225,0,21,204
2025-04-06,84879,204,0,19,185
2025-04-07,84879,185,0,16,169
2025-04-08,84879,169,0,15,154
2025-04-09,84879,154,0,17,137
2025-04-10,84879,137,0,17,120
2025-04-11,84879,120,0,18,102
2025-04-12,84879,102,247,20,329
2025-04-13,84879,329,0,21,308
2025-04-14,84879,308,0,15,293
2025-04-15,84879,293,0,15,278
2025-04-16,84879,278,0,18,260
2025-04-17,84879,260,0,17,243
2025-04-18,84879,243,0,18,225
2025-04-19,84879,225,0,20,205
2025-04-20,84879,205,0,19,186
2025-04-21,84879,186,0,15,171
2025-04-22,84879,171,0,16,155
2025-04-23,84879,155,0,16,139
2025-04-24,84879,139,0,18,121
2025-04-25,84879,121,0,19,102
2025-04-26,84879,102,236,20,318
2025-04-27,84879,318,0,18,300
2025-04-28,84879,300,0,15,285
2025-04-29,84879,285,0,15,270
2025-04-30,84879,270,0,16,254
2025-05-01,84879,254,0,16,238
2025-05-02,84879,238,0,17,221
2025-05-03,84879,221,0,20,201
2025-05-04,84879,201,0,18,183
2025-05-05,84879,183,0,15,168
2025-05-06,84879,168,0,16,152
2025-05-07,84879,152,0,17,135
2025-05-08,84879,135,0,16,119
2025-05-09,84879,119,0,17,102
2025-05-10,84879,102,240,20,322
2025-05-11,84879,322,0,18,304
2025-05-12,84879,304,0,16,288
2025-05-13,84879,288,0,15,273
2025-05-14,84879,273,0,17,256
2025-05-15,84879,256,0,16,240
2025-05-16,84879,240,0,18,222
2025-05-17,84879,222,0,20,202
2025-05-18,84879,202,0,18,184
2025-05-19,84879,184,0,15,169
2025-05-20,84879,169,0,15,154
2025-05-21,84879,154,0,16,138
2025-05-22,84879,138,0,17,121
2025-05-23,84879,121,0,19,102
2025-05-24,84879,102,233,18,317
2025-05-25,84879,317,0,19,298
2025-05-26,84879,298,0,15,283
2025-05-27,84879,283,0,15,268
2025-05-28,84879,268,0,15,253
2025-05-29,84879,253,0,17,236
2025-05-30,84879,236,0,16,220
2025-05-31,84879,220,0,20,200
2025-06-01,84879,200,0,19,181
2025-06-02,84879,181,0,16,165
2025-06-03,84879,165,0,16,149
2025-06-04,84879,149,0,15,134
2025-06-05,84879,134,0,16,118
2025-06-06,84879,118,0,16,102
2025-06-07,84879,102,234,21,315
2025-06-08,84879,315,0,18,297
2025-06-09,84879,297,0,14,283
2025-06-10,84879,283,0,15,268
2025-06-11,84879,268,0,15,253
2025-06-12,84879,253,0,16,237
2025-06-13,84879,237,0,17,220
2025-06-14,84879,220,0,20,200
2025-06-15,84879,200,0,20,180
2025-06-16,84879,180,0,15,165
2025-06-17,84879,165,0,15,150
2025-06-18,84879,150,0,15,135
2025-06-19,84879,135,0,17,118
2025-06-20,84879,118,0,16,102
2025-06-21,84879,102,237,20,319
2025-06-22,84879,319,0,19,300
2025-06-23,84879,300,0,14,286
2025-06-24,84879,286,0,16,270
2025-06-25,84879,270,0,16,254
2025-06-26,84879,254,0,16,238
2025-06-27,84879,238,0,18,220
2025-06-28,84879,220,0,20,200
2025-06-29,84879,200,0,19,181
2025-06-30,84879,181,0,15,166
2025-07-01,84879,166,0,15,151
2025-07-02,84879,151,0,16,135
2025-07-03,84879,135,0,15,120
2025-07-04,84879,120,0,18,102
2025-07-05,84879,102,240,20,322
2025-07-06,84879,322,0,18,304
2025-07-07,84879,304,0,16,288
2025-07-08,84879,288,0,15,273
2025-07-09,84879,273,0,17,256
2025-07-10,84879,256,0,16,240
2025-07-11,84879,240,0,18,222
2025-07-12,84879,222,0,21,201
2025-07-13,84879,201,0,19,182
2025-07-14,84879,182,0,16,166
2025-07-15,84879,166,0,15,151
2025-07-16,84879,151,0,16,135
2025-07-17,84879,135,0,16,119
2025-07-18,84879,119,0,17,102
2025-07-19,84879,102,239,19,322
2025-07-20,84879,322,0,19,303
2025-07-21,84879,303,0,15,288
2025-07-22,84879,288,0,14,274
2025-07-23,84879,274,0,15,259
2025-07-24,84879,259,0,16,243
2025-07-25,84879,243,0,19,224
2025-07-26,84879,224,0,20,204
2025-07-27,84879,204,0,20,184
2025-07-28,84879,184,0,15,169
2025-07-29,84879,169,0,16,153
2025-07-30,84879,153,0,16,137
2025-07-31,84879,137,0,18,119
2025-08-01,84879,119,0,17,102
2025-08-02,84879,102,246,21,327
2025-08-03,84879,327,0,20,307
2025-08-04,84879,307,0,15,292
2025-08-05,84879,292,0,16,276
2025-08-06,84879,276,0,17,259
2025-08-07,84879,259,0,16,243
2025-08-08,84879,243,0,17,226
2025-08-09,84879,226,0,21,205
2025-08-10,84879,205,0,20,185
2025-08-11,84879,185,0,15,170
2025-08-12,84879,170,0,16,154
2025-08-13,84879,154,0,16,138
2025-08-14,84879,138,0,18,120
2025-08-15,84879,120,0,18,102
2025-08-16,84879,102,240,19,323
2025-08-17,84879,323,0,18,305
2025-08-18,84879,305,0,15,290
2025-08-19,84879,290,0,16,274
2025-08-20,84879,274,0,17,257
2025-08-21,84879,257,0,16,241
2025-08-22,84879,241,0,19,222
2025-08-23,84879,222,0,20,202
2025-08-24,84879,202,0,18,184
2025-08-25,84879,184,0,15,169
2025-08-26,84879,169,0,15,154
2025-08-27,84879,154,0,17,137
2025-08-28,84879,137,0,17,120
2025-08-29,84879,120,0,18,102
2025-08-30,84879,102,249,20,331
2025-08-31,84879,331,0,19,312
2025-09-01,84879,312,0,17,295
2025-09-02,84879,295,0,17,278
2025-09-03,84879,278,0,18,260
2025-09-04,84879,260,0,17,243
2025-09-05,84879,243,0,18,225
2025-09-06,84879,225,0,21,204
2025-09-07,84879,204,0,19,185
2025-09-08,84879,185,0,15,170
2025-09-09,84879,170,0,16,154
2025-09-10,84879,154,0,16,138
2025-09-11,84879,138,0,17,121
2025-09-12,84879,121,0,19,102
2025-09-13,84879,102,261,22,341
2025-09-14,84879,341,0,19,322
2025-09-15,84879,322,0,17,305
2025-09-16,84879,305,0,17,288
2025-09-17,84879,288,0,17,271
2025-09-18,84879,271,0,19,252
2025-09-19,84879,252,0,18,234
2025-09-20,84879,234,0,22,212
2025-09-21,84879,212,0,20,192
2025-09-22,84879,192,0,17,175
2025-09-23,84879,175,0,18,157
2025-09-24,84879,157,0,17,140
2025-09-25,84879,140,0,18,122
2025-09-26,84879,122,0,20,102
2025-09-27,84879,102,265,20,347
2025-09-28,84879,347,0,20,327
2025-09-29,84879,327,0,17,310
2025-09-30,84879,310,0,18,292
2025-10-01,84879,292,0,19,273
2025-10-02,84879,273,0,17,256
2025-10-03,84879,256,0,18,238
2025-10-04,84879,238,0,23,215
2025-10-05,84879,215,0,21,194
2025-10-06,84879,194,0,17,177
2025-10-07,84879,177,0,18,159
2025-10-08,84879,159,0,18,141
2025-10-09,84879,141,0,19,122
2025-10-10,84879,122,0,20,102
2025-10-11,84879,102,265,21,346
2025-10-12,84879,346,0,20,326
2025-10-13,84879,326,0,17,309
2025-10-14,84879,309,0,17,292
2025-10-15,84879,292,0,18,274
2025-10-16,84879,274,0,19,255
2025-10-17,84879,255,0,19,236
2025-10-18,84879,236,0,22,214
2025-10-19,84879,214,0,22,192
2025-10-20,84879,192,0,17,175
2025-10-21,84879,175,0,16,159
2025-10-22,84879,159,0,17,142
2025-10-23,84879,142,0,19,123
2025-10-24,84879,123,0,21,102
2025-10-25,84879,102,269,23,348
2025-10-26,84879,348,0,22,326
2025-10-27,84879,326,0,18,308
2025-10-28,84879,308,0,17,291
2025-10-29,84879,291,0,19,272
2025-10-30,84879,272,0,18,254
2025-10-31,84879,254,0,20,234
2025-11-01,84879,234,0,21,213
2025-11-02,84879,213,0,22,191
2025-11-03,84879,191,0,16,175
2025-11-04,84879,175,0,17,158
2025-11-05,84879,158,0,18,140
2025-11-06,84879,140,0,19,121
2025-11-07,84879,121,0,19,102
2025-11-08,84879,102,274,23,353
2025-11-09,84879,353,0,22,331
2025-11-10,84879,331,0,17,314
2025-11-11,84879,314,0,19,295
2025-11-12,84879,295,0,18,277
2025-11-13,84879,277,0,18,259
2025-11-14,84879,259,0,21,238
2025-11-15,84879,238,0,22,216
2025-11-16,84879,216,0,21,195
2025-11-17,84879,195,0,18,177
2025-11-18,84879,177,0,18,159
2025-11-19,84879,159,0,18,141
2025-11-20,84879,141,0,19,122
2025-11-21,84879,122,0,20,102
2025-11-22,84879,102,274,22,354
2025-11-23,84879,354,0,23,331
2025-11-24,84879,331,0,17,314
2025-11-25,84879,314,0,19,295
2025-11-26,84879,295,0,18,277
2025-11-27,84879,277,0,18,259
2025-11-28,84879,259,0,19,240
2025-11-29,84879,240,0,22,218
2025-11-30,84879,218,0,22,196
2025-12-01,84879,196,0,18,178
2025-12-02,84879,178,0,17,161
2025-12-03,84879,161,0,19,142
2025-12-04,84879,142,0,19,123
2025-12-05,84879,123,0,21,102
2025-12-06,84879,102,275,24,353
2025-12-07,84879,353,0,22,331
2025-12-08,84879,331,0,16,315
2025-12-09,84879,315,0,19,296
2025-12-10,84879,296,0,17,279
2025-12-11,84879,279,0,19,260
2025-12-12,84879,260,0,21,239
2025-12-13,84879,239,0,22,217
2025-12-14,84879,217,0,21,196
2025-12-15,84879,196,0,17,179
2025-12-16,84879,179,0,19,160
2025-12-17,84879,160,0,18,142
2025-12-18,84879,142,0,19,123
2025-12-19,84879,123,0,21,102
2025-12-20,84879,102,267,21,348
2025-12-21,84879,348,0,21,327
2025-12-22,84879,327,0,16,311
2025-12-23,84879,311,0,18,293
2025-12-24,84879,293,0,19,274
2025-12-25,84879,274,0,18,256
2025-12-26,84879,256,0,20,236
2025-12-27,84879,236,0,23,213
2025-12-28,84879,213,0,21,192
2025-12-29,84879,192,0,18,174
2025-12-30,84879,174,0,17,157
2025-12-31,84879,157,0,17,140
2026-01-01,84879,140,0,18,122
2026-01-02,84879,122,0,20,102
2026-01-03,84879,102,267,23,346
2026-01-04,84879,346,0,22,324
2026-01-05,84879,324,0,16,308
2026-01-06,84879,308,0,17,291
2026-01-07,84879,291,0,17,274
2026-01-08,84879,274,0,18,256
2026-01-09,84879,256,0,19,237
2026-01-10,84879,237,0,22,215
2026-01-11,84879,215,0,21,194
2026-01-12,84879,194,0,18,176
2026-01-13,84879,176,0,18,158
2026-01-14,84879,158,0,17,141
2026-01-15,84879,141,0,19,122
2026-01-16,84879,122,0,20,102
2026-01-17,84879,102,267,23,346
2026-01-18,84879,346,0,22,324
2026-01-19,84879,324,0,16,308
2026-01-20,84879,308,0,17,291
2026-01-21,84879,291,0,17,274
2026-01-22,84879,274,0,19,255
2026-01-23,84879,255,0,19,236
2026-01-24,84879,236,0,23,213
2026-01-25,84879,213,0,20,193
2026-01-26,84879,193,0,16,177
2026-01-27,84879,177,0,19,158
2026-01-28,84879,158,0,19,139
2026-01-29,84879,139,0,18,121
2026-01-30,84879,121,0,19,102
2026-01-31,84879,102,260,21,341
2026-02-01,84879,341,0,22,319
2026-02-02,84879,319,0,17,302
2026-02-03,84879,302,0,17,285
2026-02-04,84879,285,0,17,268
2026-02-05,84879,268,0,17,251
2026-02-06,84879,251,0,19,232
2026-02-07,84879,232,0,21,211
2026-02-08,84879,211,0,20,191
2026-02-09,84879,191,0,16,175
2026-02-10,84879,175,0,17,158
2026-02-11,84879,158,0,19,139
2026-02-12,84879,139,0,17,122
2026-02-13,84879,122,0,20,102
2026-02-14,84879,102,263,22,343
2026-02-15,84879,343,0,21,322
2026-02-16,84879,322,0,17,305
2026-02-17,84879,305,0,18,287
2026-02-18,84879,287,0,18,269
2026-02-19,84879,269,0,18,251
2026-02-20,84879,251,0,20,231
2026-02-21,84879,231,0,21,210
2026-02-22,84879,210,0,19,191
2026-02-23,84879,191,0,17,174
2026-02-24,84879,174,0,18,156
2026-02-25,84879,156,0,17,139
2026-02-26,84879,139,0,19,120
2026-02-27,84879,120,0,18,102
2026-02-28,84879,102,257,22,337
2026-03-01,84879,337,0,21,316
2026-03-02,84879,316,0,16,300
2026-03-03,84879,300,0,16,284
2026-03-04,84879,284,0,17,267
2026-03-05,84879,267,0,17,250
2026-03-06,84879,250,0,19,231
2026-03-07,84879,231,0,20,211
2026-03-08,84879,211,0,21,190
2026-03-09,84879,190,0,17,173
2026-03-10,84879,173,0,17,156
2026-03-11,84879,156,0,17,139
2026-03-12,84879,139,0,18,121
2026-03-13,84879,121,0,19,102
2026-03-14,84879,102,254,22,334
2026-03-15,84879,334,0,21,313
2026-03-16,84879,313,0,17,296
2026-03-17,84879,296,0,15,281
2026-03-18,84879,281,0,17,264
2026-03-19,84879,264,0,17,247
2026-03-20,84879,247,0,18,229
2026-03-21,84879,229,0,22,207
2026-03-22,84879,207,0,20,187
2026-03-23,84879,187,0,15,172
2026-03-24,84879,172,0,16,156
2026-03-25,84879,156,0,18,138
2026-03-26,84879,138,0,16,122
2026-03-27,84879,122,0,20,102
2026-03-28,84879,102,244,20,326
2026-03-29,84879,326,0,19,307
2026-03-30,84879,307,0,16,291
2026-03-31,84879,291,0,16,275
2026-04-01,84879,275,0,17,258
2026-04-02,84879,258,0,16,242
2026-04-03,84879,242,0,18,224
2026-04-04,84879,224,0,20,204
2026-04-05,84879,204,0,19,185
2026-04-06,84879,185,0,16,169
2026-04-07,84879,169,0,16,153
2026-04-08,84879,153,0,15,138
2026-04-09,84879,138,0,18,120
2026-04-10,84879,120,0,18,102
2026-04-11,84879,102,250,21,331
2026-04-12,84879,331,0,19,312
2026-04-13,84879,312,0,17,295
2026-04-14,84879,295,0,16,279
2026-04-15,84879,279,0,15,264
2026-04-16,84879,264,0,18,246
2026-04-17,84879,246,0,19,227
2026-04-18,84879,227,0,20,207
2026-04-19,84879,207,0,20,187
2026-04-20,84879,187,0,16,171
2026-04-21,84879,171,0,17,154
2026-04-22,84879,154,0,17,137
2026-04-23,84879,137,0,16,121
2026-04-24,84879,121,0,19,102
2026-04-25,84879,102,245,21,326
2026-04-26,84879,326,0,18,308
2026-04-27,84879,308,0,15,293
2026-04-28,84879,293,0,16,277
2026-04-29,84879,277,0,17,260
2026-04-30,84879,260,0,18,242
2026-05-01,84879,242,0,19,223
2026-05-02,84879,223,0,20,203
2026-05-03,84879,203,0,20,183
2026-05-04,84879,183,0,14,169
2026-05-05,84879,169,0,15,154
2026-05-06,84879,154,0,15,139
2026-05-07,84879,139,0,18,121
2026-05-08,84879,121,0,19,102
2026-05-09,84879,102,239,21,320
2026-05-10,84879,320,0,19,301
2026-05-11,84879,301,0,14,287
2026-05-12,84879,287,0,15,272
2026-05-13,84879,272,0,17,255
2026-05-14,84879,255,0,17,238
2026-05-15,84879,238,0,19,219
2026-05-16,84879,219,0,20,199
2026-05-17,84879,199,0,19,180
2026-05-18,84879,180,0,15,165
2026-05-19,84879,165,0,16,149
2026-05-20,84879,149,0,15,134
2026-05-21,84879,134,0,15,119
2026-05-22,84879,119,0,17,102
2026-05-23,84879,102,234,20,316
2026-05-24,84879,316,0,19,297
2026-05-25,84879,297,0,15,282
2026-05-26,84879,282,0,15,267
2026-05-27,84879,267,0,16,251
2026-05-28,84879,251,0,15,236
2026-05-29,84879,236,0,18,218
2026-05-30,84879,218,0,19,199
2026-05-31,84879,199,0,19,180
2026-06-01,84879,180,0,15,165
2026-06-02,84879,165,0,15,150
2026-06-03,84879,150,0,15,135
2026-06-04,84879,135,0,16,119
2026-06-05,84879,119,0,17,102
2026-06-06,84879,102,237,19,320
2026-06-07,84879,320,0,19,301
2026-06-08,84879,301,0,15,286
2026-06-09,84879,286,0,16,270
2026-06-10,84879,270,0,15,255
2026-06-11,84879,255,0,17,238
2026-06-12,84879,238,0,18,220
2026-06-13,84879,220,0,21,199
2026-06-14,84879,199,0,18,181
2026-06-15,84879,181,0,14,167
2026-06-16,84879,167,0,15,152
2026-06-17,84879,152,0,16,136
2026-06-18,84879,136,0,17,119
2026-06-19,84879,119,0,17,102
2026-06-20,84879,102,237,18,321
2026-06-21,84879,321,0,19,302
2026-06-22,84879,302,0,15,287
2026-06-23,84879,287,0,16,271
2026-06-24,84879,271,0,16,255
2026-06-25,84879,255,0,16,239
2026-06-26,84879,239,0,18,221
2026-06-27,84879,221,0,18,203
2026-06-28,84879,203,0,20,183
2026-06-29,84879,183,0,15,168
2026-06-30,84879,168,0,15,153
2026-07-01,84879,153,0,16,137
2026-07-02,84879,137,0,18,119
2026-07-03,84879,119,0,17,102
2026-07-04,84879,102,237,19,320
2026-07-05,84879,320,0,18,302
2026-07-06,84879,302,0,15,287
2026-07-07,84879,287,0,16,271
2026-07-08,84879,271,0,15,256
2026-07-09,84879,256,0,17,239
2026-07-10,84879,239,0,17,222
2026-07-11,84879,222,0,20,202
2026-07-12,84879,202,0,20,182
2026-07-13,84879,182,0,14,168
2026-07-14,84879,168,0,16,152
2026-07-15,84879,152,0,17,135
2026-07-16,84879,135,0,16,119
2026-07-17,84879,119,0,17,102
2026-07-18,84879,102,240,19,323
2026-07-19,84879,323,0,19,304
2026-07-20,84879,304,0,14,290
2026-07-21,84879,290,0,15,275
2026-07-22,84879,275,0,16,259
2026-07-23,84879,259,0,17,242
2026-07-24,84879,242,0,18,224
2026-07-25,84879,224,0,21,203
2026-07-26,84879,203,0,20,183
2026-07-27,84879,183,0,14,169
2026-07-28,84879,169,0,16,153
2026-07-29,84879,153,0,16,137
2026-07-30,84879,137,0,17,120
2026-07-31,84879,120,0,18,102
2026-08-01,84879,102,237,20,319
2026-08-02,84879,319,0,19,300
2026-08-03,84879,300,0,14,286
2026-08-04,84879,286,0,17,269
2026-08-05,84879,269,0,15,254
2026-08-06,84879,254,0,16,238
2026-08-07,84879,238,0,17,221
2026-08-08,84879,221,0,21,200
2026-08-09,84879,200,0,19,181
2026-08-10,84879,181,0,14,167
2026-08-11,84879,167,0,15,152
2026-08-12,84879,152,0,17,135
2026-08-13,84879,135,0,16,119
2026-08-14,84879,119,0,17,102
2026-08-15,84879,102,162,20,244
2026-08-16,84879,244,0,19,225
2026-08-17,84879,225,0,15,210
2026-08-18,84879,210,0,16,194
2026-08-19,84879,194,0,16,178
2026-08-20,84879,178,0,17,161
2026-08-21,84879,161,0,19,142
2026-08-22,84879,142,0,21,121
2026-08-23,84879,121,0,19,102
2026-08-24,84879,102,485,15,572
2026-08-25,84879,572,0,15,557
2026-08-26,84879,557,0,16,541
2026-08-27,84879,541,0,17,524
2026-08-28,84879,524,0,19,505
2026-08-29,84879,505,0,20,485
2026-08-30,84879,485,0,20,465
2026-08-31,84879,465,0,16,449
2026-09-01,84879,449,0,15,434
2026-09-02,84879,434,0,18,416
2026-09-03,84879,416,0,17,399
2026-09-04,84879,399,0,17,382
2026-09-05,84879,382,0,21,361
2026-09-06,84879,361,0,21,340
2026-09-07,84879,340,0,16,324
2026-09-08,84879,324,0,17,307
2026-09-09,84879,307,0,17,290
2026-09-10,84879,290,0,18,272
2026-09-11,84879,272,0,18,254
2026-09-12,84879,254,0,21,233
2026-09-13,84879,233,0,19,214
2024-09-14,22745,530,0,20,510
2024-09-15,22745,510,0,19,491
2024-09-16,22745,491,0,16,475
2024-09-17,22745,475,0,15,460
2024-09-18,22745,460,0,16,444
2024-09-19,22745,444,0,16,428
2024-09-20,22745,428,0,18,410
2024-09-21,22745,410,0,20,390
2024-09-22,22745,390,0,18,372
2024-09-23,22745,372,0,15,357
2024-09-24,22745,357,0,16,341
2024-09-25,22745,341,0,17,324
2024-09-26,22745,324,0,18,306
2024-09-27,22745,306,0,19,287
2024-09-28,22745,287,0,21,266
2024-09-29,22745,266,0,20,246
2024-09-30,22745,246,0,16,230
2024-10-01,22745,230,0,16,214
2024-10-02,22745,214,0,18,196
2024-10-03,22745,196,0,17,179
2024-10-04,22745,179,0,19,160
2024-10-05,22745,160,0,20,140
2024-10-06,22745,140,0,20,120
2024-10-07,22745,120,0,14,106
2024-10-08,22745,106,268,16,358
2024-10-09,22745,358,0,16,342
2024-10-10,22745,342,0,19,323
2024-10-11,22745,323,0,19,304
2024-10-12,22745,304,0,22,282
2024-10-13,22745,282,0,19,263
2024-10-14,22745,263,0,17,246
2024-10-15,22745,246,0,16,230
2024-10-16,22745,230,0,18,212
2024-10-17,22745,212,0,16,196
2024-10-18,22745,196,0,17,179
2024-10-19,22745,179,0,22,157
2024-10-20,22745,157,0,21,136
2024-10-21,22745,136,0,16,120
2024-10-22,22745,120,0,17,103
2024-10-23,22745,103,273,17,359
2024-10-24,22745,359,0,18,341
2024-10-25,22745,341,0,20,321
2024-10-26,22745,321,0,22,299
2024-10-27,22745,299,0,20,279
2024-10-28,22745,279,0,16,263
2024-10-29,22745,263,0,17,246
2024-10-30,22745,246,0,17,229
2024-10-31,22745,229,0,17,212
2024-11-01,22745,212,0,18,194
2024-11-02,22745,194,0,22,172
2024-11-03,22745,172,0,21,151
2024-11-04,22745,151,0,15,136
2024-11-05,22745,136,0,16,120
2024-11-06,22745,120,0,18,102
2024-11-07,22745,102,278,17,363
2024-11-08,22745,363,0,21,342
2024-11-09,22745,342,0,23,319
2024-11-10,22745,319,0,20,299
2024-11-11,22745,299,0,16,283
2024-11-12,22745,283,0,16,267
2024-11-13,22745,267,0,18,249
2024-11-14,22745,249,0,18,231
2024-11-15,22745,231,0,18,213
2024-11-16,22745,213,0,23,190
2024-11-17,22745,190,0,20,170
2024-11-18,22745,170,0,16,154
2024-11-19,22745,154,0,17,137
2024-11-20,22745,137,0,17,120
2024-11-21,22745,120,0,19,101
2024-11-22,22745,101,287,18,370
2024-11-23,22745,370,0,22,348
2024-11-24,22745,348,0,20,328
2024-11-25,22745,328,0,18,310
2024-11-26,22745,310,0,18,292
2024-11-27,22745,292,0,18,274
2024-11-28,22745,274,0,19,255
2024-11-29,22745,255,0,20,235
2024-11-30,22745,235,0,21,214
2024-12-01,22745,214,0,22,192
2024-12-02,22745,192,0,18,174
2024-12-03,22745,174,0,18,156
2024-12-04,22745,156,0,18,138
2024-12-05,22745,138,0,18,120
2024-12-06,22745,120,0,20,100
2024-12-07,22745,100,287,23,364
2024-12-08,22745,364,0,20,344
2024-12-09,22745,344,0,16,328
2024-12-10,22745,328,0,18,310
2024-12-11,22745,310,0,17,293
2024-12-12,22745,293,0,19,274
2024-12-13,22745,274,0,20,254
2024-12-14,22745,254,0,22,232
2024-12-15,22745,232,0,22,210
2024-12-16,22745,210,0,16,194
2024-12-17,22745,194,0,18,176
2024-12-18,22745,176,0,17,159
2024-12-19,22745,159,0,19,140
2024-12-20,22745,140,0,20,120
2024-12-21,22745,120,269,22,367
2024-12-22,22745,367,0,23,344
2024-12-23,22745,344,0,17,327
2024-12-24,22745,327,0,18,309
2024-12-25,22745,309,0,17,292
2024-12-26,22745,292,0,18,274
2024-12-27,22745,274,0,20,254
2024-12-28,22745,254,0,23,231
2024-12-29,22745,231,0,22,209
2024-12-30,22745,209,0,16,193
2024-12-31,22745,193,0,17,176
2025-01-01,22745,176,0,19,157
2025-01-02,22745,157,0,18,139
2025-01-03,22745,139,0,19,120
2025-01-04,22745,120,274,23,371
2025-01-05,22745,371,0,21,350
2025-01-06,22745,350,0,18,332
2025-01-07,22745,332,0,17,315
2025-01-08,22745,315,0,19,296
2025-01-09,22745,296,0,20,276
2025-01-10,22745,276,0,21,255
2025-01-11,22745,255,0,22,233
2025-01-12,22745,233,0,23,210
2025-01-13,22745,210,0,16,194
2025-01-14,22745,194,0,18,176
2025-01-15,22745,176,0,17,159
2025-01-16,22745,159,0,18,141
2025-01-17,22745,141,0,21,120
2025-01-18,22745,120,272,22,370
2025-01-19,22745,370,0,21,349
2025-01-20,22745,349,0,18,331
2025-01-21,22745,331,0,18,313
2025-01-22,22745,313,0,17,296
2025-01-23,22745,296,0,20,276
2025-01-24,22745,276,0,20,256
2025-01-25,22745,256,0,23,233
2025-01-26,22745,233,0,21,212
2025-01-27,22745,212,0,17,195
2025-01-28,22745,195,0,19,176
2025-01-29,22745,176,0,17,159
2025-01-30,22745,159,0,18,141
2025-01-31,22745,141,0,21,120
2025-02-01,22745,120,275,22,373
2025-02-02,22745,373,0,21,352
2025-02-03,22745,352,0,18,334
2025-02-04,22745,334,0,18,316
2025-02-05,22745,316,0,19,297
2025-02-06,22745,297,0,19,278
2025-02-07,22745,278,0,21,257
2025-02-08,22745,257,0,24,233
2025-02-09,22745,233,0,21,212
2025-02-10,22745,212,0,18,194
2025-02-11,22745,194,0,17,177
2025-02-12,22745,177,0,18,159
2025-02-13,22745,159,0,19,140
2025-02-14,22745,140,0,20,120
2025-02-15,22745,120,273,24,369
2025-02-16,22745,369,0,22,347
2025-02-17,22745,347,0,18,329
2025-02-18,22745,329,0,19,310
2025-02-19,22745,310,0,18,292
2025-02-20,22745,292,0,19,273
2025-02-21,22745,273,0,19,254
2025-02-22,22745,254,0,22,232
2025-02-23,22745,232,0,21,211
2025-02-24,22745,211,0,17,194
2025-02-25,22745,194,0,17,177
2025-02-26,22745,177,0,18,159
2025-02-27,22745,159,0,18,141
2025-02-28,22745,141,0,21,120
2025-03-01,22745,120,267,23,364
2025-03-02,22745,364,0,21,343
2025-03-03,22745,343,0,17,326
2025-03-04,22745,326,0,16,310
2025-03-05,22745,310,0,19,291
2025-03-06,22745,291,0,17,274
2025-03-07,22745,274,0,20,254
2025-03-08,22745,254,0,22,232
2025-03-09,22745,232,0,21,211
2025-03-10,22745,211,0,18,193
2025-03-11,22745,193,0,17,176
2025-03-12,22745,176,0,19,157
2025-03-13,22745,157,0,17,140
2025-03-14,22745,140,0,20,120
2025-03-15,22745,120,270,23,367
2025-03-16,22745,367,0,22,345
2025-03-17,22745,345,0,17,328
2025-03-18,22745,328,0,18,310
2025-03-19,22745,310,0,18,292
2025-03-20,22745,292,0,19,273
2025-03-21,22745,273,0,20,253
2025-03-22,22745,253,0,21,232
2025-03-23,22745,232,0,21,211
2025-03-24,22745,211,0,17,194
2025-03-25,22745,194,0,18,176
2025-03-26,22745,176,0,18,158
2025-03-27,22745,158,0,18,140
2025-03-28,22745,140,0,20,120
2025-03-29,22745,120,266,23,363
2025-03-30,22745,363,0,22,341
2025-03-31,22745,341,0,16,325
2025-04-01,22745,325,0,17,308
2025-04-02,22745,308,0,17,291
2025-04-03,22745,291,0,18,273
2025-04-04,22745,273,0,19,254
2025-04-05,22745,254,0,23,231
2025-04-06,22745,231,0,22,209
2025-04-07,22745,209,0,16,193
2025-04-08,22745,193,0,18,175
2025-04-09,22745,175,0,17,158
2025-04-10,22745,158,0,19,139
2025-04-11,22745,139,0,19,120
2025-04-12,22745,120,262,21,361
2025-04-13,22745,361,0,21,340
2025-04-14,22745,340,0,16,324
2025-04-15,22745,324,0,16,308
2025-04-16,22745,308,0,19,289
2025-04-17,22745,289,0,19,270
2025-04-18,22745,270,0,20,250
2025-04-19,22745,250,0,21,229
2025-04-20,22745,229,0,20,209
2025-04-21,22745,209,0,16,193
2025-04-22,22745,193,0,16,177
2025-04-23,22745,177,0,19,158
2025-04-24,22745,158,0,18,140
2025-04-25,22745,140,0,20,120
2025-04-26,22745,120,261,22,359
2025-04-27,22745,359,0,22,337
2025-04-28,22745,337,0,16,321
2025-04-29,22745,321,0,17,304
2025-04-30,22745,304,0,17,287
2025-05-01,22745,287,0,19,268
2025-05-02,22745,268,0,20,248
2025-05-03,22745,248,0,21,227
2025-05-04,22745,227,0,20,207
2025-05-05,22745,207,0,16,191
2025-05-06,22745,191,0,17,174
2025-05-07,22745,174,0,17,157
2025-05-08,22745,157,0,17,140
2025-05-09,22745,140,0,20,120
2025-05-10,22745,120,260,21,359
2025-05-11,22745,359,0,22,337
2025-05-12,22745,337,0,16,321
2025-05-13,22745,321,0,16,305
2025-05-14,22745,305,0,17,288
2025-05-15,22745,288,0,18,270
2025-05-16,22745,270,0,19,251
2025-05-17,22745,251,0,21,230
2025-05-18,22745,230,0,22,208
2025-05-19,22745,208,0,16,192
2025-05-20,22745,192,0,16,176
2025-05-21,22745,176,0,18,158
2025-05-22,22745,158,0,19,139
2025-05-23,22745,139,0,19,120
2025-05-24,22745,120,261,21,360
2025-05-25,22745,360,0,22,338
2025-05-26,22745,338,0,16,322
2025-05-27,22745,322,0,18,304
2025-05-28,22745,304,0,17,287
2025-05-29,22745,287,0,19,268
2025-05-30,22745,268,0,19,249
2025-05-31,22745,249,0,21,228
2025-06-01,22745,228,0,21,207
2025-06-02,22745,207,0,17,190
2025-06-03,22745,190,0,18,172
2025-06-04,22745,172,0,16,156
2025-06-05,22745,156,0,17,139
2025-06-06,22745,139,0,19,120
2025-06-07,22745,120,265,22,363
2025-06-08,22745,363,0,20,343
2025-06-09,22745,343,0,16,327
2025-06-10,22745,327,0,17,310
2025-06-11,22745,310,0,19,291
2025-06-12,22745,291,0,18,273
2025-06-13,22745,273,0,20,253
2025-06-14,22745,253,0,22,231
2025-06-15,22745,231,0,21,210
2025-06-16,22745,210,0,17,193
2025-06-17,22745,193,0,18,175
2025-06-18,22745,175,0,17,158
2025-06-19,22745,158,0,19,139
2025-06-20,22745,139,0,19,120
2025-06-21,22745,120,263,21,362
2025-06-22,22745,362,0,21,341
2025-06-23,22745,341,0,16,325
2025-06-24,22745,325,0,17,308
2025-06-25,22745,308,0,18,290
2025-06-26,22745,290,0,19,271
2025-06-27,22745,271,0,21,250
2025-06-28,22745,250,0,22,228
2025-06-29,22745,228,0,22,206
2025-06-30,22745,206,0,16,190
2025-07-01,22745,190,0,16,174
2025-07-02,22745,174,0,17,157
2025-07-03,22745,157,0,18,139
2025-07-04,22745,139,0,19,120
2025-07-05,22745,120,273,23,370
2025-07-06,22745,370,0,21,349
2025-07-07,22745,349,0,17,332
2025-07-08,22745,332,0,17,315
2025-07-09,22745,315,0,19,296
2025-07-10,22745,296,0,18,278
2025-07-11,22745,278,0,21,257
2025-07-12,22745,257,0,23,234
2025-07-13,22745,234,0,22,212
2025-07-14,22745,212,0,18,194
2025-07-15,22745,194,0,18,176
2025-07-16,22745,176,0,17,159
2025-07-17,22745,159,0,18,141
2025-07-18,22745,141,0,21,120
2025-07-19,22745,120,274,22,372
2025-07-20,22745,372,0,20,352
2025-07-21,22745,352,0,18,334
2025-07-22,22745,334,0,17,317
2025-07-23,22745,317,0,18,299
2025-07-24,22745,299,0,18,281
2025-07-25,22745,281,0,21,260
2025-07-26,22745,260,0,24,236
2025-07-27,22745,236,0,22,214
2025-07-28,22745,214,0,17,197
2025-07-29,22745,197,0,19,178
2025-07-30,22745,178,0,18,160
2025-07-31,22745,160,0,20,140
2025-08-01,22745,140,0,20,120
2025-08-02,22745,120,281,23,378
2025-08-03,22745,378,0,22,356
2025-08-04,22745,356,0,18,338
2025-08-05,22745,338,0,19,319
2025-08-06,22745,319,0,18,301
2025-08-07,22745,301,0,19,282
2025-08-08,22745,282,0,21,261
2025-08-09,22745,261,0,22,239
2025-08-10,22745,239,0,23,216
2025-08-11,22745,216,0,18,198
2025-08-12,22745,198,0,20,178
2025-08-13,22745,178,0,19,159
2025-08-14,22745,159,0,18,141
2025-08-15,22745,141,0,21,120
2025-08-16,22745,120,287,24,383
2025-08-17,22745,383,0,22,361
2025-08-18,22745,361,0,18,343
2025-08-19,22745,343,0,19,324
2025-08-20,22745,324,0,18,306
2025-08-21,22745,306,0,21,285
2025-08-22,22745,285,0,21,264
2025-08-23,22745,264,0,23,241
2025-08-24,22745,241,0,23,218
2025-08-25,22745,218,0,18,200
2025-08-26,22745,200,0,19,181
2025-08-27,22745,181,0,19,162
2025-08-28,22745,162,0,20,142
2025-08-29,22745,142,0,22,120
2025-08-30,22745,120,294,23,391
2025-08-31,22745,391,0,22,369
2025-09-01,22745,369,0,19,350
2025-09-02,22745,350,0,19,331
2025-09-03,22745,331,0,19,312
2025-09-04,22745,312,0,20,292
2025-09-05,22745,292,0,23,269
2025-09-06,22745,269,0,24,245
2025-09-07,22745,245,0,24,221
2025-09-08,22745,221,0,19,202
2025-09-09,22745,202,0,19,183
2025-09-10,22745,183,0,21,162
2025-09-11,22745,162,0,19,143
2025-09-12,22745,143,0,23,120
2025-09-13,22745,120,303,24,399
2025-09-14,22745,399,0,24,375
2025-09-15,22745,375,0,20,355
2025-09-16,22745,355,0,19,336
2025-09-17,22745,336,0,21,315
2025-09-18,22745,315,0,22,293
2025-09-19,22745,293,0,22,271
2025-09-20,22745,271,0,26,245
2025-09-21,22745,245,0,23,222
2025-09-22,22745,222,0,20,202
2025-09-23,22745,202,0,20,182
2025-09-24,22745,182,0,19,163
2025-09-25,22745,163,0,21,142
2025-09-26,22745,142,0,22,120
2025-09-27,22745,120,307,26,401
2025-09-28,22745,401,0,23,378
2025-09-29,22745,378,0,19,359
2025-09-30,22745,359,0,20,339
2025-10-01,22745,339,0,20,319
2025-10-02,22745,319,0,21,298
2025-10-03,22745,298,0,23,275
2025-10-04,22745,275,0,25,250
2025-10-05,22745,250,0,24,226
2025-10-06,22745,226,0,21,205
2025-10-07,22745,205,0,19,186
2025-10-08,22745,186,0,21,165
2025-10-09,22745,165,0,21,144
2025-10-10,22745,144,0,24,120
2025-10-11,22745,120,317,27,410
2025-10-12,22745,410,0,26,384
2025-10-13,22745,384,0,21,363
2025-10-14,22745,363,0,21,342
2025-10-15,22745,342,0,20,322
2025-10-16,22745,322,0,23,299
2025-10-17,22745,299,0,24,275
2025-10-18,22745,275,0,25,250
2025-10-19,22745,250,0,25,225
2025-10-20,22745,225,0,19,206
2025-10-21,22745,206,0,20,186
2025-10-22,22745,186,0,21,165
2025-10-23,22745,165,0,21,144
2025-10-24,22745,144,0,24,120
2025-10-25,22745,120,318,26,412
2025-10-26,22745,412,0,24,388
2025-10-27,22745,388,0,20,368
2025-10-28,22745,368,0,21,347
2025-10-29,22745,347,0,22,325
2025-10-30,22745,325,0,22,303
2025-10-31,22745,303,0,23,280
2025-11-01,22745,280,0,27,253
2025-11-02,22745,253,0,25,228
2025-11-03,22745,228,0,20,208
2025-11-04,22745,208,0,20,188
2025-11-05,22745,188,0,21,167
2025-11-06,22745,167,0,23,144
2025-11-07,22745,144,0,24,120
2025-11-08,22745,120,326,28,418
2025-11-09,22745,418,0,25,393
2025-11-10,22745,393,0,20,373
2025-11-11,22745,373,0,22,351
2025-11-12,22745,351,0,21,330
2025-11-13,22745,330,0,22,308
2025-11-14,22745,308,0,25,283
2025-11-15,22745,283,0,28,255
2025-11-16,22745,255,0,25,230
2025-11-17,22745,230,0,20,210
2025-11-18,22745,210,0,22,188
2025-11-19,22745,188,0,23,165
2025-11-20,22745,165,0,22,143
2025-11-21,22745,143,0,23,120
2025-11-22,22745,120,331,29,422
2025-11-23,22745,422,0,25,397
2025-11-24,22745,397,0,21,376
2025-11-25,22745,376,0,21,355
2025-11-26,22745,355,0,23,332
2025-11-27,22745,332,0,22,310
2025-11-28,22745,310,0,24,286
2025-11-29,22745,286,0,27,259
2025-11-30,22745,259,0,26,233
2025-12-01,22745,233,0,22,211
2025-12-02,22745,211,0,22,189
2025-12-03,22745,189,0,22,167
2025-12-04,22745,167,0,23,144
2025-12-05,22745,144,0,24,120
2025-12-06,22745,120,335,29,426
2025-12-07,22745,426,0,27,399
2025-12-08,22745,399,0,21,378
2025-12-09,22745,378,0,21,357
2025-12-10,22745,357,0,22,335
2025-12-11,22745,335,0,24,311
2025-12-12,22745,311,0,23,288
2025-12-13,22745,288,0,27,261
2025-12-14,22745,261,0,26,235
2025-12-15,22745,235,0,21,214
2025-12-16,22745,214,0,21,193
2025-12-17,22745,193,0,23,170
2025-12-18,22745,170,0,24,146
2025-12-19,22745,146,0,26,120
2025-12-20,22745,120,337,27,430
2025-12-21,22745,430,0,27,403
2025-12-22,22745,403,0,21,382
2025-12-23,22745,382,0,21,361
2025-12-24,22745,361,0,23,338
2025-12-25,22745,338,0,23,315
2025-12-26,22745,315,0,26,289
2025-12-27,22745,289,0,28,261
2025-12-28,22745,261,0,26,235
2025-12-29,22745,235,0,21,214
2025-12-30,22745,214,0,22,192
2025-12-31,22745,192,0,23,169
2026-01-01,22745,169,0,24,145
2026-01-02,22745,145,0,25,120
2026-01-03,22745,120,337,28,429
2026-01-04,22745,429,0,26,403
2026-01-05,22745,403,0,21,382
2026-01-06,22745,382,0,22,360
2026-01-07,22745,360,0,22,338
2026-01-08,22745,338,0,22,316
2026-01-09,22745,316,0,25,291
2026-01-10,22745,291,0,29,262
2026-01-11,22745,262,0,27,235
2026-01-12,22745,235,0,22,213
2026-01-13,22745,213,0,22,191
2026-01-14,22745,191,0,23,168
2026-01-15,22745,168,0,23,145
2026-01-16,22745,145,0,25,120
2026-01-17,22745,120,338,28,430
2026-01-18,22745,430,0,26,404
2026-01-19,22745,404,0,21,383
2026-01-20,22745,383,0,22,361
2026-01-21,22745,361,0,23,338
2026-01-22,22745,338,0,24,314
2026-01-23,22745,314,0,26,288
2026-01-24,22745,288,0,29,259
2026-01-25,22745,259,0,27,232
2026-01-26,22745,232,0,21,211
2026-01-27,22745,211,0,22,189
2026-01-28,22745,189,0,23,166
2026-01-29,22745,166,0,22,144
2026-01-30,22745,144,0,24,120
2026-01-31,22745,120,337,28,429
2026-02-01,22745,429,0,27,402
2026-02-02,22745,402,0,22,380
2026-02-03,22745,380,0,23,357
2026-02-04,22745,357,0,22,335
2026-02-05,22745,335,0,23,312
2026-02-06,22745,312,0,26,286
2026-02-07,22745,286,0,28,258
2026-02-08,22745,258,0,26,232
2026-02-09,22745,232,0,20,212
2026-02-10,22745,212,0,22,190
2026-02-11,22745,190,0,22,168
2026-02-12,22745,168,0,23,145
2026-02-13,22745,145,0,25,120
2026-02-14,22745,120,333,27,426
2026-02-15,22745,426,0,26,400
2026-02-16,22745,400,0,21,379
2026-02-17,22745,379,0,23,356
2026-02-18,22745,356,0,23,333
2026-02-19,22745,333,0,24,309
2026-02-20,22745,309,0,25,284
2026-02-21,22745,284,0,28,256
2026-02-22,22745,256,0,27,229
2026-02-23,22745,229,0,20,209
2026-02-24,22745,209,0,21,188
2026-02-25,22745,188,0,21,167
2026-02-26,22745,167,0,22,145
2026-02-27,22745,145,0,25,120
2026-02-28,22745,120,333,28,425
2026-03-01,22745,425,0,26,399
2026-03-02,22745,399,0,21,378
2026-03-03,22745,378,0,21,357
2026-03-04,22745,357,0,22,335
2026-03-05,22745,335,0,22,313
2026-03-06,22745,313,0,24,289
2026-03-07,22745,289,0,28,261
2026-03-08,22745,261,0,27,234
2026-03-09,22745,234,0,22,212
2026-03-10,22745,212,0,22,190
2026-03-11,22745,190,0,22,168
2026-03-12,22745,168,0,23,145
2026-03-13,22745,145,0,25,120
2026-03-14,22745,120,324,27,417
2026-03-15,22745,417,0,26,391
2026-03-16,22745,391,0,20,371
2026-03-17,22745,371,0,21,350
2026-03-18,22745,350,0,21,329
2026-03-19,22745,329,0,23,306
2026-03-20,22745,306,0,24,282
2026-03-21,22745,282,0,26,256
2026-03-22,22745,256,0,27,229
2026-03-23,22745,229,0,21,208
2026-03-24,22745,208,0,21,187
2026-03-25,22745,187,0,21,166
2026-03-26,22745,166,0,22,144
2026-03-27,22745,144,0,24,120
2026-03-28,22745,120,326,27,419
2026-03-29,22745,419,0,26,393
2026-03-30,22745,393,0,20,373
2026-03-31,22745,373,0,22,351
2026-04-01,22745,351,0,22,329
2026-04-02,22745,329,0,22,307
2026-04-03,22745,307,0,23,284
2026-04-04,22745,284,0,28,256
2026-04-05,22745,256,0,26,230
2026-04-06,22745,230,0,21,209
2026-04-07,22745,209,0,22,187
2026-04-08,22745,187,0,20,167
2026-04-09,22745,167,0,23,144
2026-04-10,22745,144,0,24,120
2026-04-11,22745,120,326,26,420
2026-04-12,22745,420,0,26,394
2026-04-13,22745,394,0,21,373
2026-04-14,22745,373,0,21,352
2026-04-15,22745,352,0,21,331
2026-04-16,22745,331,0,23,308
2026-04-17,22745,308,0,24,284
2026-04-18,22745,284,0,27,257
2026-04-19,22745,257,0,27,230
2026-04-20,22745,230,0,21,209
2026-04-21,22745,209,0,22,187
2026-04-22,22745,187,0,21,166
2026-04-23,22745,166,0,23,143
2026-04-24,22745,143,0,23,120
2026-04-25,22745,120,322,26,416
2026-04-26,22745,416,0,26,390
2026-04-27,22745,390,0,20,370
2026-04-28,22745,370,0,22,348
2026-04-29,22745,348,0,22,326
2026-04-30,22745,326,0,22,304
2026-05-01,22745,304,0,23,281
2026-05-02,22745,281,0,26,255
2026-05-03,22745,255,0,26,229
2026-05-04,22745,229,0,21,208
2026-05-05,22745,208,0,20,188
2026-05-06,22745,188,0,22,166
2026-05-07,22745,166,0,22,144
2026-05-08,22745,144,0,24,120
2026-05-09,22745,120,317,27,410
2026-05-10,22745,410,0,26,384
2026-05-11,22745,384,0,21,363
2026-05-12,22745,363,0,21,342
2026-05-13,22745,342,0,22,320
2026-05-14,22745,320,0,22,298
2026-05-15,22745,298,0,23,275
2026-05-16,22745,275,0,26,249
2026-05-17,22745,249,0,24,225
2026-05-18,22745,225,0,19,206
2026-05-19,22745,206,0,19,187
2026-05-20,22745,187,0,21,166
2026-05-21,22745,166,0,22,144
2026-05-22,22745,144,0,24,120
2026-05-23,22745,120,317,26,411
2026-05-24,22745,411,0,24,387
2026-05-25,22745,387,0,21,366
2026-05-26,22745,366,0,20,346
2026-05-27,22745,346,0,20,326
2026-05-28,22745,326,0,23,303
2026-05-29,22745,303,0,24,279
2026-05-30,22745,279,0,25,254
2026-05-31,22745,254,0,26,228
2026-06-01,22745,228,0,20,208
2026-06-02,22745,208,0,21,187
2026-06-03,22745,187,0,20,167
2026-06-04,22745,167,0,23,144
2026-06-05,22745,144,0,24,120
2026-06-06,22745,120,315,28,407
2026-06-07,22745,407,0,24,383
2026-06-08,22745,383,0,19,364
2026-06-09,22745,364,0,20,344
2026-06-10,22745,344,0,21,323
2026-06-11,22745,323,0,21,302
2026-06-12,22745,302,0,23,279
2026-06-13,22745,279,0,28,251
2026-06-14,22745,251,0,25,226
2026-06-15,22745,226,0,20,206
2026-06-16,22745,206,0,20,186
2026-06-17,22745,186,0,21,165
2026-06-18,22745,165,0,22,143
2026-06-19,22745,143,0,23,120
2026-06-20,22745,120,322,28,414
2026-06-21,22745,414,0,25,389
2026-06-22,22745,389,0,20,369
2026-06-23,22745,369,0,21,348
2026-06-24,22745,348,0,21,327
2026-06-25,22745,327,0,23,304
2026-06-26,22745,304,0,25,279
2026-06-27,22745,279,0,26,253
2026-06-28,22745,253,0,27,226
2026-06-29,22745,226,0,19,207
2026-06-30,22745,207,0,20,187
2026-07-01,22745,187,0,22,165
2026-07-02,22745,165,0,21,144
2026-07-03,22745,144,0,24,120
2026-07-04,22745,120,321,27,414
2026-07-05,22745,414,0,25,389
2026-07-06,22745,389,0,21,368
2026-07-07,22745,368,0,20,348
2026-07-08,22745,348,0,23,325
2026-07-09,22745,325,0,22,303
2026-07-10,22745,303,0,24,279
2026-07-11,22745,279,0,26,253
2026-07-12,22745,253,0,26,227
2026-07-13,22745,227,0,19,208
2026-07-14,22745,208,0,21,187
2026-07-15,22745,187,0,22,165
2026-07-16,22745,165,0,22,143
2026-07-17,22745,143,0,23,120
2026-07-18,22745,120,336,26,430
2026-07-19,22745,430,0,26,404
2026-07-20,22745,404,0,22,382
2026-07-21,22745,382,0,22,360
2026-07-22,22745,360,0,23,337
2026-07-23,22745,337,0,24,313
2026-07-24,22745,313,0,25,288
2026-07-25,22745,288,0,28,260
2026-07-26,22745,260,0,26,234
2026-07-27,22745,234,0,22,212
2026-07-28,22745,212,0,22,190
2026-07-29,22745,190,0,22,168
2026-07-30,22745,168,0,22,146
2026-07-31,22745,146,0,26,120
2026-08-01,22745,120,340,27,433
2026-08-02,22745,433,0,28,405
2026-08-03,22745,405,0,22,383
2026-08-04,22745,383,0,21,362
2026-08-05,22745,362,0,23,339
2026-08-06,22745,339,0,23,316
2026-08-07,22745,316,0,24,292
2026-08-08,22745,292,0,29,263
2026-08-09,22745,263,0,27,236
2026-08-10,22745,236,0,23,213
2026-08-11,22745,213,0,22,191
2026-08-12,22745,191,0,24,167
2026-08-13,22745,167,0,23,144
2026-08-14,22745,144,0,24,120
2026-08-15,22745,120,227,27,320
2026-08-16,22745,320,0,26,294
2026-08-17,22745,294,0,22,272
2026-08-18,22745,272,0,22,250
2026-08-19,22745,250,0,23,227
2026-08-20,22745,227,0,24,203
2026-08-21,22745,203,0,26,177
2026-08-22,22745,177,0,29,148
2026-08-23,22745,148,0,28,120
2026-08-24,22745,120,533,22,631
2026-08-25,22745,631,0,22,609
2026-08-26,22745,609,0,23,586
2026-08-27,22745,586,0,25,561
2026-08-28,22745,561,0,26,535
2026-08-29,22745,535,0,28,507
2026-08-30,22745,507,0,28,479
2026-08-31,22745,479,0,22,457
2026-09-01,22745,457,0,24,433
2026-09-02,22745,433,0,24,409
2026-09-03,22745,409,0,25,384
2026-09-04,22745,384,0,27,357
2026-09-05,22745,357,0,29,328
2026-09-06,22745,328,0,27,301
2026-09-07,22745,301,0,22,279
2026-09-08,22745,279,0,22,257
2026-09-09,22745,257,0,25,232
2026-09-10,22745,232,0,24,208
2026-09-11,22745,208,0,26,182
2026-09-12,22745,182,0,29,153
2026-09-13,22745,153,0,27,126
2024-09-14,22748,701,0,29,672
2024-09-15,22748,672,0,27,645
2024-09-16,22748,645,0,21,624
2024-09-17,22748,624,0,22,602
2024-09-18,22748,602,0,24,578
2024-09-19,22748,578,0,23,555
2024-09-20,22748,555,0,25,530
2024-09-21,22748,530,0,29,501
2024-09-22,22748,501,0,29,472
2024-09-23,22748,472,0,21,451
2024-09-24,22748,451,0,21,430
2024-09-25,22748,430,0,22,408
2024-09-26,22748,408,0,24,384
2024-09-27,22748,384,0,26,358
2024-09-28,22748,358,0,30,328
2024-09-29,22748,328,0,28,300
2024-09-30,22748,300,0,21,279
2024-10-01,22748,279,0,22,257
2024-10-02,22748,257,0,24,233
2024-10-03,22748,233,0,23,210
2024-10-04,22748,210,0,26,184
2024-10-05,22748,184,0,29,155
2024-10-06,22748,155,0,27,128
2024-10-07,22748,128,366,22,472
2024-10-08,22748,472,0,22,450
2024-10-09,22748,450,0,24,426
2024-10-10,22748,426,0,24,402
2024-10-11,22748,402,0,25,377
2024-10-12,22748,377,0,28,349
2024-10-13,22748,349,0,29,320
2024-10-14,22748,320,0,24,296
2024-10-15,22748,296,0,23,273
2024-10-16,22748,273,0,25,248
2024-10-17,22748,248,0,25,223
2024-10-18,22748,223,0,26,197
2024-10-19,22748,197,0,30,167
2024-10-20,22748,167,0,29,138
2024-10-21,22748,138,356,24,470
2024-10-22,22748,470,0,23,447
2024-10-23,22748,447,0,23,424
2024-10-24,22748,424,0,23,401
2024-10-25,22748,401,0,27,374
2024-10-26,22748,374,0,29,345
2024-10-27,22748,345,0,28,317
2024-10-28,22748,317,0,22,295
2024-10-29,22748,295,0,23,272
2024-10-30,22748,272,0,24,248
2024-10-31,22748,248,0,25,223
2024-11-01,22748,223,0,26,197
2024-11-02,22748,197,0,30,167
2024-11-03,22748,167,0,29,138
2024-11-04,22748,138,0,23,115
2024-11-05,22748,115,387,24,478
2024-11-06,22748,478,0,25,453
2024-11-07,22748,453,0,26,427
2024-11-08,22748,427,0,26,401
2024-11-09,22748,401,0,30,371
2024-11-10,22748,371,0,28,343
2024-11-11,22748,343,0,22,321
2024-11-12,22748,321,0,24,297
2024-11-13,22748,297,0,23,274
2024-11-14,22748,274,0,25,249
2024-11-15,22748,249,0,28,221
2024-11-16,22748,221,0,30,191
2024-11-17,22748,191,0,30,161
2024-11-18,22748,161,0,23,138
2024-11-19,22748,138,371,25,484
2024-11-20,22748,484,0,24,460
2024-11-21,22748,460,0,25,435
2024-11-22,22748,435,0,28,407
2024-11-23,22748,407,0,31,376
2024-11-24,22748,376,0,29,347
2024-11-25,22748,347,0,23,324
2024-11-26,22748,324,0,23,301
2024-11-27,22748,301,0,26,275
2024-11-28,22748,275,0,26,249
2024-11-29,22748,249,0,28,221
2024-11-30,22748,221,0,30,191
2024-12-01,22748,191,0,29,162
2024-12-02,22748,162,0,24,138
2024-12-03,22748,138,0,23,115
2024-12-04,22748,115,389,26,478
2024-12-05,22748,478,0,24,454
2024-12-06,22748,454,0,26,428
2024-12-07,22748,428,0,30,398
2024-12-08,22748,398,0,29,369
2024-12-09,22748,369,0,23,346
2024-12-10,22748,346,0,23,323
2024-12-11,22748,323,0,25,298
2024-12-12,22748,298,0,25,273
2024-12-13,22748,273,0,28,245
2024-12-14,22748,245,0,30,215
2024-12-15,22748,215,0,29,186
2024-12-16,22748,186,0,23,163
2024-12-17,22748,163,0,25,138
2024-12-18,22748,138,363,25,476
2024-12-19,22748,476,0,25,451
2024-12-20,22748,451,0,26,425
2024-12-21,22748,425,0,30,395
2024-12-22,22748,395,0,30,365
2024-12-23,22748,365,0,22,343
2024-12-24,22748,343,0,24,319
2024-12-25,22748,319,0,24,295
2024-12-26,22748,295,0,24,271
2024-12-27,22748,271,0,27,244
2024-12-28,22748,244,0,30,214
2024-12-29,22748,214,0,30,184
2024-12-30,22748,184,0,22,162
2024-12-31,22748,162,0,24,138
2025-01-01,22748,138,366,25,479
2025-01-02,22748,479,0,26,453
2025-01-03,22748,453,0,28,425
2025-01-04,22748,425,0,30,395
2025-01-05,22748,395,0,29,366
2025-01-06,22748,366,0,22,344
2025-01-07,22748,344,0,23,321
2025-01-08,22748,321,0,25,296
2025-01-09,22748,296,0,25,271
2025-01-10,22748,271,0,28,243
2025-01-11,22748,243,0,30,213
2025-01-12,22748,213,0,29,184
2025-01-13,22748,184,0,23,161
2025-01-14,22748,161,0,23,138
2025-01-15,22748,138,0,23,115
2025-01-16,22748,115,390,26,479
2025-01-17,22748,479,0,27,452
2025-01-18,22748,452,0,31,421
2025-01-19,22748,421,0,27,394
2025-01-20,22748,394,0,23,371
2025-01-21,22748,371,0,23,348
2025-01-22,22748,348,0,25,323
2025-01-23,22748,323,0,25,298
2025-01-24,22748,298,0,28,270
2025-01-25,22748,270,0,30,240
2025-01-26,22748,240,0,30,210
2025-01-27,22748,210,0,23,187
2025-01-28,22748,187,0,24,163
2025-01-29,22748,163,0,25,138
2025-01-30,22748,138,359,25,472
2025-01-31,22748,472,0,27,445
2025-02-01,22748,445,0,31,414
2025-02-02,22748,414,0,29,385
2025-02-03,22748,385,0,22,363
2025-02-04,22748,363,0,23,340
2025-02-05,22748,340,0,24,316
2025-02-06,22748,316,0,25,291
2025-02-07,22748,291,0,26,265
2025-02-08,22748,265,0,31,234
2025-02-09,22748,234,0,29,205
2025-02-10,22748,205,0,21,184
2025-02-11,22748,184,0,22,162
2025-02-12,22748,162,0,24,138
2025-02-13,22748,138,353,25,466
2025-02-14,22748,466,0,27,439
2025-02-15,22748,439,0,28,411
2025-02-16,22748,411,0,29,382
2025-02-17,22748,382,0,22,360
2025-02-18,22748,360,0,24,336
2025-02-19,22748,336,0,23,313
2025-02-20,22748,313,0,24,289
2025-02-21,22748,289,0,25,264
2025-02-22,22748,264,0,29,235
2025-02-23,22748,235,0,28,207
2025-02-24,22748,207,0,21,186
2025-02-25,22748,186,0,24,162
2025-02-26,22748,162,0,24,138
2025-02-27,22748,138,0,23,115
2025-02-28,22748,115,370,27,458
2025-03-01,22748,458,0,30,428
2025-03-02,22748,428,0,28,400
2025-03-03,22748,400,0,21,379
2025-03-04,22748,379,0,21,358
2025-03-05,22748,358,0,23,335
2025-03-06,22748,335,0,24,311
2025-03-07,22748,311,0,26,285
2025-03-08,22748,285,0,29,256
2025-03-09,22748,256,0,27,229
2025-03-10,22748,229,0,21,208
2025-03-11,22748,208,0,21,187
2025-03-12,22748,187,0,24,163
2025-03-13,22748,163,0,25,138
2025-03-14,22748,138,338,24,452
2025-03-15,22748,452,0,28,424
2025-03-16,22748,424,0,27,397
2025-03-17,22748,397,0,21,376
2025-03-18,22748,376,0,23,353
2025-03-19,22748,353,0,24,329
2025-03-20,22748,329,0,23,306
2025-03-21,22748,306,0,25,281
2025-03-22,22748,281,0,28,253
2025-03-23,22748,253,0,27,226
2025-03-24,22748,226,0,22,204
2025-03-25,22748,204,0,21,183
2025-03-26,22748,183,0,22,161
2025-03-27,22748,161,0,23,138
2025-03-28,22748,138,338,24,452
2025-03-29,22748,452,0,29,423
2025-03-30,22748,423,0,27,396
2025-03-31,22748,396,0,21,375
2025-04-01,22748,375,0,22,353
2025-04-02,22748,353,0,23,330
2025-04-03,22748,330,0,24,306
2025-04-04,22748,306,0,26,280
2025-04-05,22748,280,0,29,251
2025-04-06,22748,251,0,26,225
2025-04-07,22748,225,0,21,204
2025-04-08,22748,204,0,21,183
2025-04-09,22748,183,0,23,160
2025-04-10,22748,160,0,22,138
2025-04-11,22748,138,0,23,115
2025-04-12,22748,115,350,28,437
2025-04-13,22748,437,0,27,410
2025-04-14,22748,410,0,21,389
2025-04-15,22748,389,0,22,367
2025-04-16,22748,367,0,21,346
2025-04-17,22748,346,0,22,324
2025-04-18,22748,324,0,24,300
2025-04-19,22748,300,0,28,272
2025-04-20,22748,272,0,25,247
2025-04-21,22748,247,0,20,227
2025-04-22,22748,227,0,20,207
2025-04-23,22748,207,0,21,186
2025-04-24,22748,186,0,23,163
2025-04-25,22748,163,0,25,138
2025-04-26,22748,138,329,28,439
2025-04-27,22748,439,0,27,412
2025-04-28,22748,412,0,20,392
2025-04-29,22748,392,0,22,370
2025-04-30,22748,370,0,23,347
2025-05-01,22748,347,0,23,324
2025-05-02,22748,324,0,23,301
2025-05-03,22748,301,0,27,274
2025-05-04,22748,274,0,27,247
2025-05-05,22748,247,0,20,227
2025-05-06,22748,227,0,21,206
2025-05-07,22748,206,0,22,184
2025-05-08,22748,184,0,22,162
2025-05-09,22748,162,0,24,138
2025-05-10,22748,138,326,27,437
2025-05-11,22748,437,0,26,411
2025-05-12,22748,411,0,22,389
2025-05-13,22748,389,0,20,369
2025-05-14,22748,369,0,21,348
2025-05-15,22748,348,0,21,327
2025-05-16,22748,327,0,24,303
2025-05-17,22748,303,0,27,276
2025-05-18,22748,276,0,27,249
2025-05-19,22748,249,0,21,228
2025-05-20,22748,228,0,22,206
2025-05-21,22748,206,0,21,185
2025-05-22,22748,185,0,23,162
2025-05-23,22748,162,0,24,138
2025-05-24,22748,138,320,27,431
2025-05-25,22748,431,0,26,405
2025-05-26,22748,405,0,21,384
2025-05-27,22748,384,0,22,362
2025-05-28,22748,362,0,21,341
2025-05-29,22748,341,0,21,320
2025-05-30,22748,320,0,25,295
2025-05-31,22748,295,0,27,268
2025-06-01,22748,268,0,25,243
2025-06-02,22748,243,0,21,222
2025-06-03,22748,222,0,20,202
2025-06-04,22748,202,0,21,181
2025-06-05,22748,181,0,21,160
2025-06-06,22748,160,0,22,138
2025-06-07,22748,138,320,27,431
2025-06-08,22748,431,0,24,407
2025-06-09,22748,407,0,20,387
2025-06-10,22748,387,0,21,366
2025-06-11,22748,366,0,22,344
2025-06-12,22748,344,0,21,323
2025-06-13,22748,323,0,24,299
2025-06-14,22748,299,0,27,272
2025-06-15,22748,272,0,25,247
2025-06-16,22748,247,0,21,226
2025-06-17,22748,226,0,21,205
2025-06-18,22748,205,0,20,185
2025-06-19,22748,185,0,23,162
2025-06-20,22748,162,0,24,138
2025-06-21,22748,138,318,26,430
2025-06-22,22748,430,0,27,403
2025-06-23,22748,403,0,20,383
2025-06-24,22748,383,0,20,363
2025-06-25,22748,363,0,21,342
2025-06-26,22748,342,0,23,319
2025-06-27,22748,319,0,23,296
2025-06-28,22748,296,0,27,269
2025-06-29,22748,269,0,24,245
2025-06-30,22748,245,0,19,226
2025-07-01,22748,226,0,21,205
2025-07-02,22748,205,0,21,184
2025-07-03,22748,184,0,23,161
2025-07-04,22748,161,0,23,138
2025-07-05,22748,138,319,26,431
2025-07-06,22748,431,0,27,404
2025-07-07,22748,404,0,20,384
2025-07-08,22748,384,0,20,364
2025-07-09,22748,364,0,23,341
2025-07-10,22748,341,0,21,320
2025-07-11,22748,320,0,23,297
2025-07-12,22748,297,0,26,271
2025-07-13,22748,271,0,25,246
2025-07-14,22748,246,0,21,225
2025-07-15,22748,225,0,20,205
2025-07-16,22748,205,0,23,182
2025-07-17,22748,182,0,21,161
2025-07-18,22748,161,0,23,138
2025-07-19,22748,138,328,27,439
2025-07-20,22748,439,0,25,414
2025-07-21,22748,414,0,20,394
2025-07-22,22748,394,0,22,372
2025-07-23,22748,372,0,23,349
2025-07-24,22748,349,0,22,327
2025-07-25,22748,327,0,23,304
2025-07-26,22748,304,0,28,276
2025-07-27,22748,276,0,26,250
2025-07-28,22748,250,0,21,229
2025-07-29,22748,229,0,22,207
2025-07-30,22748,207,0,23,184
2025-07-31,22748,184,0,23,161
2025-08-01,22748,161,0,23,138
2025-08-02,22748,138,336,28,446
2025-08-03,22748,446,0,26,420
2025-08-04,22748,420,0,20,400
2025-08-05,22748,400,0,22,378
2025-08-06,22748,378,0,23,355
2025-08-07,22748,355,0,24,331
2025-08-08,22748,331,0,24,307
2025-08-09,22748,307,0,27,280
2025-08-10,22748,280,0,25,255
2025-08-11,22748,255,0,22,233
2025-08-12,22748,233,0,22,211
2025-08-13,22748,211,0,23,188
2025-08-14,22748,188,0,24,164
2025-08-15,22748,164,0,26,138
2025-08-16,22748,138,335,28,445
2025-08-17,22748,445,0,26,419
2025-08-18,22748,419,0,22,397
2025-08-19,22748,397,0,22,375
2025-08-20,22748,375,0,22,353
2025-08-21,22748,353,0,22,331
2025-08-22,22748,331,0,24,307
2025-08-23,22748,307,0,29,278
2025-08-24,22748,278,0,27,251
2025-08-25,22748,251,0,20,231
2025-08-26,22748,231,0,23,208
2025-08-27,22748,208,0,22,186
2025-08-28,22748,186,0,24,162
2025-08-29,22748,162,0,24,138
2025-08-30,22748,138,344,28,454
2025-08-31,22748,454,0,27,427
2025-09-01,22748,427,0,23,404
2025-09-02,22748,404,0,23,381
2025-09-03,22748,381,0,23,358
2025-09-04,22748,358,0,24,334
2025-09-05,22748,334,0,26,308
2025-09-06,22748,308,0,28,280
2025-09-07,22748,280,0,26,254
2025-09-08,22748,254,0,22,232
2025-09-09,22748,232,0,23,209
2025-09-10,22748,209,0,22,187
2025-09-11,22748,187,0,23,164
2025-09-12,22748,164,0,26,138
2025-09-13,22748,138,342,29,451
2025-09-14,22748,451,0,28,423
2025-09-15,22748,423,0,21,402
2025-09-16,22748,402,0,21,381
2025-09-17,22748,381,0,22,359
2025-09-18,22748,359,0,24,335
2025-09-19,22748,335,0,25,310
2025-09-20,22748,310,0,30,280
2025-09-21,22748,280,0,26,254
2025-09-22,22748,254,0,21,233
2025-09-23,22748,233,0,23,210
2025-09-24,22748,210,0,23,187
2025-09-25,22748,187,0,24,163
2025-09-26,22748,163,0,25,138
2025-09-27,22748,138,349,30,457
2025-09-28,22748,457,0,27,430
2025-09-29,22748,430,0,22,408
2025-09-30,22748,408,0,24,384
2025-10-01,22748,384,0,23,361
2025-10-02,22748,361,0,23,338
2025-10-03,22748,338,0,26,312
2025-10-04,22748,312,0,29,283
2025-10-05,22748,283,0,28,255
2025-10-06,22748,255,0,22,233
2025-10-07,22748,233,0,22,211
2025-10-08,22748,211,0,24,187
2025-10-09,22748,187,0,24,163
2025-10-10,22748,163,0,25,138
2025-10-11,22748,138,355,29,464
2025-10-12,22748,464,0,28,436
2025-10-13,22748,436,0,22,414
2025-10-14,22748,414,0,23,391
2025-10-15,22748,391,0,23,368
2025-10-16,22748,368,0,23,345
2025-10-17,22748,345,0,26,319
2025-10-18,22748,319,0,30,289
2025-10-19,22748,289,0,29,260
2025-10-20,22748,260,0,22,238
2025-10-21,22748,238,0,24,214
2025-10-22,22748,214,0,25,189
2025-10-23,22748,189,0,24,165
2025-10-24,22748,165,0,27,138
2025-10-25,22748,138,361,29,470
2025-10-26,22748,470,0,28,442
2025-10-27,22748,442,0,22,420
2025-10-28,22748,420,0,22,398
2025-10-29,22748,398,0,24,374
2025-10-30,22748,374,0,26,348
2025-10-31,22748,348,0,27,321
2025-11-01,22748,321,0,30,291
2025-11-02,22748,291,0,30,261
2025-11-03,22748,261,0,23,238
2025-11-04,22748,238,0,24,214
2025-11-05,22748,214,0,25,189
2025-11-06,22748,189,0,25,164
2025-11-07,22748,164,0,26,138
2025-11-08,22748,138,368,29,477
2025-11-09,22748,477,0,29,448
2025-11-10,22748,448,0,24,424
2025-11-11,22748,424,0,24,400
2025-11-12,22748,400,0,26,374
2025-11-13,22748,374,0,24,350
2025-11-14,22748,350,0,27,323
2025-11-15,22748,323,0,30,293
2025-11-16,22748,293,0,30,263
2025-11-17,22748,263,0,23,240
2025-11-18,22748,240,0,23,217
2025-11-19,22748,217,0,25,192
2025-11-20,22748,192,0,26,166
2025-11-21,22748,166,0,28,138
2025-11-22,22748,138,360,29,469
2025-11-23,22748,469,0,28,441
2025-11-24,22748,441,0,22,419
2025-11-25,22748,419,0,24,395
2025-11-26,22748,395,0,24,371
2025-11-27,22748,371,0,25,346
2025-11-28,22748,346,0,27,319
2025-11-29,22748,319,0,30,289
2025-11-30,22748,289,0,29,260
2025-12-01,22748,260,0,23,237
2025-12-02,22748,237,0,24,213
2025-12-03,22748,213,0,24,189
2025-12-04,22748,189,0,24,165
2025-12-05,22748,165,0,27,138
2025-12-06,22748,138,372,30,480
2025-12-07,22748,480,0,29,451
2025-12-08,22748,451,0,24,427
2025-12-09,22748,427,0,24,403
2025-12-10,22748,403,0,24,379
2025-12-11,22748,379,0,27,352
2025-12-12,22748,352,0,28,324
2025-12-13,22748,324,0,31,293
2025-12-14,22748,293,0,30,263
2025-12-15,22748,263,0,24,239
2025-12-16,22748,239,0,23,216
2025-12-17,22748,216,0,25,191
2025-12-18,22748,191,0,26,165
2025-12-19,22748,165,0,27,138
2025-12-20,22748,138,366,31,473
2025-12-21,22748,473,0,30,443
2025-12-22,22748,443,0,23,420
2025-12-23,22748,420,0,23,397
2025-12-24,22748,397,0,24,373
2025-12-25,22748,373,0,25,348
2025-12-26,22748,348,0,27,321
2025-12-27,22748,321,0,30,291
2025-12-28,22748,291,0,29,262
2025-12-29,22748,262,0,23,239
2025-12-30,22748,239,0,23,216
2025-12-31,22748,216,0,24,192
2026-01-01,22748,192,0,26,166
2026-01-02,22748,166,0,28,138
2026-01-03,22748,138,362,30,470
2026-01-04,22748,470,0,28,442
2026-01-05,22748,442,0,24,418
2026-01-06,22748,418,0,23,395
2026-01-07,22748,395,0,25,370
2026-01-08,22748,370,0,25,345
2026-01-09,22748,345,0,26,319
2026-01-10,22748,319,0,31,288
2026-01-11,22748,288,0,28,260
2026-01-12,22748,260,0,22,238
2026-01-13,22748,238,0,25,213
2026-01-14,22748,213,0,24,189
2026-01-15,22748,189,0,25,164
2026-01-16,22748,164,0,26,138
2026-01-17,22748,138,356,29,465
2026-01-18,22748,465,0,28,437
2026-01-19,22748,437,0,22,415
2026-01-20,22748,415,0,24,391
2026-01-21,22748,391,0,24,367
2026-01-22,22748,367,0,25,342
2026-01-23,22748,342,0,26,316
2026-01-24,22748,316,0,30,286
2026-01-25,22748,286,0,28,258
2026-01-26,22748,258,0,22,236
2026-01-27,22748,236,0,24,212
2026-01-28,22748,212,0,24,188
2026-01-29,22748,188,0,24,164
2026-01-30,22748,164,0,26,138
2026-01-31,22748,138,359,29,468
2026-02-01,22748,468,0,29,439
2026-02-02,22748,439,0,22,417
2026-02-03,22748,417,0,23,394
2026-02-04,22748,394,0,25,369
2026-02-05,22748,369,0,25,344
2026-02-06,22748,344,0,27,317
2026-02-07,22748,317,0,29,288
2026-02-08,22748,288,0,29,259
2026-02-09,22748,259,0,22,237
2026-02-10,22748,237,0,24,213
2026-02-11,22748,213,0,24,189
2026-02-12,22748,189,0,24,165
2026-02-13,22748,165,0,27,138
2026-02-14,22748,138,351,30,459
2026-02-15,22748,459,0,27,432
2026-02-16,22748,432,0,21,411
2026-02-17,22748,411,0,22,389
2026-02-18,22748,389,0,23,366
2026-02-19,22748,366,0,25,341
2026-02-20,22748,341,0,25,316
2026-02-21,22748,316,0,29,287
2026-02-22,22748,287,0,27,260
2026-02-23,22748,260,0,23,237
2026-02-24,22748,237,0,24,213
2026-02-25,22748,213,0,23,190
2026-02-26,22748,190,0,25,165
2026-02-27,22748,165,0,27,138
2026-02-28,22748,138,346,30,454
2026-03-01,22748,454,0,28,426
2026-03-02,22748,426,0,23,403
2026-03-03,22748,403,0,23,380
2026-03-04,22748,380,0,24,356
2026-03-05,22748,356,0,25,331
2026-03-06,22748,331,0,25,306
2026-03-07,22748,306,0,28,278
2026-03-08,22748,278,0,28,250
2026-03-09,22748,250,0,21,229
2026-03-10,22748,229,0,21,208
2026-03-11,22748,208,0,22,186
2026-03-12,22748,186,0,23,163
2026-03-13,22748,163,0,25,138
2026-03-14,22748,138,342,29,451
2026-03-15,22748,451,0,28,423
2026-03-16,22748,423,0,21,402
2026-03-17,22748,402,0,23,379
2026-03-18,22748,379,0,24,355
2026-03-19,22748,355,0,22,333
2026-03-20,22748,333,0,25,308
2026-03-21,22748,308,0,28,280
2026-03-22,22748,280,0,27,253
2026-03-23,22748,253,0,22,231
2026-03-24,22748,231,0,21,210
2026-03-25,22748,210,0,24,186
2026-03-26,22748,186,0,23,163
2026-03-27,22748,163,0,25,138
2026-03-28,22748,138,341,27,452
2026-03-29,22748,452,0,27,425
2026-03-30,22748,425,0,21,404
2026-03-31,22748,404,0,23,381
2026-04-01,22748,381,0,24,357
2026-04-02,22748,357,0,24,333
2026-04-03,22748,333,0,25,308
2026-04-04,22748,308,0,28,280
2026-04-05,22748,280,0,27,253
2026-04-06,22748,253,0,21,232
2026-04-07,22748,232,0,23,209
2026-04-08,22748,209,0,22,187
2026-04-09,22748,187,0,23,164
2026-04-10,22748,164,0,26,138
2026-04-11,22748,138,331,28,441
2026-04-12,22748,441,0,27,414
2026-04-13,22748,414,0,21,393
2026-04-14,22748,393,0,22,371
2026-04-15,22748,371,0,21,350
2026-04-16,22748,350,0,23,327
2026-04-17,22748,327,0,26,301
2026-04-18,22748,301,0,26,275
2026-04-19,22748,275,0,27,248
2026-04-20,22748,248,0,20,228
2026-04-21,22748,228,0,23,205
2026-04-22,22748,205,0,21,184
2026-04-23,22748,184,0,23,161
2026-04-24,22748,161,0,23,138
2026-04-25,22748,138,321,26,433
2026-04-26,22748,433,0,25,408
2026-04-27,22748,408,0,20,388
2026-04-28,22748,388,0,20,368
2026-04-29,22748,368,0,21,347
2026-04-30,22748,347,0,22,325
2026-05-01,22748,325,0,24,301
2026-05-02,22748,301,0,28,273
2026-05-03,22748,273,0,27,246
2026-05-04,22748,246,0,20,226
2026-05-05,22748,226,0,21,205
2026-05-06,22748,205,0,22,183
2026-05-07,22748,183,0,22,161
2026-05-08,22748,161,0,23,138
2026-05-09,22748,138,320,27,431
2026-05-10,22748,431,0,25,406
2026-05-11,22748,406,0,21,385
2026-05-12,22748,385,0,21,364
2026-05-13,22748,364,0,21,343
2026-05-14,22748,343,0,22,321
2026-05-15,22748,321,0,24,297
2026-05-16,22748,297,0,26,271
2026-05-17,22748,271,0,25,246
2026-05-18,22748,246,0,19,227
2026-05-19,22748,227,0,21,206
2026-05-20,22748,206,0,21,185
2026-05-21,22748,185,0,23,162
2026-05-22,22748,162,0,24,138
2026-05-23,22748,138,317,27,428
2026-05-24,22748,428,0,26,402
2026-05-25,22748,402,0,20,382
2026-05-26,22748,382,0,21,361
2026-05-27,22748,361,0,21,340
2026-05-28,22748,340,0,23,317
2026-05-29,22748,317,0,23,294
2026-05-30,22748,294,0,27,267
2026-05-31,22748,267,0,24,243
2026-06-01,22748,243,0,19,224
2026-06-02,22748,224,0,20,204
2026-06-03,22748,204,0,21,183
2026-06-04,22748,183,0,21,162
2026-06-05,22748,162,0,24,138
2026-06-06,22748,138,322,27,433
2026-06-07,22748,433,0,24,409
2026-06-08,22748,409,0,20,389
2026-06-09,22748,389,0,22,367
2026-06-10,22748,367,0,22,345
2026-06-11,22748,345,0,22,323
2026-06-12,22748,323,0,24,299
2026-06-13,22748,299,0,27,272
2026-06-14,22748,272,0,25,247
2026-06-15,22748,247,0,21,226
2026-06-16,22748,226,0,21,205
2026-06-17,22748,205,0,21,184
2026-06-18,22748,184,0,23,161
2026-06-19,22748,161,0,23,138
2026-06-20,22748,138,315,26,427
2026-06-21,22748,427,0,25,402
2026-06-22,22748,402,0,21,381
2026-06-23,22748,381,0,21,360
2026-06-24,22748,360,0,22,338
2026-06-25,22748,338,0,21,317
2026-06-26,22748,317,0,23,294
2026-06-27,22748,294,0,26,268
2026-06-28,22748,268,0,25,243
2026-06-29,22748,243,0,19,224
2026-06-30,22748,224,0,20,204
2026-07-01,22748,204,0,20,184
2026-07-02,22748,184,0,22,162
2026-07-03,22748,162,0,24,138
2026-07-04,22748,138,320,26,432
2026-07-05,22748,432,0,25,407
2026-07-06,22748,407,0,20,387
2026-07-07,22748,387,0,20,367
2026-07-08,22748,367,0,21,346
2026-07-09,22748,346,0,23,323
2026-07-10,22748,323,0,24,299
2026-07-11,22748,299,0,28,271
2026-07-12,22748,271,0,25,246
2026-07-13,22748,246,0,20,226
2026-07-14,22748,226,0,20,206
2026-07-15,22748,206,0,21,185
2026-07-16,22748,185,0,23,162
2026-07-17,22748,162,0,24,138
2026-07-18,22748,138,326,26,438
2026-07-19,22748,438,0,27,411
2026-07-20,22748,411,0,20,391
2026-07-21,22748,391,0,20,371
2026-07-22,22748,371,0,22,349
2026-07-23,22748,349,0,23,326
2026-07-24,22748,326,0,23,303
2026-07-25,22748,303,0,28,275
2026-07-26,22748,275,0,27,248
2026-07-27,22748,248,0,21,227
2026-07-28,22748,227,0,20,207
2026-07-29,22748,207,0,22,185
2026-07-30,22748,185,0,22,163
2026-07-31,22748,163,0,25,138
2026-08-01,22748,138,333,27,444
2026-08-02,22748,444,0,27,417
2026-08-03,22748,417,0,21,396
2026-08-04,22748,396,0,23,373
2026-08-05,22748,373,0,21,352
2026-08-06,22748,352,0,21,331
2026-08-07,22748,331,0,24,307
2026-08-08,22748,307,0,28,279
2026-08-09,22748,279,0,27,252
2026-08-10,22748,252,0,22,230
2026-08-11,22748,230,0,21,209
2026-08-12,22748,209,0,22,187
2026-08-13,22748,187,0,24,163
2026-08-14,22748,163,0,25,138
2026-08-15,22748,138,220,26,332
2026-08-16,22748,332,0,27,305
2026-08-17,22748,305,0,20,285
2026-08-18,22748,285,0,23,262
2026-08-19,22748,262,0,21,241
2026-08-20,22748,241,0,22,219
2026-08-21,22748,219,0,25,194
2026-08-22,22748,194,0,29,165
2026-08-23,22748,165,0,27,138
2026-08-24,22748,138,758,21,875
2026-08-25,22748,875,0,22,853
2026-08-26,22748,853,0,21,832
2026-08-27,22748,832,0,23,809
2026-08-28,22748,809,0,25,784
2026-08-29,22748,784,0,29,755
2026-08-30,22748,755,0,27,728
2026-08-31,22748,728,0,21,707
2026-09-01,22748,707,0,22,685
2026-09-02,22748,685,0,24,661
2026-09-03,22748,661,0,22,639
2026-09-04,22748,639,0,24,615
2026-09-05,22748,615,0,27,588
2026-09-06,22748,588,0,27,561
2026-09-07,22748,561,0,23,538
2026-09-08,22748,538,0,23,515
2026-09-09,22748,515,0,23,492
2026-09-10,22748,492,0,23,469
2026-09-11,22748,469,0,25,444
2026-09-12,22748,444,0,28,416
2026-09-13,22748,416,0,28,388
2024-09-14,22749,271,0,11,260
2024-09-15,22749,260,0,11,249
2024-09-16,22749,249,0,8,241
2024-09-17,22749,241,0,9,232
2024-09-18,22749,232,0,8,224
2024-09-19,22749,224,0,9,215
2024-09-20,22749,215,0,11,204
2024-09-21,22749,204,0,11,193
2024-09-22,22749,193,0,11,182
2024-09-23,22749,182,0,10,172
2024-09-24,22749,172,0,8,164
2024-09-25,22749,164,0,9,155
2024-09-26,22749,155,0,11,144
2024-09-27,22749,144,0,9,135
2024-09-28,22749,135,0,13,122
2024-09-29,22749,122,0,11,111
2024-09-30,22749,111,0,9,102
2024-10-01,22749,102,0,10,92
2024-10-02,22749,92,0,9,83
2024-10-03,22749,83,0,9,74
2024-10-04,22749,74,0,10,64
2024-10-05,22749,64,0,11,53
2024-10-06,22749,53,0,12,41
2024-10-07,22749,41,154,8,187
2024-10-08,22749,187,0,10,177
2024-10-09,22749,177,0,8,169
2024-10-10,22749,169,0,9,160
2024-10-11,22749,160,0,12,148
2024-10-12,22749,148,0,12,136
2024-10-13,22749,136,0,12,124
2024-10-14,22749,124,0,10,114
2024-10-15,22749,114,0,8,106
2024-10-16,22749,106,0,11,95
2024-10-17,22749,95,0,10,85
2024-10-18,22749,85,0,12,73
2024-10-19,22749,73,0,13,60
2024-10-20,22749,60,0,12,48
2024-10-21,22749,48,144,9,183
2024-10-22,22749,183,0,9,174
2024-10-23,22749,174,0,9,165
2024-10-24,22749,165,0,10,155
2024-10-25,22749,155,0,12,143
2024-10-26,22749,143,0,13,130
2024-10-27,22749,130,0,11,119
2024-10-28,22749,119,0,10,109
2024-10-29,22749,109,0,9,100
2024-10-30,22749,100,0,9,91
2024-10-31,22749,91,0,9,82
2024-11-01,22749,82,0,10,72
2024-11-02,22749,72,0,12,60
2024-11-03,22749,60,0,12,48
2024-11-04,22749,48,148,11,185
2024-11-05,22749,185,0,9,176
2024-11-06,22749,176,0,10,166
2024-11-07,22749,166,0,10,156
2024-11-08,22749,156,0,10,146
2024-11-09,22749,146,0,13,133
2024-11-10,22749,133,0,10,123
2024-11-11,22749,123,0,10,113
2024-11-12,22749,113,0,9,104
2024-11-13,22749,104,0,10,94
2024-11-14,22749,94,0,11,83
2024-11-15,22749,83,0,11,72
2024-11-16,22749,72,0,13,59
2024-11-17,22749,59,0,11,48
2024-11-18,22749,48,152,10,190
2024-11-19,22749,190,0,9,181
2024-11-20,22749,181,0,9,172
2024-11-21,22749,172,0,10,162
2024-11-22,22749,162,0,11,151
2024-11-23,22749,151,0,14,137
2024-11-24,22749,137,0,12,125
2024-11-25,22749,125,0,10,115
2024-11-26,22749,115,0,10,105
2024-11-27,22749,105,0,11,94
2024-11-28,22749,94,0,11,83
2024-11-29,22749,83,0,10,73
2024-11-30,22749,73,0,12,61
2024-12-01,22749,61,0,13,48
2024-12-02,22749,48,142,9,181
2024-12-03,22749,181,0,10,171
2024-12-04,22749,171,0,10,161
2024-12-05,22749,161,0,9,152
2024-12-06,22749,152,0,10,142
2024-12-07,22749,142,0,12,130
2024-12-08,22749,130,0,11,119
2024-12-09,22749,119,0,9,110
2024-12-10,22749,110,0,9,101
2024-12-11,22749,101,0,10,91
2024-12-12,22749,91,0,11,80
2024-12-13,22749,80,0,10,70
2024-12-14,22749,70,0,11,59
2024-12-15,22749,59,0,11,48
2024-12-16,22749,48,140,9,179
2024-12-17,22749,179,0,9,170
2024-12-18,22749,170,0,8,162
2024-12-19,22749,162,0,10,152
2024-12-20,22749,152,0,12,140
2024-12-21,22749,140,0,12,128
2024-12-22,22749,128,0,11,117
2024-12-23,22749,117,0,9,108
2024-12-24,22749,108,0,9,99
2024-12-25,22749,99,0,8,91
2024-12-26,22749,91,0,10,81
2024-12-27,22749,81,0,10,71
2024-12-28,22749,71,0,12,59
2024-12-29,22749,59,0,11,48
2024-12-30,22749,48,143,9,182
2024-12-31,22749,182,0,9,173
2025-01-01,22749,173,0,10,163
2025-01-02,22749,163,0,11,152
2025-01-03,22749,152,0,10,142
2025-01-04,22749,142,0,12,130
2025-01-05,22749,130,0,13,117
2025-01-06,22749,117,0,9,108
2025-01-07,22749,108,0,9,99
2025-01-08,22749,99,0,9,90
2025-01-09,22749,90,0,10,80
2025-01-10,22749,80,0,9,71
2025-01-11,22749,71,0,12,59
2025-01-12,22749,59,0,11,48
2025-01-13,22749,48,0,8,40
2025-01-14,22749,40,153,10,183
2025-01-15,22749,183,0,10,173
2025-01-16,22749,173,0,10,163
2025-01-17,22749,163,0,10,153
2025-01-18,22749,153,0,12,141
2025-01-19,22749,141,0,11,130
2025-01-20,22749,130,0,10,120
2025-01-21,22749,120,0,10,110
2025-01-22,22749,110,0,9,101
2025-01-23,22749,101,0,9,92
2025-01-24,22749,92,0,11,81
2025-01-25,22749,81,0,12,69
2025-01-26,22749,69,0,12,57
2025-01-27,22749,57,0,9,48
2025-01-28,22749,48,143,9,182
2025-01-29,22749,182,0,9,173
2025-01-30,22749,173,0,10,163
2025-01-31,22749,163,0,11,152
2025-02-01,22749,152,0,12,140
2025-02-02,22749,140,0,12,128
2025-02-03,22749,128,0,8,120
2025-02-04,22749,120,0,10,110
2025-02-05,22749,110,0,11,99
2025-02-06,22749,99,0,10,89
2025-02-07,22749,89,0,10,79
2025-02-08,22749,79,0,12,67
2025-02-09,22749,67,0,11,56
2025-02-10,22749,56,0,8,48
2025-02-11,22749,48,137,9,176
2025-02-12,22749,176,0,10,166
2025-02-13,22749,166,0,9,157
2025-02-14,22749,157,0,11,146
2025-02-15,22749,146,0,12,134
2025-02-16,22749,134,0,10,124
2025-02-17,22749,124,0,9,115
2025-02-18,22749,115,0,9,106
2025-02-19,22749,106,0,10,96
2025-02-20,22749,96,0,9,87
2025-02-21,22749,87,0,10,77
2025-02-22,22749,77,0,10,67
2025-02-23,22749,67,0,10,57
2025-02-24,22749,57,0,9,48
2025-02-25,22749,48,135,10,173
2025-02-26,22749,173,0,9,164
2025-02-27,22749,164,0,8,156
2025-02-28,22749,156,0,10,146
2025-03-01,22749,146,0,11,135
2025-03-02,22749,135,0,11,124
2025-03-03,22749,124,0,9,115
2025-03-04,22749,115,0,8,107
2025-03-05,22749,107,0,10,97
2025-03-06,22749,97,0,9,88
2025-03-07,22749,88,0,11,77
2025-03-08,22749,77,0,11,66
2025-03-09,22749,66,0,11,55
2025-03-10,22749,55,0,7,48
2025-03-11,22749,48,132,9,171
2025-03-12,22749,171,0,9,162
2025-03-13,22749,162,0,9,153
2025-03-14,22749,153,0,11,142
2025-03-15,22749,142,0,11,131
2025-03-16,22749,131,0,10,121
2025-03-17,22749,121,0,9,112
2025-03-18,22749,112,0,8,104
2025-03-19,22749,104,0,8,96
2025-03-20,22749,96,0,9,87
2025-03-21,22749,87,0,10,77
2025-03-22,22749,77,0,10,67
2025-03-23,22749,67,0,10,57
2025-03-24,22749,57,0,9,48
2025-03-25,22749,48,0,8,40
2025-03-26,22749,40,130,8,162
2025-03-27,22749,162,0,8,154
2025-03-28,22749,154,0,9,145
2025-03-29,22749,145,0,11,134
2025-03-30,22749,134,0,9,125
2025-03-31,22749,125,0,7,118
2025-04-01,22749,118,0,8,110
2025-04-02,22749,110,0,9,101
2025-04-03,22749,101,0,8,93
2025-04-04,22749,93,0,9,84
2025-04-05,22749,84,0,10,74
2025-04-06,22749,74,0,10,64
2025-04-07,22749,64,0,8,56
2025-04-08,22749,56,0,8,48
2025-04-09,22749,48,0,7,41
2025-04-10,22749,41,127,8,160
2025-04-11,22749,160,0,9,151
2025-04-12,22749,151,0,10,141
2025-04-13,22749,141,0,11,130
2025-04-14,22749,130,0,8,122
2025-04-15,22749,122,0,9,113
2025-04-16,22749,113,0,8,105
2025-04-17,22749,105,0,8,97
2025-04-18,22749,97,0,9,88
2025-04-19,22749,88,0,9,79
2025-04-20,22749,79,0,9,70
2025-04-21,22749,70,0,7,63
2025-04-22,22749,63,0,8,55
2025-04-23,22749,55,0,7,48
2025-04-24,22749,48,0,7,41
2025-04-25,22749,41,126,10,157
2025-04-26,22749,157,0,9,148
2025-04-27,22749,148,0,9,139
2025-04-28,22749,139,0,6,133
2025-04-29,22749,133,0,8,125
2025-04-30,22749,125,0,8,117
2025-05-01,22749,117,0,8,109
2025-05-02,22749,109,0,8,101
2025-05-03,22749,101,0,11,90
2025-05-04,22749,90,0,9,81
2025-05-05,22749,81,0,8,73
2025-05-06,22749,73,0,8,65
2025-05-07,22749,65,0,9,56
2025-05-08,22749,56,0,8,48
2025-05-09,22749,48,118,10,156
2025-05-10,22749,156,0,11,145
2025-05-11,22749,145,0,9,136
2025-05-12,22749,136,0,7,129
2025-05-13,22749,129,0,7,122
2025-05-14,22749,122,0,8,114
2025-05-15,22749,114,0,8,106
2025-05-16,22749,106,0,9,97
2025-05-17,22749,97,0,10,87
2025-05-18,22749,87,0,9,78
2025-05-19,22749,78,0,7,71
2025-05-20,22749,71,0,7,64
2025-05-21,22749,64,0,9,55
2025-05-22,22749,55,0,7,48
2025-05-23,22749,48,0,8,40
2025-05-24,22749,40,125,10,155
2025-05-25,22749,155,0,10,145
2025-05-26,22749,145,0,6,139
2025-05-27,22749,139,0,8,131
2025-05-28,22749,131,0,8,123
2025-05-29,22749,123,0,8,115
2025-05-30,22749,115,0,10,105
2025-05-31,22749,105,0,9,96
2025-06-01,22749,96,0,10,86
2025-06-02,22749,86,0,7,79
2025-06-03,22749,79,0,7,72
2025-06-04,22749,72,0,8,64
2025-06-05,22749,64,0,8,56
2025-06-06,22749,56,0,8,48
2025-06-07,22749,48,109,9,148
2025-06-08,22749,148,0,9,139
2025-06-09,22749,139,0,7,132
2025-06-10,22749,132,0,6,126
2025-06-11,22749,126,0,7,119
2025-06-12,22749,119,0,7,112
2025-06-13,22749,112,0,8,104
2025-06-14,22749,104,0,8,96
2025-06-15,22749,96,0,10,86
2025-06-16,22749,86,0,7,79
2025-06-17,22749,79,0,6,73
2025-06-18,22749,73,0,8,65
2025-06-19,22749,65,0,7,58
2025-06-20,22749,58,0,10,48
2025-06-21,22749,48,114,11,151
2025-06-22,22749,151,0,8,143
2025-06-23,22749,143,0,6,137
2025-06-24,22749,137,0,7,130
2025-06-25,22749,130,0,9,121
2025-06-26,22749,121,0,8,113
2025-06-27,22749,113,0,10,103
2025-06-28,22749,103,0,9,94
2025-06-29,22749,94,0,10,84
2025-06-30,22749,84,0,6,78
2025-07-01,22749,78,0,7,71
2025-07-02,22749,71,0,7,64
2025-07-03,22749,64,0,7,57
2025-07-04,22749,57,0,9,48
2025-07-05,22749,48,117,10,155
2025-07-06,22749,155,0,9,146
2025-07-07,22749,146,0,7,139
2025-07-08,22749,139,0,8,131
2025-07-09,22749,131,0,9,122
2025-07-10,22749,122,0,7,115
2025-07-11,22749,115,0,8,107
2025-07-12,22749,107,0,11,96
2025-07-13,22749,96,0,9,87
2025-07-14,22749,87,0,7,80
2025-07-15,22749,80,0,7,73
2025-07-16,22749,73,0,8,65
2025-07-17,22749,65,0,9,56
2025-07-18,22749,56,0,8,48
2025-07-19,22749,48,119,9,158
2025-07-20,22749,158,0,10,148
2025-07-21,22749,148,0,8,140
2025-07-22,22749,140,0,8,132
2025-07-23,22749,132,0,9,123
2025-07-24,22749,123,0,7,116
2025-07-25,22749,116,0,9,107
2025-07-26,22749,107,0,10,97
2025-07-27,22749,97,0,10,87
2025-07-28,22749,87,0,8,79
2025-07-29,22749,79,0,6,73
2025-07-30,22749,73,0,7,66
2025-07-31,22749,66,0,8,58
2025-08-01,22749,58,0,10,48
2025-08-02,22749,48,118,9,157
2025-08-03,22749,157,0,9,148
2025-08-04,22749,148,0,7,141
2025-08-05,22749,141,0,8,133
2025-08-06,22749,133,0,8,125
2025-08-07,22749,125,0,8,117
2025-08-08,22749,117,0,10,107
2025-08-09,22749,107,0,9,98
2025-08-10,22749,98,0,8,90
2025-08-11,22749,90,0,7,83
2025-08-12,22749,83,0,9,74
2025-08-13,22749,74,0,9,65
2025-08-14,22749,65,0,9,56
2025-08-15,22749,56,0,8,48
2025-08-16,22749,48,116,9,155
2025-08-17,22749,155,0,10,145
2025-08-18,22749,145,0,8,137
2025-08-19,22749,137,0,7,130
2025-08-20,22749,130,0,7,123
2025-08-21,22749,123,0,9,114
2025-08-22,22749,114,0,8,106
2025-08-23,22749,106,0,8,98
2025-08-24,22749,98,0,10,88
2025-08-25,22749,88,0,8,80
2025-08-26,22749,80,0,9,71
2025-08-27,22749,71,0,7,64
2025-08-28,22749,64,0,7,57
2025-08-29,22749,57,0,9,48
2025-08-30,22749,48,110,9,149
2025-08-31,22749,149,0,10,139
2025-09-01,22749,139,0,7,132
2025-09-02,22749,132,0,7,125
2025-09-03,22749,125,0,7,118
2025-09-04,22749,118,0,8,110
2025-09-05,22749,110,0,7,103
2025-09-06,22749,103,0,10,93
2025-09-07,22749,93,0,10,83
2025-09-08,22749,83,0,6,77
2025-09-09,22749,77,0,7,70
2025-09-10,22749,70,0,8,62
2025-09-11,22749,62,0,7,55
2025-09-12,22749,55,0,7,48
2025-09-13,22749,48,118,9,157
2025-09-14,22749,157,0,8,149
2025-09-15,22749,149,0,8,141
2025-09-16,22749,141,0,8,133
2025-09-17,22749,133,0,8,125
2025-09-18,22749,125,0,8,117
2025-09-19,22749,117,0,9,108
2025-09-20,22749,108,0,10,98
2025-09-21,22749,98,0,9,89
2025-09-22,22749,89,0,8,81
2025-09-23,22749,81,0,8,73
2025-09-24,22749,73,0,7,66
2025-09-25,22749,66,0,8,58
2025-09-26,22749,58,0,10,48
2025-09-27,22749,48,115,11,152
2025-09-28,22749,152,0,9,143
2025-09-29,22749,143,0,8,135
2025-09-30,22749,135,0,7,128
2025-10-01,22749,128,0,9,119
2025-10-02,22749,119,0,7,112
2025-10-03,22749,112,0,8,104
2025-10-04,22749,104,0,10,94
2025-10-05,22749,94,0,10,84
2025-10-06,22749,84,0,6,78
2025-10-07,22749,78,0,8,70
2025-10-08,22749,70,0,7,63
2025-10-09,22749,63,0,7,56
2025-10-10,22749,56,0,8,48
2025-10-11,22749,48,114,9,153
2025-10-12,22749,153,0,9,144
2025-10-13,22749,144,0,6,138
2025-10-14,22749,138,0,7,131
2025-10-15,22749,131,0,9,122
2025-10-16,22749,122,0,8,114
2025-10-17,22749,114,0,8,106
2025-10-18,22749,106,0,11,95
2025-10-19,22749,95,0,8,87
2025-10-20,22749,87,0,8,79
2025-10-21,22749,79,0,8,71
2025-10-22,22749,71,0,7,64
2025-10-23,22749,64,0,8,56
2025-10-24,22749,56,0,8,48
2025-10-25,22749,48,115,10,153
2025-10-26,22749,153,0,9,144
2025-10-27,22749,144,0,8,136
2025-10-28,22749,136,0,6,130
2025-10-29,22749,130,0,9,121
2025-10-30,22749,121,0,9,112
2025-10-31,22749,112,0,8,104
2025-11-01,22749,104,0,10,94
2025-11-02,22749,94,0,8,86
2025-11-03,22749,86,0,6,80
2025-11-04,22749,80,0,7,73
2025-11-05,22749,73,0,7,66
2025-11-06,22749,66,0,8,58
2025-11-07,22749,58,0,10,48
2025-11-08,22749,48,114,10,152
2025-11-09,22749,152,0,9,143
2025-11-10,22749,143,0,6,137
2025-11-11,22749,137,0,8,129
2025-11-12,22749,129,0,8,121
2025-11-13,22749,121,0,8,113
2025-11-14,22749,113,0,8,105
2025-11-15,22749,105,0,9,96
2025-11-16,22749,96,0,9,87
2025-11-17,22749,87,0,7,80
2025-11-18,22749,80,0,7,73
2025-11-19,22749,73,0,8,65
2025-11-20,22749,65,0,9,56
2025-11-21,22749,56,0,8,48
2025-11-22,22749,48,121,10,159
2025-11-23,22749,159,0,9,150
2025-11-24,22749,150,0,8,142
2025-11-25,22749,142,0,8,134
2025-11-26,22749,134,0,8,126
2025-11-27,22749,126,0,8,118
2025-11-28,22749,118,0,10,108
2025-11-29,22749,108,0,9,99
2025-11-30,22749,99,0,11,88
2025-12-01,22749,88,0,7,81
2025-12-02,22749,81,0,8,73
2025-12-03,22749,73,0,8,65
2025-12-04,22749,65,0,8,57
2025-12-05,22749,57,0,9,48
2025-12-06,22749,48,115,10,153
2025-12-07,22749,153,0,9,144
2025-12-08,22749,144,0,8,136
2025-12-09,22749,136,0,7,129
2025-12-10,22749,129,0,7,122
2025-12-11,22749,122,0,9,113
2025-12-12,22749,113,0,9,104
2025-12-13,22749,104,0,9,95
2025-12-14,22749,95,0,9,86
2025-12-15,22749,86,0,7,79
2025-12-16,22749,79,0,8,71
2025-12-17,22749,71,0,7,64
2025-12-18,22749,64,0,7,57
2025-12-19,22749,57,0,9,48
2025-12-20,22749,48,114,9,153
2025-12-21,22749,153,0,9,144
2025-12-22,22749,144,0,6,138
2025-12-23,22749,138,0,8,130
2025-12-24,22749,130,0,9,121
2025-12-25,22749,121,0,9,112
2025-12-26,22749,112,0,9,103
2025-12-27,22749,103,0,10,93
2025-12-28,22749,93,0,8,85
2025-12-29,22749,85,0,6,79
2025-12-30,22749,79,0,8,71
2025-12-31,22749,71,0,7,64
2026-01-01,22749,64,0,8,56
2026-01-02,22749,56,0,8,48
2026-01-03,22749,48,0,8,40
2026-01-04,22749,40,120,9,151
2026-01-05,22749,151,0,7,144
2026-01-06,22749,144,0,8,136
2026-01-07,22749,136,0,8,128
2026-01-08,22749,128,0,7,121
2026-01-09,22749,121,0,9,112
2026-01-10,22749,112,0,10,102
2026-01-11,22749,102,0,9,93
2026-01-12,22749,93,0,8,85
2026-01-13,22749,85,0,6,79
2026-01-14,22749,79,0,6,73
2026-01-15,22749,73,0,8,65
2026-01-16,22749,65,0,9,56
2026-01-17,22749,56,0,8,48
2026-01-18,22749,48,119,9,158
2026-01-19,22749,158,0,7,151
2026-01-20,22749,151,0,6,145
2026-01-21,22749,145,0,9,136
2026-01-22,22749,136,0,9,127
2026-01-23,22749,127,0,10,117
2026-01-24,22749,117,0,10,107
2026-01-25,22749,107,0,9,98
2026-01-26,22749,98,0,7,91
2026-01-27,22749,91,0,8,83
2026-01-28,22749,83,0,8,75
2026-01-29,22749,75,0,9,66
2026-01-30,22749,66,0,8,58
2026-01-31,22749,58,0,10,48
2026-02-01,22749,48,0,8,40
2026-02-02,22749,40,118,7,151
2026-02-03,22749,151,0,7,144
2026-02-04,22749,144,0,7,137
2026-02-05,22749,137,0,7,130
2026-02-06,22749,130,0,9,121
2026-02-07,22749,121,0,10,111
2026-02-08,22749,111,0,10,101
2026-02-09,22749,101,0,6,95
2026-02-10,22749,95,0,8,87
2026-02-11,22749,87,0,8,79
2026-02-12,22749,79,0,7,72
2026-02-13,22749,72,0,8,64
2026-02-14,22749,64,0,8,56
2026-02-15,22749,56,0,8,48
2026-02-16,22749,48,0,6,42
2026-02-17,22749,42,105,7,140
2026-02-18,22749,140,0,6,134
2026-02-19,22749,134,0,7,127
2026-02-20,22749,127,0,7,120
2026-02-21,22749,120,0,8,112
2026-02-22,22749,112,0,7,105
2026-02-23,22749,105,0,7,98
2026-02-24,22749,98,0,6,92
2026-02-25,22749,92,0,7,85
2026-02-26,22749,85,0,8,77
2026-02-27,22749,77,0,7,70
2026-02-28,22749,70,0,9,61
2026-03-01,22749,61,0,7,54
2026-03-02,22749,54,0,6,48
2026-03-03,22749,48,0,6,42
2026-03-04,22749,42,109,7,144
2026-03-05,22749,144,0,6,138
2026-03-06,22749,138,0,8,130
2026-03-07,22749,130,0,9,121
2026-03-08,22749,121,0,8,113
2026-03-09,22749,113,0,7,106
2026-03-10,22749,106,0,5,101
2026-03-11,22749,101,0,8,93
2026-03-12,22749,93,0,8,85
2026-03-13,22749,85,0,7,78
2026-03-14,22749,78,0,8,70
2026-03-15,22749,70,0,9,61
2026-03-16,22749,61,0,6,55
2026-03-17,22749,55,0,7,48
2026-03-18,22749,48,0,7,41
2026-03-19,22749,41,111,8,144
2026-03-20,22749,144,0,7,137
2026-03-21,22749,137,0,9,128
2026-03-22,22749,128,0,9,119
2026-03-23,22749,119,0,7,112
2026-03-24,22749,112,0,8,104
2026-03-25,22749,104,0,7,97
2026-03-26,22749,97,0,6,91
2026-03-27,22749,91,0,8,83
2026-03-28,22749,83,0,8,75
2026-03-29,22749,75,0,8,67
2026-03-30,22749,67,0,6,61
2026-03-31,22749,61,0,7,54
2026-04-01,22749,54,0,6,48
2026-04-02,22749,48,0,6,42
2026-04-03,22749,42,105,6,141
2026-04-04,22749,141,0,9,132
2026-04-05,22749,132,0,9,123
2026-04-06,22749,123,0,5,118
2026-04-07,22749,118,0,5,113
2026-04-08,22749,113,0,6,107
2026-04-09,22749,107,0,8,99
2026-04-10,22749,99,0,7,92
2026-04-11,22749,92,0,9,83
2026-04-12,22749,83,0,8,75
2026-04-13,22749,75,0,7,68
2026-04-14,22749,68,0,6,62
2026-04-15,22749,62,0,7,55
2026-04-16,22749,55,0,7,48
2026-04-17,22749,48,0,8,40
2026-04-18,22749,40,104,8,136
2026-04-19,22749,136,0,8,128
2026-04-20,22749,128,0,5,123
2026-04-21,22749,123,0,5,118
2026-04-22,22749,118,0,7,111
2026-04-23,22749,111,0,6,105
2026-04-24,22749,105,0,6,99
2026-04-25,22749,99,0,8,91
2026-04-26,22749,91,0,8,83
2026-04-27,22749,83,0,6,77
2026-04-28,22749,77,0,6,71
2026-04-29,22749,71,0,7,64
2026-04-30,22749,64,0,8,56
2026-05-01,22749,56,0,8,48
2026-05-02,22749,48,0,7,41
2026-05-03,22749,41,109,8,142
2026-05-04,22749,142,0,5,137
2026-05-05,22749,137,0,6,131
2026-05-06,22749,131,0,7,124
2026-05-07,22749,124,0,7,117
2026-05-08,22749,117,0,7,110
2026-05-09,22749,110,0,9,101
2026-05-10,22749,101,0,8,93
2026-05-11,22749,93,0,7,86
2026-05-12,22749,86,0,7,79
2026-05-13,22749,79,0,6,73
2026-05-14,22749,73,0,8,65
2026-05-15,22749,65,0,8,57
2026-05-16,22749,57,0,9,48
2026-05-17,22749,48,0,7,41
2026-05-18,22749,41,101,7,135
2026-05-19,22749,135,0,6,129
2026-05-20,22749,129,0,7,122
2026-05-21,22749,122,0,5,117
2026-05-22,22749,117,0,6,111
2026-05-23,22749,111,0,9,102
2026-05-24,22749,102,0,7,95
2026-05-25,22749,95,0,7,88
2026-05-26,22749,88,0,5,83
2026-05-27,22749,83,0,6,77
2026-05-28,22749,77,0,6,71
2026-05-29,22749,71,0,8,63
2026-05-30,22749,63,0,7,56
2026-05-31,22749,56,0,8,48
2026-06-01,22749,48,0,6,42
2026-06-02,22749,42,94,5,131
2026-06-03,22749,131,0,7,124
2026-06-04,22749,124,0,7,117
2026-06-05,22749,117,0,8,109
2026-06-06,22749,109,0,7,102
2026-06-07,22749,102,0,6,96
2026-06-08,22749,96,0,5,91
2026-06-09,22749,91,0,6,85
2026-06-10,22749,85,0,5,80
2026-06-11,22749,80,0,5,75
2026-06-12,22749,75,0,7,68
2026-06-13,22749,68,0,8,60
2026-06-14,22749,60,0,7,53
2026-06-15,22749,53,0,5,48
2026-06-16,22749,48,0,7,41
2026-06-17,22749,41,97,5,133
2026-06-18,22749,133,0,6,127
2026-06-19,22749,127,0,7,120
2026-06-20,22749,120,0,9,111
2026-06-21,22749,111,0,8,103
2026-06-22,22749,103,0,4,99
2026-06-23,22749,99,0,5,94
2026-06-24,22749,94,0,6,88
2026-06-25,22749,88,0,5,83
2026-06-26,22749,83,0,8,75
2026-06-27,22749,75,0,8,67
2026-06-28,22749,67,0,8,59
2026-06-29,22749,59,0,6,53
2026-06-30,22749,53,0,5,48
2026-07-01,22749,48,0,6,42
2026-07-02,22749,42,89,5,126
2026-07-03,22749,126,0,7,119
2026-07-04,22749,119,0,6,113
2026-07-05,22749,113,0,8,105
2026-07-06,22749,105,0,5,100
2026-07-07,22749,100,0,5,95
2026-07-08,22749,95,0,7,88
2026-07-09,22749,88,0,6,82
2026-07-10,22749,82,0,6,76
2026-07-11,22749,76,0,6,70
2026-07-12,22749,70,0,6,64
2026-07-13,22749,64,0,4,60
2026-07-14,22749,60,0,6,54
2026-07-15,22749,54,0,6,48
2026-07-16,22749,48,0,7,41
2026-07-17,22749,41,96,7,130
2026-07-18,22749,130,0,8,122
2026-07-19,22749,122,0,8,114
2026-07-20,22749,114,0,5,109
2026-07-21,22749,109,0,6,103
2026-07-22,22749,103,0,5,98
2026-07-23,22749,98,0,6,92
2026-07-24,22749,92,0,6,86
2026-07-25,22749,86,0,6,80
2026-07-26,22749,80,0,8,72
2026-07-27,22749,72,0,5,67
2026-07-28,22749,67,0,7,60
2026-07-29,22749,60,0,6,54
2026-07-30,22749,54,0,6,48
2026-07-31,22749,48,0,5,43
2026-08-01,22749,43,93,8,128
2026-08-02,22749,128,0,7,121
2026-08-03,22749,121,0,6,115
2026-08-04,22749,115,0,5,110
2026-08-05,22749,110,0,6,104
2026-08-06,22749,104,0,5,99
2026-08-07,22749,99,0,6,93
2026-08-08,22749,93,0,8,85
2026-08-09,22749,85,0,7,78
2026-08-10,22749,78,0,6,72
2026-08-11,22749,72,0,5,67
2026-08-12,22749,67,0,6,61
2026-08-13,22749,61,0,6,55
2026-08-14,22749,55,0,7,48
2026-08-15,22749,48,0,7,41
2026-08-16,22749,41,55,8,88
2026-08-17,22749,88,0,4,84
2026-08-18,22749,84,0,6,78
2026-08-19,22749,78,0,5,73
2026-08-20,22749,73,0,5,68
2026-08-21,22749,68,0,7,61
2026-08-22,22749,61,0,7,54
2026-08-23,22749,54,0,6,48
2026-08-24,22749,48,489,6,531
2026-08-25,22749,531,0,7,524
2026-08-26,22749,524,0,5,519
2026-08-27,22749,519,0,7,512
2026-08-28,22749,512,0,6,506
2026-08-29,22749,506,0,7,499
2026-08-30,22749,499,0,6,493
2026-08-31,22749,493,0,5,488
2026-09-01,22749,488,0,7,481
2026-09-02,22749,481,0,6,475
2026-09-03,22749,475,0,6,469
2026-09-04,22749,469,0,5,464
2026-09-05,22749,464,0,7,457
2026-09-06,22749,457,0,7,450
2026-09-07,22749,450,0,4,446
2026-09-08,22749,446,0,6,440
2026-09-09,22749,440,0,6,434
2026-09-10,22749,434,0,6,428
2026-09-11,22749,428,0,7,421
2026-09-12,22749,421,0,8,413
2026-09-13,22749,413,0,8,405
2024-09-14,22310,331,0,13,318
2024-09-15,22310,318,0,12,306
2024-09-16,22310,306,0,10,296
2024-09-17,22310,296,0,10,286
2024-09-18,22310,286,0,10,276
2024-09-19,22310,276,0,12,264
2024-09-20,22310,264,0,12,252
2024-09-21,22310,252,0,13,239
2024-09-22,22310,239,0,14,225
2024-09-23,22310,225,0,11,214
2024-09-24,22310,214,0,11,203
2024-09-25,22310,203,0,10,193
2024-09-26,22310,193,0,12,181
2024-09-27,22310,181,0,14,167
2024-09-28,22310,167,0,13,154
2024-09-29,22310,154,0,12,142
2024-09-30,22310,142,0,10,132
2024-10-01,22310,132,0,11,121
2024-10-02,22310,121,0,11,110
2024-10-03,22310,110,0,10,100
2024-10-04,22310,100,0,12,88
2024-10-05,22310,88,0,14,74
2024-10-06,22310,74,0,14,60
2024-10-07,22310,60,172,10,222
2024-10-08,22310,222,0,10,212
2024-10-09,22310,212,0,12,200
2024-10-10,22310,200,0,12,188
2024-10-11,22310,188,0,11,177
2024-10-12,22310,177,0,13,164
2024-10-13,22310,164,0,13,151
2024-10-14,22310,151,0,12,139
2024-10-15,22310,139,0,11,128
2024-10-16,22310,128,0,12,116
2024-10-17,22310,116,0,12,104
2024-10-18,22310,104,0,13,91
2024-10-19,22310,91,0,13,78
2024-10-20,22310,78,0,12,66
2024-10-21,22310,66,0,10,56
2024-10-22,22310,56,182,11,227
2024-10-23,22310,227,0,10,217
2024-10-24,22310,217,0,12,205
2024-10-25,22310,205,0,13,192
2024-10-26,22310,192,0,13,179
2024-10-27,22310,179,0,13,166
2024-10-28,22310,166,0,12,154
2024-10-29,22310,154,0,12,142
2024-10-30,22310,142,0,12,130
2024-10-31,22310,130,0,13,117
2024-11-01,22310,117,0,13,104
2024-11-02,22310,104,0,14,90
2024-11-03,22310,90,0,14,76
2024-11-04,22310,76,0,10,66
2024-11-05,22310,66,175,12,229
2024-11-06,22310,229,0,12,217
2024-11-07,22310,217,0,12,205
2024-11-08,22310,205,0,13,192
2024-11-09,22310,192,0,14,178
2024-11-10,22310,178,0,14,164
2024-11-11,22310,164,0,10,154
2024-11-12,22310,154,0,11,143
2024-11-13,22310,143,0,13,130
2024-11-14,22310,130,0,12,118
2024-11-15,22310,118,0,12,106
2024-11-16,22310,106,0,16,90
2024-11-17,22310,90,0,13,77
2024-11-18,22310,77,0,11,66
2024-11-19,22310,66,0,10,56
2024-11-20,22310,56,182,11,227
2024-11-21,22310,227,0,11,216
2024-11-22,22310,216,0,12,204
2024-11-23,22310,204,0,16,188
2024-11-24,22310,188,0,15,173
2024-11-25,22310,173,0,10,163
2024-11-26,22310,163,0,12,151
2024-11-27,22310,151,0,11,140
2024-11-28,22310,140,0,12,128
2024-11-29,22310,128,0,12,116
2024-11-30,22310,116,0,14,102
2024-12-01,22310,102,0,13,89
2024-12-02,22310,89,0,12,77
2024-12-03,22310,77,0,11,66
2024-12-04,22310,66,172,12,226
2024-12-05,22310,226,0,12,214
2024-12-06,22310,214,0,13,201
2024-12-07,22310,201,0,14,187
2024-12-08,22310,187,0,13,174
2024-12-09,22310,174,0,10,164
2024-12-10,22310,164,0,11,153
2024-12-11,22310,153,0,13,140
2024-12-12,22310,140,0,12,128
2024-12-13,22310,128,0,13,115
2024-12-14,22310,115,0,13,102
2024-12-15,22310,102,0,13,89
2024-12-16,22310,89,0,12,77
2024-12-17,22310,77,0,11,66
2024-12-18,22310,66,0,11,55
2024-12-19,22310,55,187,11,231
2024-12-20,22310,231,0,14,217
2024-12-21,22310,217,0,15,202
2024-12-22,22310,202,0,15,187
2024-12-23,22310,187,0,12,175
2024-12-24,22310,175,0,10,165
2024-12-25,22310,165,0,12,153
2024-12-26,22310,153,0,12,141
2024-12-27,22310,141,0,12,129
2024-12-28,22310,129,0,16,113
2024-12-29,22310,113,0,14,99
2024-12-30,22310,99,0,10,89
2024-12-31,22310,89,0,11,78
2025-01-01,22310,78,0,12,66
2025-01-02,22310,66,172,12,226
2025-01-03,22310,226,0,12,214
2025-01-04,22310,214,0,14,200
2025-01-05,22310,200,0,13,187
2025-01-06,22310,187,0,12,175
2025-01-07,22310,175,0,12,163
2025-01-08,22310,163,0,11,152
2025-01-09,22310,152,0,13,139
2025-01-10,22310,139,0,12,127
2025-01-11,22310,127,0,16,111
2025-01-12,22310,111,0,13,98
2025-01-13,22310,98,0,10,88
2025-01-14,22310,88,0,11,77
2025-01-15,22310,77,0,11,66
2025-01-16,22310,66,172,12,226
2025-01-17,22310,226,0,14,212
2025-01-18,22310,212,0,13,199
2025-01-19,22310,199,0,14,185
2025-01-20,22310,185,0,12,173
2025-01-21,22310,173,0,11,162
2025-01-22,22310,162,0,12,150
2025-01-23,22310,150,0,11,139
2025-01-24,22310,139,0,14,125
2025-01-25,22310,125,0,14,111
2025-01-26,22310,111,0,13,98
2025-01-27,22310,98,0,10,88
2025-01-28,22310,88,0,10,78
2025-01-29,22310,78,0,12,66
2025-01-30,22310,66,0,11,55
2025-01-31,22310,55,186,14,227
2025-02-01,22310,227,0,15,212
2025-02-02,22310,212,0,13,199
2025-02-03,22310,199,0,10,189
2025-02-04,22310,189,0,12,177
2025-02-05,22310,177,0,12,165
2025-02-06,22310,165,0,12,153
2025-02-07,22310,153,0,13,140
2025-02-08,22310,140,0,14,126
2025-02-09,22310,126,0,13,113
2025-02-10,22310,113,0,11,102
2025-02-11,22310,102,0,12,90
2025-02-12,22310,90,0,12,78
2025-02-13,22310,78,0,12,66
2025-02-14,22310,66,164,12,218
2025-02-15,22310,218,0,14,204
2025-02-16,22310,204,0,13,191
2025-02-17,22310,191,0,11,180
2025-02-18,22310,180,0,10,170
2025-02-19,22310,170,0,10,160
2025-02-20,22310,160,0,11,149
2025-02-21,22310,149,0,11,138
2025-02-22,22310,138,0,13,125
2025-02-23,22310,125,0,13,112
2025-02-24,22310,112,0,10,102
2025-02-25,22310,102,0,11,91
2025-02-26,22310,91,0,12,79
2025-02-27,22310,79,0,13,66
2025-02-28,22310,66,169,12,223
2025-03-01,22310,223,0,15,208
2025-03-02,22310,208,0,13,195
2025-03-03,22310,195,0,12,183
2025-03-04,22310,183,0,11,172
2025-03-05,22310,172,0,12,160
2025-03-06,22310,160,0,10,150
2025-03-07,22310,150,0,13,137
2025-03-08,22310,137,0,14,123
2025-03-09,22310,123,0,13,110
2025-03-10,22310,110,0,10,100
2025-03-11,22310,100,0,11,89
2025-03-12,22310,89,0,11,78
2025-03-13,22310,78,0,12,66
2025-03-14,22310,66,161,12,215
2025-03-15,22310,215,0,13,202
2025-03-16,22310,202,0,14,188
2025-03-17,22310,188,0,11,177
2025-03-18,22310,177,0,12,165
2025-03-19,22310,165,0,10,155
2025-03-20,22310,155,0,10,145
2025-03-21,22310,145,0,12,133
2025-03-22,22310,133,0,13,120
2025-03-23,22310,120,0,12,108
2025-03-24,22310,108,0,10,98
2025-03-25,22310,98,0,11,87
2025-03-26,22310,87,0,10,77
2025-03-27,22310,77,0,11,66
2025-03-28,22310,66,0,11,55
2025-03-29,22310,55,175,13,217
2025-03-30,22310,217,0,14,203
2025-03-31,22310,203,0,9,194
2025-04-01,22310,194,0,12,182
2025-04-02,22310,182,0,10,172
2025-04-03,22310,172,0,10,162
2025-04-04,22310,162,0,12,150
2025-04-05,22310,150,0,14,136
2025-04-06,22310,136,0,14,122
2025-04-07,22310,122,0,11,111
2025-04-08,22310,111,0,9,102
2025-04-09,22310,102,0,12,90
2025-04-10,22310,90,0,11,79
2025-04-11,22310,79,0,13,66
2025-04-12,22310,66,160,13,213
2025-04-13,22310,213,0,13,200
2025-04-14,22310,200,0,11,189
2025-04-15,22310,189,0,11,178
2025-04-16,22310,178,0,12,166
2025-04-17,22310,166,0,11,155
2025-04-18,22310,155,0,13,142
2025-04-19,22310,142,0,13,129
2025-04-20,22310,129,0,11,118
2025-04-21,22310,118,0,9,109
2025-04-22,22310,109,0,11,98
2025-04-23,22310,98,0,9,89
2025-04-24,22310,89,0,11,78
2025-04-25,22310,78,0,12,66
2025-04-26,22310,66,159,14,211
2025-04-27,22310,211,0,13,198
2025-04-28,22310,198,0,10,188
2025-04-29,22310,188,0,10,178
2025-04-30,22310,178,0,12,166
2025-05-01,22310,166,0,12,154
2025-05-02,22310,154,0,11,143
2025-05-03,22310,143,0,13,130
2025-05-04,22310,130,0,11,119
2025-05-05,22310,119,0,11,108
2025-05-06,22310,108,0,9,99
2025-05-07,22310,99,0,11,88
2025-05-08,22310,88,0,10,78
2025-05-09,22310,78,0,12,66
2025-05-10,22310,66,152,14,204
2025-05-11,22310,204,0,11,193
2025-05-12,22310,193,0,9,184
2025-05-13,22310,184,0,10,174
2025-05-14,22310,174,0,10,164
2025-05-15,22310,164,0,11,153
2025-05-16,22310,153,0,11,142
2025-05-17,22310,142,0,13,129
2025-05-18,22310,129,0,13,116
2025-05-19,22310,116,0,10,106
2025-05-20,22310,106,0,9,97
2025-05-21,22310,97,0,9,88
2025-05-22,22310,88,0,11,77
2025-05-23,22310,77,0,11,66
2025-05-24,22310,66,156,14,208
2025-05-25,22310,208,0,12,196
2025-05-26,22310,196,0,10,186
2025-05-27,22310,186,0,11,175
2025-05-28,22310,175,0,10,165
2025-05-29,22310,165,0,12,153
2025-05-30,22310,153,0,11,142
2025-05-31,22310,142,0,13,129
2025-06-01,22310,129,0,11,118
2025-06-02,22310,118,0,9,109
2025-06-03,22310,109,0,11,98
2025-06-04,22310,98,0,11,87
2025-06-05,22310,87,0,11,76
2025-06-06,22310,76,0,10,66
2025-06-07,22310,66,156,13,209
2025-06-08,22310,209,0,12,197
2025-06-09,22310,197,0,10,187
2025-06-10,22310,187,0,10,177
2025-06-11,22310,177,0,11,166
2025-06-12,22310,166,0,10,156
2025-06-13,22310,156,0,12,144
2025-06-14,22310,144,0,14,130
2025-06-15,22310,130,0,11,119
2025-06-16,22310,119,0,9,110
2025-06-17,22310,110,0,11,99
2025-06-18,22310,99,0,11,88
2025-06-19,22310,88,0,11,77
2025-06-20,22310,77,0,11,66
2025-06-21,22310,66,150,13,203
2025-06-22,22310,203,0,12,191
2025-06-23,22310,191,0,8,183
2025-06-24,22310,183,0,10,173
2025-06-25,22310,173,0,10,163
2025-06-26,22310,163,0,12,151
2025-06-27,22310,151,0,11,140
2025-06-28,22310,140,0,12,128
2025-06-29,22310,128,0,13,115
2025-06-30,22310,115,0,9,106
2025-07-01,22310,106,0,9,97
2025-07-02,22310,97,0,11,86
2025-07-03,22310,86,0,9,77
2025-07-04,22310,77,0,11,66
2025-07-05,22310,66,157,12,211
2025-07-06,22310,211,0,12,199
2025-07-07,22310,199,0,10,189
2025-07-08,22310,189,0,10,179
2025-07-09,22310,179,0,9,170
2025-07-10,22310,170,0,10,160
2025-07-11,22310,160,0,13,147
2025-07-12,22310,147,0,14,133
2025-07-13,22310,133,0,11,122
2025-07-14,22310,122,0,10,112
2025-07-15,22310,112,0,11,101
2025-07-16,22310,101,0,12,89
2025-07-17,22310,89,0,12,77
2025-07-18,22310,77,0,11,66
2025-07-19,22310,66,155,12,209
2025-07-20,22310,209,0,12,197
2025-07-21,22310,197,0,9,188
2025-07-22,22310,188,0,11,177
2025-07-23,22310,177,0,11,166
2025-07-24,22310,166,0,11,155
2025-07-25,22310,155,0,11,144
2025-07-26,22310,144,0,14,130
2025-07-27,22310,130,0,13,117
2025-07-28,22310,117,0,10,107
2025-07-29,22310,107,0,10,97
2025-07-30,22310,97,0,10,87
2025-07-31,22310,87,0,10,77
2025-08-01,22310,77,0,11,66
2025-08-02,22310,66,158,12,212
2025-08-03,22310,212,0,12,200
2025-08-04,22310,200,0,9,191
2025-08-05,22310,191,0,10,181
2025-08-06,22310,181,0,10,171
2025-08-07,22310,171,0,10,161
2025-08-08,22310,161,0,12,149
2025-08-09,22310,149,0,14,135
2025-08-10,22310,135,0,11,124
2025-08-11,22310,124,0,11,113
2025-08-12,22310,113,0,11,102
2025-08-13,22310,102,0,12,90
2025-08-14,22310,90,0,12,78
2025-08-15,22310,78,0,12,66
2025-08-16,22310,66,158,13,211
2025-08-17,22310,211,0,13,198
2025-08-18,22310,198,0,9,189
2025-08-19,22310,189,0,11,178
2025-08-20,22310,178,0,10,168
2025-08-21,22310,168,0,10,158
2025-08-22,22310,158,0,12,146
2025-08-23,22310,146,0,13,133
2025-08-24,22310,133,0,13,120
2025-08-25,22310,120,0,10,110
2025-08-26,22310,110,0,10,100
2025-08-27,22310,100,0,10,90
2025-08-28,22310,90,0,12,78
2025-08-29,22310,78,0,12,66
2025-08-30,22310,66,158,13,211
2025-08-31,22310,211,0,12,199
2025-09-01,22310,199,0,9,190
2025-09-02,22310,190,0,11,179
2025-09-03,22310,179,0,11,168
2025-09-04,22310,168,0,10,158
2025-09-05,22310,158,0,11,147
2025-09-06,22310,147,0,14,133
2025-09-07,22310,133,0,12,121
2025-09-08,22310,121,0,11,110
2025-09-09,22310,110,0,11,99
2025-09-10,22310,99,0,10,89
2025-09-11,22310,89,0,11,78
2025-09-12,22310,78,0,12,66
2025-09-13,22310,66,164,14,216
2025-09-14,22310,216,0,13,203
2025-09-15,22310,203,0,11,192
2025-09-16,22310,192,0,10,182
2025-09-17,22310,182,0,12,170
2025-09-18,22310,170,0,12,158
2025-09-19,22310,158,0,12,146
2025-09-20,22310,146,0,12,134
2025-09-21,22310,134,0,12,122
2025-09-22,22310,122,0,10,112
2025-09-23,22310,112,0,12,100
2025-09-24,22310,100,0,11,89
2025-09-25,22310,89,0,12,77
2025-09-26,22310,77,0,11,66
2025-09-27,22310,66,167,13,220
2025-09-28,22310,220,0,14,206
2025-09-29,22310,206,0,10,196
2025-09-30,22310,196,0,12,184
2025-10-01,22310,184,0,12,172
2025-10-02,22310,172,0,11,161
2025-10-03,22310,161,0,11,150
2025-10-04,22310,150,0,14,136
2025-10-05,22310,136,0,13,123
2025-10-06,22310,123,0,12,111
2025-10-07,22310,111,0,12,99
2025-10-08,22310,99,0,11,88
2025-10-09,22310,88,0,11,77
2025-10-10,22310,77,0,11,66
2025-10-11,22310,66,166,14,218
2025-10-12,22310,218,0,14,204
2025-10-13,22310,204,0,11,193
2025-10-14,22310,193,0,11,182
2025-10-15,22310,182,0,11,171
2025-10-16,22310,171,0,10,161
2025-10-17,22310,161,0,12,149
2025-10-18,22310,149,0,15,134
2025-10-19,22310,134,0,14,120
2025-10-20,22310,120,0,9,111
2025-10-21,22310,111,0,10,101
2025-10-22,22310,101,0,12,89
2025-10-23,22310,89,0,11,78
2025-10-24,22310,78,0,12,66
2025-10-25,22310,66,174,14,226
2025-10-26,22310,226,0,13,213
2025-10-27,22310,213,0,12,201
2025-10-28,22310,201,0,10,191
2025-10-29,22310,191,0,12,179
2025-10-30,22310,179,0,12,167
2025-10-31,22310,167,0,12,155
2025-11-01,22310,155,0,15,140
2025-11-02,22310,140,0,15,125
2025-11-03,22310,125,0,11,114
2025-11-04,22310,114,0,11,103
2025-11-05,22310,103,0,12,91
2025-11-06,22310,91,0,12,79
2025-11-07,22310,79,0,13,66
2025-11-08,22310,66,171,13,224
2025-11-09,22310,224,0,13,211
2025-11-10,22310,211,0,12,199
2025-11-11,22310,199,0,11,188
2025-11-12,22310,188,0,11,177
2025-11-13,22310,177,0,12,165
2025-11-14,22310,165,0,13,152
2025-11-15,22310,152,0,15,137
2025-11-16,22310,137,0,13,124
2025-11-17,22310,124,0,10,114
2025-11-18,22310,114,0,10,104
2025-11-19,22310,104,0,13,91
2025-11-20,22310,91,0,12,79
2025-11-21,22310,79,0,13,66
2025-11-22,22310,66,176,14,228
2025-11-23,22310,228,0,14,214
2025-11-24,22310,214,0,10,204
2025-11-25,22310,204,0,12,192
2025-11-26,22310,192,0,13,179
2025-11-27,22310,179,0,12,167
2025-11-28,22310,167,0,13,154
2025-11-29,22310,154,0,15,139
2025-11-30,22310,139,0,14,125
2025-12-01,22310,125,0,11,114
2025-12-02,22310,114,0,12,102
2025-12-03,22310,102,0,11,91
2025-12-04,22310,91,0,13,78
2025-12-05,22310,78,0,12,66
2025-12-06,22310,66,173,15,224
2025-12-07,22310,224,0,13,211
2025-12-08,22310,211,0,12,199
2025-12-09,22310,199,0,11,188
2025-12-10,22310,188,0,13,175
2025-12-11,22310,175,0,11,164
2025-12-12,22310,164,0,13,151
2025-12-13,22310,151,0,14,137
2025-12-14,22310,137,0,13,124
2025-12-15,22310,124,0,10,114
2025-12-16,22310,114,0,11,103
2025-12-17,22310,103,0,12,91
2025-12-18,22310,91,0,12,79
2025-12-19,22310,79,0,13,66
2025-12-20,22310,66,176,15,227
2025-12-21,22310,227,0,14,213
2025-12-22,22310,213,0,11,202
2025-12-23,22310,202,0,11,191
2025-12-24,22310,191,0,12,179
2025-12-25,22310,179,0,12,167
2025-12-26,22310,167,0,13,154
2025-12-27,22310,154,0,15,139
2025-12-28,22310,139,0,13,126
2025-12-29,22310,126,0,12,114
2025-12-30,22310,114,0,12,102
2025-12-31,22310,102,0,11,91
2026-01-01,22310,91,0,12,79
2026-01-02,22310,79,0,13,66
2026-01-03,22310,66,177,15,228
2026-01-04,22310,228,0,15,213
2026-01-05,22310,213,0,11,202
2026-01-06,22310,202,0,12,190
2026-01-07,22310,190,0,12,178
2026-01-08,22310,178,0,13,165
2026-01-09,22310,165,0,14,151
2026-01-10,22310,151,0,15,136
2026-01-11,22310,136,0,13,123
2026-01-12,22310,123,0,10,113
2026-01-13,22310,113,0,11,102
2026-01-14,22310,102,0,12,90
2026-01-15,22310,90,0,11,79
2026-01-16,22310,79,0,13,66
2026-01-17,22310,66,170,14,222
2026-01-18,22310,222,0,13,209
2026-01-19,22310,209,0,12,197
2026-01-20,22310,197,0,11,186
2026-01-21,22310,186,0,12,174
2026-01-22,22310,174,0,11,163
2026-01-23,22310,163,0,12,151
2026-01-24,22310,151,0,13,138
2026-01-25,22310,138,0,13,125
2026-01-26,22310,125,0,11,114
2026-01-27,22310,114,0,11,103
2026-01-28,22310,103,0,12,91
2026-01-29,22310,91,0,11,80
2026-01-30,22310,80,0,14,66
2026-01-31,22310,66,168,15,219
2026-02-01,22310,219,0,13,206
2026-02-02,22310,206,0,11,195
2026-02-03,22310,195,0,10,185
2026-02-04,22310,185,0,12,173
2026-02-05,22310,173,0,12,161
2026-02-06,22310,161,0,12,149
2026-02-07,22310,149,0,13,136
2026-02-08,22310,136,0,13,123
2026-02-09,22310,123,0,11,112
2026-02-10,22310,112,0,10,102
2026-02-11,22310,102,0,11,91
2026-02-12,22310,91,0,11,80
2026-02-13,22310,80,0,14,66
2026-02-14,22310,66,169,14,221
2026-02-15,22310,221,0,12,209
2026-02-16,22310,209,0,12,197
2026-02-17,22310,197,0,10,187
2026-02-18,22310,187,0,11,176
2026-02-19,22310,176,0,12,164
2026-02-20,22310,164,0,12,152
2026-02-21,22310,152,0,14,138
2026-02-22,22310,138,0,14,124
2026-02-23,22310,124,0,11,113
2026-02-24,22310,113,0,11,102
2026-02-25,22310,102,0,12,90
2026-02-26,22310,90,0,11,79
2026-02-27,22310,79,0,13,66
2026-02-28,22310,66,162,13,215
2026-03-01,22310,215,0,12,203
2026-03-02,22310,203,0,10,193
2026-03-03,22310,193,0,12,181
2026-03-04,22310,181,0,12,169
2026-03-05,22310,169,0,10,159
2026-03-06,22310,159,0,13,146
2026-03-07,22310,146,0,14,132
2026-03-08,22310,132,0,14,118
2026-03-09,22310,118,0,9,109
2026-03-10,22310,109,0,11,98
2026-03-11,22310,98,0,10,88
2026-03-12,22310,88,0,10,78
2026-03-13,22310,78,0,12,66
2026-03-14,22310,66,161,13,214
2026-03-15,22310,214,0,13,201
2026-03-16,22310,201,0,11,190
2026-03-17,22310,190,0,9,181
2026-03-18,22310,181,0,12,169
2026-03-19,22310,169,0,11,158
2026-03-20,22310,158,0,12,146
2026-03-21,22310,146,0,13,133
2026-03-22,22310,133,0,12,121
2026-03-23,22310,121,0,10,111
2026-03-24,22310,111,0,11,100
2026-03-25,22310,100,0,10,90
2026-03-26,22310,90,0,12,78
2026-03-27,22310,78,0,12,66
2026-03-28,22310,66,161,14,213
2026-03-29,22310,213,0,12,201
2026-03-30,22310,201,0,10,191
2026-03-31,22310,191,0,12,179
2026-04-01,22310,179,0,10,169
2026-04-02,22310,169,0,10,159
2026-04-03,22310,159,0,12,147
2026-04-04,22310,147,0,13,134
2026-04-05,22310,134,0,13,121
2026-04-06,22310,121,0,10,111
2026-04-07,22310,111,0,10,101
2026-04-08,22310,101,0,12,89
2026-04-09,22310,89,0,10,79
2026-04-10,22310,79,0,13,66
2026-04-11,22310,66,154,13,207
2026-04-12,22310,207,0,13,194
2026-04-13,22310,194,0,10,184
2026-04-14,22310,184,0,11,173
2026-04-15,22310,173,0,11,162
2026-04-16,22310,162,0,10,152
2026-04-17,22310,152,0,12,140
2026-04-18,22310,140,0,12,128
2026-04-19,22310,128,0,12,116
2026-04-20,22310,116,0,9,107
2026-04-21,22310,107,0,9,98
2026-04-22,22310,98,0,10,88
2026-04-23,22310,88,0,11,77
2026-04-24,22310,77,0,11,66
2026-04-25,22310,66,154,13,207
2026-04-26,22310,207,0,11,196
2026-04-27,22310,196,0,10,186
2026-04-28,22310,186,0,10,176
2026-04-29,22310,176,0,11,165
2026-04-30,22310,165,0,12,153
2026-05-01,22310,153,0,11,142
2026-05-02,22310,142,0,12,130
2026-05-03,22310,130,0,12,118
2026-05-04,22310,118,0,9,109
2026-05-05,22310,109,0,10,99
2026-05-06,22310,99,0,11,88
2026-05-07,22310,88,0,12,76
2026-05-08,22310,76,0,10,66
2026-05-09,22310,66,153,14,205
2026-05-10,22310,205,0,12,193
2026-05-11,22310,193,0,9,184
2026-05-12,22310,184,0,9,175
2026-05-13,22310,175,0,9,166
2026-05-14,22310,166,0,10,156
2026-05-15,22310,156,0,12,144
2026-05-16,22310,144,0,14,130
2026-05-17,22310,130,0,12,118
2026-05-18,22310,118,0,9,109
2026-05-19,22310,109,0,10,99
2026-05-20,22310,99,0,11,88
2026-05-21,22310,88,0,12,76
2026-05-22,22310,76,0,10,66
2026-05-23,22310,66,157,14,209
2026-05-24,22310,209,0,12,197
2026-05-25,22310,197,0,9,188
2026-05-26,22310,188,0,9,179
2026-05-27,22310,179,0,10,169
2026-05-28,22310,169,0,12,157
2026-05-29,22310,157,0,11,146
2026-05-30,22310,146,0,14,132
2026-05-31,22310,132,0,12,120
2026-06-01,22310,120,0,11,109
2026-06-02,22310,109,0,10,99
2026-06-03,22310,99,0,11,88
2026-06-04,22310,88,0,10,78
2026-06-05,22310,78,0,12,66
2026-06-06,22310,66,154,14,206
2026-06-07,22310,206,0,12,194
2026-06-08,22310,194,0,10,184
2026-06-09,22310,184,0,9,175
2026-06-10,22310,175,0,10,165
2026-06-11,22310,165,0,11,154
2026-06-12,22310,154,0,11,143
2026-06-13,22310,143,0,13,130
2026-06-14,22310,130,0,13,117
2026-06-15,22310,117,0,10,107
2026-06-16,22310,107,0,10,97
2026-06-17,22310,97,0,10,87
2026-06-18,22310,87,0,10,77
2026-06-19,22310,77,0,11,66
2026-06-20,22310,66,153,13,206
2026-06-21,22310,206,0,13,193
2026-06-22,22310,193,0,9,184
2026-06-23,22310,184,0,10,174
2026-06-24,22310,174,0,10,164
2026-06-25,22310,164,0,11,153
2026-06-26,22310,153,0,11,142
2026-06-27,22310,142,0,12,130
2026-06-28,22310,130,0,13,117
2026-06-29,22310,117,0,10,107
2026-06-30,22310,107,0,9,98
2026-07-01,22310,98,0,10,88
2026-07-02,22310,88,0,10,78
2026-07-03,22310,78,0,12,66
2026-07-04,22310,66,157,14,209
2026-07-05,22310,209,0,13,196
2026-07-06,22310,196,0,9,187
2026-07-07,22310,187,0,9,178
2026-07-08,22310,178,0,10,168
2026-07-09,22310,168,0,11,157
2026-07-10,22310,157,0,10,147
2026-07-11,22310,147,0,14,133
2026-07-12,22310,133,0,12,121
2026-07-13,22310,121,0,11,110
2026-07-14,22310,110,0,11,99
2026-07-15,22310,99,0,11,88
2026-07-16,22310,88,0,11,77
2026-07-17,22310,77,0,11,66
2026-07-18,22310,66,160,14,212
2026-07-19,22310,212,0,12,200
2026-07-20,22310,200,0,10,190
2026-07-21,22310,190,0,11,179
2026-07-22,22310,179,0,10,169
2026-07-23,22310,169,0,11,158
2026-07-24,22310,158,0,12,146
2026-07-25,22310,146,0,14,132
2026-07-26,22310,132,0,12,120
2026-07-27,22310,120,0,11,109
2026-07-28,22310,109,0,11,98
2026-07-29,22310,98,0,11,87
2026-07-30,22310,87,0,10,77
2026-07-31,22310,77,0,11,66
2026-08-01,22310,66,157,12,211
2026-08-02,22310,211,0,12,199
2026-08-03,22310,199,0,11,188
2026-08-04,22310,188,0,10,178
2026-08-05,22310,178,0,10,168
2026-08-06,22310,168,0,11,157
2026-08-07,22310,157,0,10,147
2026-08-08,22310,147,0,12,135
2026-08-09,22310,135,0,14,121
2026-08-10,22310,121,0,11,110
2026-08-11,22310,110,0,11,99
2026-08-12,22310,99,0,12,87
2026-08-13,22310,87,0,10,77
2026-08-14,22310,77,0,11,66
2026-08-15,22310,66,107,14,159
2026-08-16,22310,159,0,13,146
2026-08-17,22310,146,0,10,136
2026-08-18,22310,136,0,10,126
2026-08-19,22310,126,0,12,114
2026-08-20,22310,114,0,10,104
2026-08-21,22310,104,0,13,91
2026-08-22,22310,91,0,13,78
2026-08-23,22310,78,0,12,66
2026-08-24,22310,66,261,10,317
2026-08-25,22310,317,0,10,307
2026-08-26,22310,307,0,12,295
2026-08-27,22310,295,0,11,284
2026-08-28,22310,284,0,11,273
2026-08-29,22310,273,0,14,259
2026-08-30,22310,259,0,12,247
2026-08-31,22310,247,0,10,237
2026-09-01,22310,237,0,10,227
2026-09-02,22310,227,0,11,216
2026-09-03,22310,216,0,12,204
2026-09-04,22310,204,0,13,191
2026-09-05,22310,191,0,14,177
2026-09-06,22310,177,0,14,163
2026-09-07,22310,163,0,11,152
2026-09-08,22310,152,0,10,142
2026-09-09,22310,142,0,11,131
2026-09-10,22310,131,0,12,119
2026-09-11,22310,119,0,12,107
2026-09-12,22310,107,0,12,95
2026-09-13,22310,95,0,13,82
2024-09-14,84969,431,0,18,413
2024-09-15,84969,413,0,15,398
2024-09-16,84969,398,0,13,385
2024-09-17,84969,385,0,13,372
2024-09-18,84969,372,0,15,357
2024-09-19,84969,357,0,16,341
2024-09-20,84969,341,0,17,324
2024-09-21,84969,324,0,18,306
2024-09-22,84969,306,0,16,290
2024-09-23,84969,290,0,12,278
2024-09-24,84969,278,0,14,264
2024-09-25,84969,264,0,15,249
2024-09-26,84969,249,0,15,234
2024-09-27,84969,234,0,16,218
2024-09-28,84969,218,0,17,201
2024-09-29,84969,201,0,17,184
2024-09-30,84969,184,0,12,172
2024-10-01,84969,172,0,15,157
2024-10-02,84969,157,0,15,142
2024-10-03,84969,142,0,14,128
2024-10-04,84969,128,0,16,112
2024-10-05,84969,112,0,18,94
2024-10-06,84969,94,0,17,77
2024-10-07,84969,77,226,13,290
2024-10-08,84969,290,0,15,275
2024-10-09,84969,275,0,16,259
2024-10-10,84969,259,0,15,244
2024-10-11,84969,244,0,16,228
2024-10-12,84969,228,0,19,209
2024-10-13,84969,209,0,18,191
2024-10-14,84969,191,0,14,177
2024-10-15,84969,177,0,13,164
2024-10-16,84969,164,0,14,150
2024-10-17,84969,150,0,16,134
2024-10-18,84969,134,0,15,119
2024-10-19,84969,119,0,17,102
2024-10-20,84969,102,0,18,84
2024-10-21,84969,84,218,15,287
2024-10-22,84969,287,0,15,272
2024-10-23,84969,272,0,15,257
2024-10-24,84969,257,0,14,243
2024-10-25,84969,243,0,17,226
2024-10-26,84969,226,0,17,209
2024-10-27,84969,209,0,16,193
2024-10-28,84969,193,0,14,179
2024-10-29,84969,179,0,14,165
2024-10-30,84969,165,0,14,151
2024-10-31,84969,151,0,16,135
2024-11-01,84969,135,0,17,118
2024-11-02,84969,118,0,18,100
2024-11-03,84969,100,0,16,84
2024-11-04,84969,84,0,13,71
2024-11-05,84969,71,238,14,295
2024-11-06,84969,295,0,15,280
2024-11-07,84969,280,0,15,265
2024-11-08,84969,265,0,16,249
2024-11-09,84969,249,0,19,230
2024-11-10,84969,230,0,17,213
2024-11-11,84969,213,0,15,198
2024-11-12,84969,198,0,15,183
2024-11-13,84969,183,0,14,169
2024-11-14,84969,169,0,16,153
2024-11-15,84969,153,0,17,136
2024-11-16,84969,136,0,19,117
2024-11-17,84969,117,0,18,99
2024-11-18,84969,99,0,15,84
2024-11-19,84969,84,219,15,288
2024-11-20,84969,288,0,16,272
2024-11-21,84969,272,0,14,258
2024-11-22,84969,258,0,15,243
2024-11-23,84969,243,0,19,224
2024-11-24,84969,224,0,18,206
2024-11-25,84969,206,0,14,192
2024-11-26,84969,192,0,15,177
2024-11-27,84969,177,0,15,162
2024-11-28,84969,162,0,14,148
2024-11-29,84969,148,0,15,133
2024-11-30,84969,133,0,19,114
2024-12-01,84969,114,0,17,97
2024-12-02,84969,97,0,13,84
2024-12-03,84969,84,0,13,71
2024-12-04,84969,71,234,16,289
2024-12-05,84969,289,0,15,274
2024-12-06,84969,274,0,15,259
2024-12-07,84969,259,0,18,241
2024-12-08,84969,241,0,17,224
2024-12-09,84969,224,0,14,210
2024-12-10,84969,210,0,14,196
2024-12-11,84969,196,0,15,181
2024-12-12,84969,181,0,15,166
2024-12-13,84969,166,0,17,149
2024-12-14,84969,149,0,19,130
2024-12-15,84969,130,0,17,113
2024-12-16,84969,113,0,15,98
2024-12-17,84969,98,0,14,84
2024-12-18,84969,84,228,16,296
2024-12-19,84969,296,0,16,280
2024-12-20,84969,280,0,17,263
2024-12-21,84969,263,0,20,243
2024-12-22,84969,243,0,17,226
2024-12-23,84969,226,0,15,211
2024-12-24,84969,211,0,14,197
2024-12-25,84969,197,0,15,182
2024-12-26,84969,182,0,16,166
2024-12-27,84969,166,0,16,150
2024-12-28,84969,150,0,19,131
2024-12-29,84969,131,0,18,113
2024-12-30,84969,113,0,15,98
2024-12-31,84969,98,0,14,84
2025-01-01,84969,84,219,15,288
2025-01-02,84969,288,0,16,272
2025-01-03,84969,272,0,17,255
2025-01-04,84969,255,0,18,237
2025-01-05,84969,237,0,17,220
2025-01-06,84969,220,0,13,207
2025-01-07,84969,207,0,14,193
2025-01-08,84969,193,0,14,179
2025-01-09,84969,179,0,15,164
2025-01-10,84969,164,0,17,147
2025-01-11,84969,147,0,18,129
2025-01-12,84969,129,0,17,112
2025-01-13,84969,112,0,14,98
2025-01-14,84969,98,0,14,84
2025-01-15,84969,84,0,14,70
2025-01-16,84969,70,236,17,289
2025-01-17,84969,289,0,15,274
2025-01-18,84969,274,0,19,255
2025-01-19,84969,255,0,17,238
2025-01-20,84969,238,0,15,223
2025-01-21,84969,223,0,14,209
2025-01-22,84969,209,0,16,193
2025-01-23,84969,193,0,14,179
2025-01-24,84969,179,0,15,164
2025-01-25,84969,164,0,19,145
2025-01-26,84969,145,0,17,128
2025-01-27,84969,128,0,14,114
2025-01-28,84969,114,0,14,100
2025-01-29,84969,100,0,16,84
2025-01-30,84969,84,220,16,288
2025-01-31,84969,288,0,16,272
2025-02-01,84969,272,0,19,253
2025-02-02,84969,253,0,18,235
2025-02-03,84969,235,0,15,220
2025-02-04,84969,220,0,13,207
2025-02-05,84969,207,0,15,192
2025-02-06,84969,192,0,15,177
2025-02-07,84969,177,0,17,160
2025-02-08,84969,160,0,17,143
2025-02-09,84969,143,0,16,127
2025-02-10,84969,127,0,14,113
2025-02-11,84969,113,0,14,99
2025-02-12,84969,99,0,15,84
2025-02-13,84969,84,0,14,70
2025-02-14,84969,70,224,15,279
2025-02-15,84969,279,0,17,262
2025-02-16,84969,262,0,17,245
2025-02-17,84969,245,0,12,233
2025-02-18,84969,233,0,14,219
2025-02-19,84969,219,0,14,205
2025-02-20,84969,205,0,16,189
2025-02-21,84969,189,0,15,174
2025-02-22,84969,174,0,18,156
2025-02-23,84969,156,0,16,140
2025-02-24,84969,140,0,14,126
2025-02-25,84969,126,0,15,111
2025-02-26,84969,111,0,14,97
2025-02-27,84969,97,0,13,84
2025-02-28,84969,84,214,17,281
2025-03-01,84969,281,0,19,262
2025-03-02,84969,262,0,18,244
2025-03-03,84969,244,0,13,231
2025-03-04,84969,231,0,13,218
2025-03-05,84969,218,0,15,203
2025-03-06,84969,203,0,14,189
2025-03-07,84969,189,0,16,173
2025-03-08,84969,173,0,18,155
2025-03-09,84969,155,0,17,138
2025-03-10,84969,138,0,13,125
2025-03-11,84969,125,0,14,111
2025-03-12,84969,111,0,13,98
2025-03-13,84969,98,0,14,84
2025-03-14,84969,84,208,16,276
2025-03-15,84969,276,0,18,258
2025-03-16,84969,258,0,17,241
2025-03-17,84969,241,0,14,227
2025-03-18,84969,227,0,12,215
2025-03-19,84969,215,0,15,200
2025-03-20,84969,200,0,15,185
2025-03-21,84969,185,0,15,170
2025-03-22,84969,170,0,17,153
2025-03-23,84969,153,0,15,138
2025-03-24,84969,138,0,14,124
2025-03-25,84969,124,0,12,112
2025-03-26,84969,112,0,15,97
2025-03-27,84969,97,0,13,84
2025-03-28,84969,84,203,16,271
2025-03-29,84969,271,0,17,254
2025-03-30,84969,254,0,15,239
2025-03-31,84969,239,0,12,227
2025-04-01,84969,227,0,14,213
2025-04-02,84969,213,0,15,198
2025-04-03,84969,198,0,13,185
2025-04-04,84969,185,0,15,170
2025-04-05,84969,170,0,18,152
2025-04-06,84969,152,0,17,135
2025-04-07,84969,135,0,12,123
2025-04-08,84969,123,0,12,111
2025-04-09,84969,111,0,14,97
2025-04-10,84969,97,0,13,84
2025-04-11,84969,84,0,14,70
2025-04-12,84969,70,213,17,266
2025-04-13,84969,266,0,15,251
2025-04-14,84969,251,0,13,238
2025-04-15,84969,238,0,14,224
2025-04-16,84969,224,0,12,212
2025-04-17,84969,212,0,14,198
2025-04-18,84969,198,0,14,184
2025-04-19,84969,184,0,17,167
2025-04-20,84969,167,0,15,152
2025-04-21,84969,152,0,13,139
2025-04-22,84969,139,0,12,127
2025-04-23,84969,127,0,14,113
2025-04-24,84969,113,0,13,100
2025-04-25,84969,100,0,16,84
2025-04-26,84969,84,197,17,264
2025-04-27,84969,264,0,16,248
2025-04-28,84969,248,0,14,234
2025-04-29,84969,234,0,13,221
2025-04-30,84969,221,0,12,209
2025-05-01,84969,209,0,12,197
2025-05-02,84969,197,0,14,183
2025-05-03,84969,183,0,18,165
2025-05-04,84969,165,0,16,149
2025-05-05,84969,149,0,13,136
2025-05-06,84969,136,0,12,124
2025-05-07,84969,124,0,13,111
2025-05-08,84969,111,0,13,98
2025-05-09,84969,98,0,14,84
2025-05-10,84969,84,198,17,265
2025-05-11,84969,265,0,17,248
2025-05-12,84969,248,0,13,235
2025-05-13,84969,235,0,13,222
2025-05-14,84969,222,0,12,210
2025-05-15,84969,210,0,15,195
2025-05-16,84969,195,0,15,180
2025-05-17,84969,180,0,16,164
2025-05-18,84969,164,0,15,149
2025-05-19,84969,149,0,13,136
2025-05-20,84969,136,0,12,124
2025-05-21,84969,124,0,13,111
2025-05-22,84969,111,0,13,98
2025-05-23,84969,98,0,14,84
2025-05-24,84969,84,192,15,261
2025-05-25,84969,261,0,15,246
2025-05-26,84969,246,0,12,234
2025-05-27,84969,234,0,12,222
2025-05-28,84969,222,0,12,210
2025-05-29,84969,210,0,13,197
2025-05-30,84969,197,0,14,183
2025-05-31,84969,183,0,17,166
2025-06-01,84969,166,0,15,151
2025-06-02,84969,151,0,13,138
2025-06-03,84969,138,0,14,124
2025-06-04,84969,124,0,13,111
2025-06-05,84969,111,0,12,99
2025-06-06,84969,99,0,15,84
2025-06-07,84969,84,189,16,257
2025-06-08,84969,257,0,14,243
2025-06-09,84969,243,0,12,231
2025-06-10,84969,231,0,13,218
2025-06-11,84969,218,0,12,206
2025-06-12,84969,206,0,12,194
2025-06-13,84969,194,0,13,181
2025-06-14,84969,181,0,15,166
2025-06-15,84969,166,0,16,150
2025-06-16,84969,150,0,11,139
2025-06-17,84969,139,0,12,127
2025-06-18,84969,127,0,14,113
2025-06-19,84969,113,0,14,99
2025-06-20,84969,99,0,15,84
2025-06-21,84969,84,196,17,263
2025-06-22,84969,263,0,17,246
2025-06-23,84969,246,0,13,233
2025-06-24,84969,233,0,12,221
2025-06-25,84969,221,0,12,209
2025-06-26,84969,209,0,14,195
2025-06-27,84969,195,0,14,181
2025-06-28,84969,181,0,17,164
2025-06-29,84969,164,0,16,148
2025-06-30,84969,148,0,12,136
2025-07-01,84969,136,0,13,123
2025-07-02,84969,123,0,12,111
2025-07-03,84969,111,0,13,98
2025-07-04,84969,98,0,14,84
2025-07-05,84969,84,197,17,264
2025-07-06,84969,264,0,15,249
2025-07-07,84969,249,0,11,238
2025-07-08,84969,238,0,12,226
2025-07-09,84969,226,0,13,213
2025-07-10,84969,213,0,15,198
2025-07-11,84969,198,0,15,183
2025-07-12,84969,183,0,16,167
2025-07-13,84969,167,0,16,151
2025-07-14,84969,151,0,13,138
2025-07-15,84969,138,0,12,126
2025-07-16,84969,126,0,14,112
2025-07-17,84969,112,0,14,98
2025-07-18,84969,98,0,14,84
2025-07-19,84969,84,204,15,273
2025-07-20,84969,273,0,16,257
2025-07-21,84969,257,0,12,245
2025-07-22,84969,245,0,13,232
2025-07-23,84969,232,0,14,218
2025-07-24,84969,218,0,15,203
2025-07-25,84969,203,0,14,189
2025-07-26,84969,189,0,16,173
2025-07-27,84969,173,0,17,156
2025-07-28,84969,156,0,14,142
2025-07-29,84969,142,0,14,128
2025-07-30,84969,128,0,15,113
2025-07-31,84969,113,0,14,99
2025-08-01,84969,99,0,15,84
2025-08-02,84969,84,198,18,264
2025-08-03,84969,264,0,16,248
2025-08-04,84969,248,0,12,236
2025-08-05,84969,236,0,12,224
2025-08-06,84969,224,0,14,210
2025-08-07,84969,210,0,13,197
2025-08-08,84969,197,0,14,183
2025-08-09,84969,183,0,15,168
2025-08-10,84969,168,0,16,152
2025-08-11,84969,152,0,14,138
2025-08-12,84969,138,0,13,125
2025-08-13,84969,125,0,13,112
2025-08-14,84969,112,0,13,99
2025-08-15,84969,99,0,15,84
2025-08-16,84969,84,203,17,270
2025-08-17,84969,270,0,15,255
2025-08-18,84969,255,0,12,243
2025-08-19,84969,243,0,13,230
2025-08-20,84969,230,0,14,216
2025-08-21,84969,216,0,15,201
2025-08-22,84969,201,0,16,185
2025-08-23,84969,185,0,18,167
2025-08-24,84969,167,0,15,152
2025-08-25,84969,152,0,12,140
2025-08-26,84969,140,0,13,127
2025-08-27,84969,127,0,14,113
2025-08-28,84969,113,0,14,99
2025-08-29,84969,99,0,15,84
2025-08-30,84969,84,205,16,273
2025-08-31,84969,273,0,17,256
2025-09-01,84969,256,0,14,242
2025-09-02,84969,242,0,12,230
2025-09-03,84969,230,0,13,217
2025-09-04,84969,217,0,14,203
2025-09-05,84969,203,0,15,188
2025-09-06,84969,188,0,18,170
2025-09-07,84969,170,0,16,154
2025-09-08,84969,154,0,12,142
2025-09-09,84969,142,0,14,128
2025-09-10,84969,128,0,13,115
2025-09-11,84969,115,0,15,100
2025-09-12,84969,100,0,16,84
2025-09-13,84969,84,208,16,276
2025-09-14,84969,276,0,17,259
2025-09-15,84969,259,0,13,246
2025-09-16,84969,246,0,14,232
2025-09-17,84969,232,0,14,218
2025-09-18,84969,218,0,13,205
2025-09-19,84969,205,0,15,190
2025-09-20,84969,190,0,18,172
2025-09-21,84969,172,0,18,154
2025-09-22,84969,154,0,13,141
2025-09-23,84969,141,0,13,128
2025-09-24,84969,128,0,14,114
2025-09-25,84969,114,0,14,100
2025-09-26,84969,100,0,16,84
2025-09-27,84969,84,212,18,278
2025-09-28,84969,278,0,16,262
2025-09-29,84969,262,0,14,248
2025-09-30,84969,248,0,13,235
2025-10-01,84969,235,0,15,220
2025-10-02,84969,220,0,14,206
2025-10-03,84969,206,0,15,191
2025-10-04,84969,191,0,17,174
2025-10-05,84969,174,0,16,158
2025-10-06,84969,158,0,13,145
2025-10-07,84969,145,0,15,130
2025-10-08,84969,130,0,14,116
2025-10-09,84969,116,0,16,100
2025-10-10,84969,100,0,16,84
2025-10-11,84969,84,218,19,283
2025-10-12,84969,283,0,16,267
2025-10-13,84969,267,0,14,253
2025-10-14,84969,253,0,13,240
2025-10-15,84969,240,0,15,225
2025-10-16,84969,225,0,16,209
2025-10-17,84969,209,0,15,194
2025-10-18,84969,194,0,18,176
2025-10-19,84969,176,0,18,158
2025-10-20,84969,158,0,14,144
2025-10-21,84969,144,0,14,130
2025-10-22,84969,130,0,15,115
2025-10-23,84969,115,0,15,100
2025-10-24,84969,100,0,16,84
2025-10-25,84969,84,218,17,285
2025-10-26,84969,285,0,17,268
2025-10-27,84969,268,0,14,254
2025-10-28,84969,254,0,14,240
2025-10-29,84969,240,0,16,224
2025-10-30,84969,224,0,16,208
2025-10-31,84969,208,0,15,193
2025-11-01,84969,193,0,17,176
2025-11-02,84969,176,0,18,158
2025-11-03,84969,158,0,13,145
2025-11-04,84969,145,0,15,130
2025-11-05,84969,130,0,15,115
2025-11-06,84969,115,0,16,99
2025-11-07,84969,99,0,15,84
2025-11-08,84969,84,219,19,284
2025-11-09,84969,284,0,18,266
2025-11-10,84969,266,0,15,251
2025-11-11,84969,251,0,13,238
2025-11-12,84969,238,0,14,224
2025-11-13,84969,224,0,15,209
2025-11-14,84969,209,0,17,192
2025-11-15,84969,192,0,17,175
2025-11-16,84969,175,0,18,157
2025-11-17,84969,157,0,14,143
2025-11-18,84969,143,0,14,129
2025-11-19,84969,129,0,16,113
2025-11-20,84969,113,0,14,99
2025-11-21,84969,99,0,15,84
2025-11-22,84969,84,227,19,292
2025-11-23,84969,292,0,18,274
2025-11-24,84969,274,0,15,259
2025-11-25,84969,259,0,16,243
2025-11-26,84969,243,0,16,227
2025-11-27,84969,227,0,14,213
2025-11-28,84969,213,0,16,197
2025-11-29,84969,197,0,19,178
2025-11-30,84969,178,0,17,161
2025-12-01,84969,161,0,14,147
2025-12-02,84969,147,0,16,131
2025-12-03,84969,131,0,14,117
2025-12-04,84969,117,0,16,101
2025-12-05,84969,101,0,17,84
2025-12-06,84969,84,223,17,290
2025-12-07,84969,290,0,19,271
2025-12-08,84969,271,0,15,256
2025-12-09,84969,256,0,14,242
2025-12-10,84969,242,0,14,228
2025-12-11,84969,228,0,16,212
2025-12-12,84969,212,0,16,196
2025-12-13,84969,196,0,20,176
2025-12-14,84969,176,0,17,159
2025-12-15,84969,159,0,14,145
2025-12-16,84969,145,0,15,130
2025-12-17,84969,130,0,14,116
2025-12-18,84969,116,0,16,100
2025-12-19,84969,100,0,16,84
2025-12-20,84969,84,223,18,289
2025-12-21,84969,289,0,18,271
2025-12-22,84969,271,0,14,257
2025-12-23,84969,257,0,15,242
2025-12-24,84969,242,0,14,228
2025-12-25,84969,228,0,15,213
2025-12-26,84969,213,0,17,196
2025-12-27,84969,196,0,19,177
2025-12-28,84969,177,0,17,160
2025-12-29,84969,160,0,13,147
2025-12-30,84969,147,0,15,132
2025-12-31,84969,132,0,16,116
2026-01-01,84969,116,0,16,100
2026-01-02,84969,100,0,16,84
2026-01-03,84969,84,221,18,287
2026-01-04,84969,287,0,17,270
2026-01-05,84969,270,0,14,256
2026-01-06,84969,256,0,14,242
2026-01-07,84969,242,0,16,226
2026-01-08,84969,226,0,14,212
2026-01-09,84969,212,0,18,194
2026-01-10,84969,194,0,19,175
2026-01-11,84969,175,0,16,159
2026-01-12,84969,159,0,14,145
2026-01-13,84969,145,0,13,132
2026-01-14,84969,132,0,15,117
2026-01-15,84969,117,0,16,101
2026-01-16,84969,101,0,17,84
2026-01-17,84969,84,220,19,285
2026-01-18,84969,285,0,17,268
2026-01-19,84969,268,0,14,254
2026-01-20,84969,254,0,15,239
2026-01-21,84969,239,0,14,225
2026-01-22,84969,225,0,15,210
2026-01-23,84969,210,0,16,194
2026-01-24,84969,194,0,19,175
2026-01-25,84969,175,0,18,157
2026-01-26,84969,157,0,13,144
2026-01-27,84969,144,0,14,130
2026-01-28,84969,130,0,14,116
2026-01-29,84969,116,0,16,100
2026-01-30,84969,100,0,16,84
2026-01-31,84969,84,214,17,281
2026-02-01,84969,281,0,18,263
2026-02-02,84969,263,0,13,250
2026-02-03,84969,250,0,14,236
2026-02-04,84969,236,0,14,222
2026-02-05,84969,222,0,14,208
2026-02-06,84969,208,0,15,193
2026-02-07,84969,193,0,18,175
2026-02-08,84969,175,0,18,157
2026-02-09,84969,157,0,13,144
2026-02-10,84969,144,0,15,129
2026-02-11,84969,129,0,14,115
2026-02-12,84969,115,0,16,99
2026-02-13,84969,99,0,15,84
2026-02-14,84969,84,215,18,281
2026-02-15,84969,281,0,18,263
2026-02-16,84969,263,0,14,249
2026-02-17,84969,249,0,14,235
2026-02-18,84969,235,0,15,220
2026-02-19,84969,220,0,14,206
2026-02-20,84969,206,0,17,189
2026-02-21,84969,189,0,17,172
2026-02-22,84969,172,0,18,154
2026-02-23,84969,154,0,13,141
2026-02-24,84969,141,0,14,127
2026-02-25,84969,127,0,13,114
2026-02-26,84969,114,0,15,99
2026-02-27,84969,99,0,15,84
2026-02-28,84969,84,210,18,276
2026-03-01,84969,276,0,18,258
2026-03-02,84969,258,0,13,245
2026-03-03,84969,245,0,14,231
2026-03-04,84969,231,0,14,217
2026-03-05,84969,217,0,13,204
2026-03-06,84969,204,0,15,189
2026-03-07,84969,189,0,17,172
2026-03-08,84969,172,0,16,156
2026-03-09,84969,156,0,14,142
2026-03-10,84969,142,0,15,127
2026-03-11,84969,127,0,14,113
2026-03-12,84969,113,0,13,100
2026-03-13,84969,100,0,16,84
2026-03-14,84969,84,209,18,275
2026-03-15,84969,275,0,18,257
2026-03-16,84969,257,0,14,243
2026-03-17,84969,243,0,13,230
2026-03-18,84969,230,0,15,215
2026-03-19,84969,215,0,13,202
2026-03-20,84969,202,0,16,186
2026-03-21,84969,186,0,17,169
2026-03-22,84969,169,0,15,154
2026-03-23,84969,154,0,12,142
2026-03-24,84969,142,0,14,128
2026-03-25,84969,128,0,15,113
2026-03-26,84969,113,0,14,99
2026-03-27,84969,99,0,15,84
2026-03-28,84969,84,206,17,273
2026-03-29,84969,273,0,17,256
2026-03-30,84969,256,0,14,242
2026-03-31,84969,242,0,14,228
2026-04-01,84969,228,0,14,214
2026-04-02,84969,214,0,15,199
2026-04-03,84969,199,0,16,183
2026-04-04,84969,183,0,18,165
2026-04-05,84969,165,0,16,149
2026-04-06,84969,149,0,12,137
2026-04-07,84969,137,0,13,124
2026-04-08,84969,124,0,13,111
2026-04-09,84969,111,0,13,98
2026-04-10,84969,98,0,14,84
2026-04-11,84969,84,201,17,268
2026-04-12,84969,268,0,17,251
2026-04-13,84969,251,0,14,237
2026-04-14,84969,237,0,14,223
2026-04-15,84969,223,0,13,210
2026-04-16,84969,210,0,13,197
2026-04-17,84969,197,0,14,183
2026-04-18,84969,183,0,17,166
2026-04-19,84969,166,0,15,151
2026-04-20,84969,151,0,11,140
2026-04-21,84969,140,0,13,127
2026-04-22,84969,127,0,13,114
2026-04-23,84969,114,0,15,99
2026-04-24,84969,99,0,15,84
2026-04-25,84969,84,198,16,266
2026-04-26,84969,266,0,16,250
2026-04-27,84969,250,0,14,236
2026-04-28,84969,236,0,14,222
2026-04-29,84969,222,0,12,210
2026-04-30,84969,210,0,13,197
2026-05-01,84969,197,0,15,182
2026-05-02,84969,182,0,16,166
2026-05-03,84969,166,0,15,151
2026-05-04,84969,151,0,13,138
2026-05-05,84969,138,0,13,125
2026-05-06,84969,125,0,13,112
2026-05-07,84969,112,0,14,98
2026-05-08,84969,98,0,14,84
2026-05-09,84969,84,199,16,267
2026-05-10,84969,267,0,16,251
2026-05-11,84969,251,0,12,239
2026-05-12,84969,239,0,14,225
2026-05-13,84969,225,0,13,212
2026-05-14,84969,212,0,14,198
2026-05-15,84969,198,0,13,185
2026-05-16,84969,185,0,17,168
2026-05-17,84969,168,0,16,152
2026-05-18,84969,152,0,12,140
2026-05-19,84969,140,0,14,126
2026-05-20,84969,126,0,13,113
2026-05-21,84969,113,0,14,99
2026-05-22,84969,99,0,15,84
2026-05-23,84969,84,198,17,265
2026-05-24,84969,265,0,17,248
2026-05-25,84969,248,0,14,234
2026-05-26,84969,234,0,14,220
2026-05-27,84969,220,0,12,208
2026-05-28,84969,208,0,13,195
2026-05-29,84969,195,0,15,180
2026-05-30,84969,180,0,16,164
2026-05-31,84969,164,0,14,150
2026-06-01,84969,150,0,12,138
2026-06-02,84969,138,0,12,126
2026-06-03,84969,126,0,13,113
2026-06-04,84969,113,0,14,99
2026-06-05,84969,99,0,15,84
2026-06-06,84969,84,198,16,266
2026-06-07,84969,266,0,16,250
2026-06-08,84969,250,0,11,239
2026-06-09,84969,239,0,14,225
2026-06-10,84969,225,0,12,213
2026-06-11,84969,213,0,14,199
2026-06-12,84969,199,0,16,183
2026-06-13,84969,183,0,17,166
2026-06-14,84969,166,0,16,150
2026-06-15,84969,150,0,13,137
2026-06-16,84969,137,0,13,124
2026-06-17,84969,124,0,13,111
2026-06-18,84969,111,0,14,97
2026-06-19,84969,97,0,13,84
2026-06-20,84969,84,191,17,258
2026-06-21,84969,258,0,14,244
2026-06-22,84969,244,0,11,233
2026-06-23,84969,233,0,12,221
2026-06-24,84969,221,0,13,208
2026-06-25,84969,208,0,13,195
2026-06-26,84969,195,0,15,180
2026-06-27,84969,180,0,15,165
2026-06-28,84969,165,0,16,149
2026-06-29,84969,149,0,12,137
2026-06-30,84969,137,0,12,125
2026-07-01,84969,125,0,12,113
2026-07-02,84969,113,0,14,99
2026-07-03,84969,99,0,15,84
2026-07-04,84969,84,193,16,261
2026-07-05,84969,261,0,15,246
2026-07-06,84969,246,0,13,233
2026-07-07,84969,233,0,12,221
2026-07-08,84969,221,0,13,208
2026-07-09,84969,208,0,14,194
2026-07-10,84969,194,0,14,180
2026-07-11,84969,180,0,17,163
2026-07-12,84969,163,0,16,147
2026-07-13,84969,147,0,12,135
2026-07-14,84969,135,0,12,123
2026-07-15,84969,123,0,13,110
2026-07-16,84969,110,0,13,97
2026-07-17,84969,97,0,13,84
2026-07-18,84969,84,200,16,268
2026-07-19,84969,268,0,17,251
2026-07-20,84969,251,0,14,237
2026-07-21,84969,237,0,12,225
2026-07-22,84969,225,0,14,211
2026-07-23,84969,211,0,13,198
2026-07-24,84969,198,0,16,182
2026-07-25,84969,182,0,16,166
2026-07-26,84969,166,0,15,151
2026-07-27,84969,151,0,12,139
2026-07-28,84969,139,0,13,126
2026-07-29,84969,126,0,14,112
2026-07-30,84969,112,0,14,98
2026-07-31,84969,98,0,14,84
2026-08-01,84969,84,202,16,270
2026-08-02,84969,270,0,17,253
2026-08-03,84969,253,0,13,240
2026-08-04,84969,240,0,13,227
2026-08-05,84969,227,0,15,212
2026-08-06,84969,212,0,13,199
2026-08-07,84969,199,0,16,183
2026-08-08,84969,183,0,16,167
2026-08-09,84969,167,0,15,152
2026-08-10,84969,152,0,14,138
2026-08-11,84969,138,0,13,125
2026-08-12,84969,125,0,14,111
2026-08-13,84969,111,0,13,98
2026-08-14,84969,98,0,14,84
2026-08-15,84969,84,135,18,201
2026-08-16,84969,201,0,17,184
2026-08-17,84969,184,0,12,172
2026-08-18,84969,172,0,14,158
2026-08-19,84969,158,0,14,144
2026-08-20,84969,144,0,13,131
2026-08-21,84969,131,0,14,117
2026-08-22,84969,117,0,16,101
2026-08-23,84969,101,0,17,84
2026-08-24,84969,84,277,13,348
2026-08-25,84969,348,0,13,335
2026-08-26,84969,335,0,14,321
2026-08-27,84969,321,0,13,308
2026-08-28,84969,308,0,16,292
2026-08-29,84969,292,0,17,275
2026-08-30,84969,275,0,15,260
2026-08-31,84969,260,0,12,248
2026-09-01,84969,248,0,13,235
2026-09-02,84969,235,0,14,221
2026-09-03,84969,221,0,15,206
2026-09-04,84969,206,0,16,190
2026-09-05,84969,190,0,16,174
2026-09-06,84969,174,0,17,157
2026-09-07,84969,157,0,12,145
2026-09-08,84969,145,0,13,132
2026-09-09,84969,132,0,13,119
2026-09-10,84969,119,0,14,105
2026-09-11,84969,105,0,14,91
2026-09-12,84969,91,0,18,73
2026-09-13,84969,73,0,15,58
2024-09-14,22623,521,0,21,500
2024-09-15,22623,500,0,19,481
2024-09-16,22623,481,0,17,464
2024-09-17,22623,464,0,15,449
2024-09-18,22623,449,0,17,432
2024-09-19,22623,432,0,17,415
2024-09-20,22623,415,0,20,395
2024-09-21,22623,395,0,22,373
2024-09-22,22623,373,0,20,353
2024-09-23,22623,353,0,16,337
2024-09-24,22623,337,0,17,320
2024-09-25,22623,320,0,18,302
2024-09-26,22623,302,0,18,284
2024-09-27,22623,284,0,19,265
2024-09-28,22623,265,0,20,245
2024-09-29,22623,245,0,22,223
2024-09-30,22623,223,0,17,206
2024-10-01,22623,206,0,16,190
2024-10-02,22623,190,0,18,172
2024-10-03,22623,172,0,18,154
2024-10-04,22623,154,0,18,136
2024-10-05,22623,136,0,21,115
2024-10-06,22623,115,0,20,95
2024-10-07,22623,95,271,17,349
2024-10-08,22623,349,0,18,331
2024-10-09,22623,331,0,18,313
2024-10-10,22623,313,0,18,295
2024-10-11,22623,295,0,20,275
2024-10-12,22623,275,0,21,254
2024-10-13,22623,254,0,20,234
2024-10-14,22623,234,0,17,217
2024-10-15,22623,217,0,18,199
2024-10-16,22623,199,0,17,182
2024-10-17,22623,182,0,17,165
2024-10-18,22623,165,0,19,146
2024-10-19,22623,146,0,23,123
2024-10-20,22623,123,0,21,102
2024-10-21,22623,102,0,17,85
2024-10-22,22623,85,284,16,353
2024-10-23,22623,353,0,17,336
2024-10-24,22623,336,0,19,317
2024-10-25,22623,317,0,20,297
2024-10-26,22623,297,0,23,274
2024-10-27,22623,274,0,21,253
2024-10-28,22623,253,0,17,236
2024-10-29,22623,236,0,18,218
2024-10-30,22623,218,0,18,200
2024-10-31,22623,200,0,17,183
2024-11-01,22623,183,0,20,163
2024-11-02,22623,163,0,23,140
2024-11-03,22623,140,0,21,119
2024-11-04,22623,119,0,17,102
2024-11-05,22623,102,0,17,85
2024-11-06,22623,85,280,17,348
2024-11-07,22623,348,0,18,330
2024-11-08,22623,330,0,19,311
2024-11-09,22623,311,0,21,290
2024-11-10,22623,290,0,21,269
2024-11-11,22623,269,0,16,253
2024-11-12,22623,253,0,17,236
2024-11-13,22623,236,0,18,218
2024-11-14,22623,218,0,18,200
2024-11-15,22623,200,0,20,180
2024-11-16,22623,180,0,23,157
2024-11-17,22623,157,0,21,136
2024-11-18,22623,136,0,17,119
2024-11-19,22623,119,0,17,102
2024-11-20,22623,102,272,18,356
2024-11-21,22623,356,0,18,338
2024-11-22,22623,338,0,19,319
2024-11-23,22623,319,0,23,296
2024-11-24,22623,296,0,21,275
2024-11-25,22623,275,0,17,258
2024-11-26,22623,258,0,18,240
2024-11-27,22623,240,0,19,221
2024-11-28,22623,221,0,18,203
2024-11-29,22623,203,0,20,183
2024-11-30,22623,183,0,23,160
2024-12-01,22623,160,0,22,138
2024-12-02,22623,138,0,17,121
2024-12-03,22623,121,0,19,102
2024-12-04,22623,102,268,18,352
2024-12-05,22623,352,0,19,333
2024-12-06,22623,333,0,19,314
2024-12-07,22623,314,0,22,292
2024-12-08,22623,292,0,21,271
2024-12-09,22623,271,0,16,255
2024-12-10,22623,255,0,18,237
2024-12-11,22623,237,0,19,218
2024-12-12,22623,218,0,20,198
2024-12-13,22623,198,0,20,178
2024-12-14,22623,178,0,22,156
2024-12-15,22623,156,0,21,135
2024-12-16,22623,135,0,17,118
2024-12-17,22623,118,0,16,102
2024-12-18,22623,102,273,19,356
2024-12-19,22623,356,0,19,337
2024-12-20,22623,337,0,19,318
2024-12-21,22623,318,0,23,295
2024-12-22,22623,295,0,22,273
2024-12-23,22623,273,0,18,255
2024-12-24,22623,255,0,17,238
2024-12-25,22623,238,0,18,220
2024-12-26,22623,220,0,18,202
2024-12-27,22623,202,0,21,181
2024-12-28,22623,181,0,23,158
2024-12-29,22623,158,0,23,135
2024-12-30,22623,135,0,16,119
2024-12-31,22623,119,0,17,102
2025-01-01,22623,102,273,19,356
2025-01-02,22623,356,0,18,338
2025-01-03,22623,338,0,21,317
2025-01-04,22623,317,0,23,294
2025-01-05,22623,294,0,21,273
2025-01-06,22623,273,0,18,255
2025-01-07,22623,255,0,18,237
2025-01-08,22623,237,0,18,219
2025-01-09,22623,219,0,19,200
2025-01-10,22623,200,0,19,181
2025-01-11,22623,181,0,23,158
2025-01-12,22623,158,0,22,136
2025-01-13,22623,136,0,16,120
2025-01-14,22623,120,0,18,102
2025-01-15,22623,102,272,19,355
2025-01-16,22623,355,0,19,336
2025-01-17,22623,336,0,20,316
2025-01-18,22623,316,0,23,293
2025-01-19,22623,293,0,22,271
2025-01-20,22623,271,0,18,253
2025-01-21,22623,253,0,17,236
2025-01-22,22623,236,0,17,219
2025-01-23,22623,219,0,20,199
2025-01-24,22623,199,0,20,179
2025-01-25,22623,179,0,23,156
2025-01-26,22623,156,0,21,135
2025-01-27,22623,135,0,16,119
2025-01-28,22623,119,0,17,102
2025-01-29,22623,102,264,18,348
2025-01-30,22623,348,0,19,329
2025-01-31,22623,329,0,20,309
2025-02-01,22623,309,0,22,287
2025-02-02,22623,287,0,20,267
2025-02-03,22623,267,0,17,250
2025-02-04,22623,250,0,16,234
2025-02-05,22623,234,0,17,217
2025-02-06,22623,217,0,18,199
2025-02-07,22623,199,0,19,180
2025-02-08,22623,180,0,22,158
2025-02-09,22623,158,0,21,137
2025-02-10,22623,137,0,17,120
2025-02-11,22623,120,0,18,102
2025-02-12,22623,102,0,17,85
2025-02-13,22623,85,277,17,345
2025-02-14,22623,345,0,20,325
2025-02-15,22623,325,0,21,304
2025-02-16,22623,304,0,22,282
2025-02-17,22623,282,0,17,265
2025-02-18,22623,265,0,17,248
2025-02-19,22623,248,0,19,229
2025-02-20,22623,229,0,18,211
2025-02-21,22623,211,0,19,192
2025-02-22,22623,192,0,21,171
2025-02-23,22623,171,0,20,151
2025-02-24,22623,151,0,17,134
2025-02-25,22623,134,0,16,118
2025-02-26,22623,118,0,16,102
2025-02-27,22623,102,0,17,85
2025-02-28,22623,85,275,18,342
2025-03-01,22623,342,0,21,321
2025-03-02,22623,321,0,21,300
2025-03-03,22623,300,0,15,285
2025-03-04,22623,285,0,16,269
2025-03-05,22623,269,0,18,251
2025-03-06,22623,251,0,19,232
2025-03-07,22623,232,0,19,213
2025-03-08,22623,213,0,22,191
2025-03-09,22623,191,0,19,172
2025-03-10,22623,172,0,17,155
2025-03-11,22623,155,0,17,138
2025-03-12,22623,138,0,18,120
2025-03-13,22623,120,0,18,102
2025-03-14,22623,102,253,20,335
2025-03-15,22623,335,0,21,314
2025-03-16,22623,314,0,21,293
2025-03-17,22623,293,0,16,277
2025-03-18,22623,277,0,16,261
2025-03-19,22623,261,0,16,245
2025-03-20,22623,245,0,18,227
2025-03-21,22623,227,0,19,208
2025-03-22,22623,208,0,21,187
2025-03-23,22623,187,0,19,168
2025-03-24,22623,168,0,17,151
2025-03-25,22623,151,0,15,136
2025-03-26,22623,136,0,16,120
2025-03-27,22623,120,0,18,102
2025-03-28,22623,102,249,19,332
2025-03-29,22623,332,0,21,311
2025-03-30,22623,311,0,20,291
2025-03-31,22623,291,0,16,275
2025-04-01,22623,275,0,15,260
2025-04-02,22623,260,0,17,243
2025-04-03,22623,243,0,18,225
2025-04-04,22623,225,0,18,207
2025-04-05,22623,207,0,20,187
2025-04-06,22623,187,0,20,167
2025-04-07,22623,167,0,16,151
2025-04-08,22623,151,0,16,135
2025-04-09,22623,135,0,17,118
2025-04-10,22623,118,0,16,102
2025-04-11,22623,102,0,17,85
2025-04-12,22623,85,263,21,327
2025-04-13,22623,327,0,19,308
2025-04-14,22623,308,0,16,292
2025-04-15,22623,292,0,16,276
2025-04-16,22623,276,0,16,260
2025-04-17,22623,260,0,17,243
2025-04-18,22623,243,0,18,225
2025-04-19,22623,225,0,20,205
2025-04-20,22623,205,0,18,187
2025-04-21,22623,187,0,16,171
2025-04-22,22623,171,0,16,155
2025-04-23,22623,155,0,17,138
2025-04-24,22623,138,0,17,121
2025-04-25,22623,121,0,19,102
2025-04-26,22623,102,240,21,321
2025-04-27,22623,321,0,18,303
2025-04-28,22623,303,0,15,288
2025-04-29,22623,288,0,16,272
2025-04-30,22623,272,0,16,256
2025-05-01,22623,256,0,17,239
2025-05-02,22623,239,0,19,220
2025-05-03,22623,220,0,20,200
2025-05-04,22623,200,0,20,180
2025-05-05,22623,180,0,14,166
2025-05-06,22623,166,0,16,150
2025-05-07,22623,150,0,15,135
2025-05-08,22623,135,0,16,119
2025-05-09,22623,119,0,17,102
2025-05-10,22623,102,240,20,322
2025-05-11,22623,322,0,20,302
2025-05-12,22623,302,0,14,288
2025-05-13,22623,288,0,16,272
2025-05-14,22623,272,0,17,255
2025-05-15,22623,255,0,16,239
2025-05-16,22623,239,0,18,221
2025-05-17,22623,221,0,20,201
2025-05-18,22623,201,0,20,181
2025-05-19,22623,181,0,15,166
2025-05-20,22623,166,0,15,151
2025-05-21,22623,151,0,16,135
2025-05-22,22623,135,0,16,119
2025-05-23,22623,119,0,17,102
2025-05-24,22623,102,239,20,321
2025-05-25,22623,321,0,19,302
2025-05-26,22623,302,0,14,288
2025-05-27,22623,288,0,16,272
2025-05-28,22623,272,0,17,255
2025-05-29,22623,255,0,17,238
2025-05-30,22623,238,0,19,219
2025-05-31,22623,219,0,20,199
2025-06-01,22623,199,0,19,180
2025-06-02,22623,180,0,14,166
2025-06-03,22623,166,0,16,150
2025-06-04,22623,150,0,15,135
2025-06-05,22623,135,0,15,120
2025-06-06,22623,120,0,18,102
2025-06-07,22623,102,241,20,323
2025-06-08,22623,323,0,18,305
2025-06-09,22623,305,0,16,289
2025-06-10,22623,289,0,16,273
2025-06-11,22623,273,0,16,257
2025-06-12,22623,257,0,17,240
2025-06-13,22623,240,0,17,223
2025-06-14,22623,223,0,19,204
2025-06-15,22623,204,0,20,184
2025-06-16,22623,184,0,16,168
2025-06-17,22623,168,0,15,153
2025-06-18,22623,153,0,16,137
2025-06-19,22623,137,0,17,120
2025-06-20,22623,120,0,18,102
2025-06-21,22623,102,236,19,319
2025-06-22,22623,319,0,19,300
2025-06-23,22623,300,0,14,286
2025-06-24,22623,286,0,16,270
2025-06-25,22623,270,0,15,255
2025-06-26,22623,255,0,17,238
2025-06-27,22623,238,0,18,220
2025-06-28,22623,220,0,21,199
2025-06-29,22623,199,0,19,180
2025-06-30,22623,180,0,15,165
2025-07-01,22623,165,0,15,150
2025-07-02,22623,150,0,15,135
2025-07-03,22623,135,0,16,119
2025-07-04,22623,119,0,17,102
2025-07-05,22623,102,243,19,326
2025-07-06,22623,326,0,20,306
2025-07-07,22623,306,0,16,290
2025-07-08,22623,290,0,16,274
2025-07-09,22623,274,0,16,258
2025-07-10,22623,258,0,17,241
2025-07-11,22623,241,0,18,223
2025-07-12,22623,223,0,21,202
2025-07-13,22623,202,0,18,184
2025-07-14,22623,184,0,15,169
2025-07-15,22623,169,0,15,154
2025-07-16,22623,154,0,17,137
2025-07-17,22623,137,0,17,120
2025-07-18,22623,120,0,18,102
2025-07-19,22623,102,237,20,319
2025-07-20,22623,319,0,18,301
2025-07-21,22623,301,0,16,285
2025-07-22,22623,285,0,17,268
2025-07-23,22623,268,0,15,253
2025-07-24,22623,253,0,16,237
2025-07-25,22623,237,0,17,220
2025-07-26,22623,220,0,19,201
2025-07-27,22623,201,0,19,182
2025-07-28,22623,182,0,14,168
2025-07-29,22623,168,0,15,153
2025-07-30,22623,153,0,16,137
2025-07-31,22623,137,0,17,120
2025-08-01,22623,120,0,18,102
2025-08-02,22623,102,247,19,330
2025-08-03,22623,330,0,20,310
2025-08-04,22623,310,0,16,294
2025-08-05,22623,294,0,16,278
2025-08-06,22623,278,0,16,262
2025-08-07,22623,262,0,18,244
2025-08-08,22623,244,0,18,226
2025-08-09,22623,226,0,20,206
2025-08-10,22623,206,0,20,186
2025-08-11,22623,186,0,15,171
2025-08-12,22623,171,0,16,155
2025-08-13,22623,155,0,17,138
2025-08-14,22623,138,0,17,121
2025-08-15,22623,121,0,19,102
2025-08-16,22623,102,246,20,328
2025-08-17,22623,328,0,20,308
2025-08-18,22623,308,0,15,293
2025-08-19,22623,293,0,16,277
2025-08-20,22623,277,0,16,261
2025-08-21,22623,261,0,17,244
2025-08-22,22623,244,0,18,226
2025-08-23,22623,226,0,21,205
2025-08-24,22623,205,0,20,185
2025-08-25,22623,185,0,17,168
2025-08-26,22623,168,0,16,152
2025-08-27,22623,152,0,17,135
2025-08-28,22623,135,0,16,119
2025-08-29,22623,119,0,17,102
2025-08-30,22623,102,244,20,326
2025-08-31,22623,326,0,19,307
2025-09-01,22623,307,0,15,292
2025-09-02,22623,292,0,15,277
2025-09-03,22623,277,0,16,261
2025-09-04,22623,261,0,18,243
2025-09-05,22623,243,0,17,226
2025-09-06,22623,226,0,21,205
2025-09-07,22623,205,0,20,185
2025-09-08,22623,185,0,15,170
2025-09-09,22623,170,0,17,153
2025-09-10,22623,153,0,16,137
2025-09-11,22623,137,0,17,120
2025-09-12,22623,120,0,18,102
2025-09-13,22623,102,252,21,333
2025-09-14,22623,333,0,20,313
2025-09-15,22623,313,0,17,296
2025-09-16,22623,296,0,16,280
2025-09-17,22623,280,0,17,263
2025-09-18,22623,263,0,17,246
2025-09-19,22623,246,0,18,228
2025-09-20,22623,228,0,20,208
2025-09-21,22623,208,0,20,188
2025-09-22,22623,188,0,15,173
2025-09-23,22623,173,0,18,155
2025-09-24,22623,155,0,18,137
2025-09-25,22623,137,0,17,120
2025-09-26,22623,120,0,18,102
2025-09-27,22623,102,261,21,342
2025-09-28,22623,342,0,20,322
2025-09-29,22623,322,0,16,306
2025-09-30,22623,306,0,18,288
2025-10-01,22623,288,0,18,270
2025-10-02,22623,270,0,17,253
2025-10-03,22623,253,0,18,235
2025-10-04,22623,235,0,22,213
2025-10-05,22623,213,0,22,191
2025-10-06,22623,191,0,18,173
2025-10-07,22623,173,0,18,155
2025-10-08,22623,155,0,16,139
2025-10-09,22623,139,0,18,121
2025-10-10,22623,121,0,19,102
2025-10-11,22623,102,265,21,346
2025-10-12,22623,346,0,22,324
2025-10-13,22623,324,0,17,307
2025-10-14,22623,307,0,18,289
2025-10-15,22623,289,0,17,272
2025-10-16,22623,272,0,19,253
2025-10-17,22623,253,0,21,232
2025-10-18,22623,232,0,22,210
2025-10-19,22623,210,0,21,189
2025-10-20,22623,189,0,16,173
2025-10-21,22623,173,0,17,156
2025-10-22,22623,156,0,17,139
2025-10-23,22623,139,0,18,121
2025-10-24,22623,121,0,19,102
2025-10-25,22623,102,269,22,349
2025-10-26,22623,349,0,21,328
2025-10-27,22623,328,0,18,310
2025-10-28,22623,310,0,16,294
2025-10-29,22623,294,0,17,277
2025-10-30,22623,277,0,18,259
2025-10-31,22623,259,0,21,238
2025-11-01,22623,238,0,23,215
2025-11-02,22623,215,0,22,193
2025-11-03,22623,193,0,18,175
2025-11-04,22623,175,0,18,157
2025-11-05,22623,157,0,17,140
2025-11-06,22623,140,0,18,122
2025-11-07,22623,122,0,20,102
2025-11-08,22623,102,270,22,350
2025-11-09,22623,350,0,22,328
2025-11-10,22623,328,0,16,312
2025-11-11,22623,312,0,17,295
2025-11-12,22623,295,0,19,276
2025-11-13,22623,276,0,19,257
2025-11-14,22623,257,0,19,238
2025-11-15,22623,238,0,23,215
2025-11-16,22623,215,0,21,194
2025-11-17,22623,194,0,18,176
2025-11-18,22623,176,0,17,159
2025-11-19,22623,159,0,19,140
2025-11-20,22623,140,0,19,121
2025-11-21,22623,121,0,19,102
2025-11-22,22623,102,270,23,349
2025-11-23,22623,349,0,23,326
2025-11-24,22623,326,0,17,309
2025-11-25,22623,309,0,16,293
2025-11-26,22623,293,0,19,274
2025-11-27,22623,274,0,20,254
2025-11-28,22623,254,0,19,235
2025-11-29,22623,235,0,23,212
2025-11-30,22623,212,0,20,192
2025-12-01,22623,192,0,16,176
2025-12-02,22623,176,0,17,159
2025-12-03,22623,159,0,18,141
2025-12-04,22623,141,0,18,123
2025-12-05,22623,123,0,21,102
2025-12-06,22623,102,270,22,350
2025-12-07,22623,350,0,22,328
2025-12-08,22623,328,0,17,311
2025-12-09,22623,311,0,18,293
2025-12-10,22623,293,0,19,274
2025-12-11,22623,274,0,17,257
2025-12-12,22623,257,0,20,237
2025-12-13,22623,237,0,22,215
2025-12-14,22623,215,0,20,195
2025-12-15,22623,195,0,18,177
2025-12-16,22623,177,0,18,159
2025-12-17,22623,159,0,19,140
2025-12-18,22623,140,0,18,122
2025-12-19,22623,122,0,20,102
2025-12-20,22623,102,270,22,350
2025-12-21,22623,350,0,21,329
2025-12-22,22623,329,0,16,313
2025-12-23,22623,313,0,17,296
2025-12-24,22623,296,0,18,278
2025-12-25,22623,278,0,19,259
2025-12-26,22623,259,0,20,239
2025-12-27,22623,239,0,24,215
2025-12-28,22623,215,0,21,194
2025-12-29,22623,194,0,17,177
2025-12-30,22623,177,0,18,159
2025-12-31,22623,159,0,19,140
2026-01-01,22623,140,0,17,123
2026-01-02,22623,123,0,21,102
2026-01-03,22623,102,273,23,352
2026-01-04,22623,352,0,20,332
2026-01-05,22623,332,0,17,315
2026-01-06,22623,315,0,17,298
2026-01-07,22623,298,0,19,279
2026-01-08,22623,279,0,18,261
2026-01-09,22623,261,0,20,241
2026-01-10,22623,241,0,24,217
2026-01-11,22623,217,0,23,194
2026-01-12,22623,194,0,18,176
2026-01-13,22623,176,0,17,159
2026-01-14,22623,159,0,18,141
2026-01-15,22623,141,0,19,122
2026-01-16,22623,122,0,20,102
2026-01-17,22623,102,270,22,350
2026-01-18,22623,350,0,22,328
2026-01-19,22623,328,0,16,312
2026-01-20,22623,312,0,18,294
2026-01-21,22623,294,0,18,276
2026-01-22,22623,276,0,18,258
2026-01-23,22623,258,0,19,239
2026-01-24,22623,239,0,23,216
2026-01-25,22623,216,0,22,194
2026-01-26,22623,194,0,18,176
2026-01-27,22623,176,0,18,158
2026-01-28,22623,158,0,19,139
2026-01-29,22623,139,0,18,121
2026-01-30,22623,121,0,19,102
2026-01-31,22623,102,267,21,348
2026-02-01,22623,348,0,21,327
2026-02-02,22623,327,0,18,309
2026-02-03,22623,309,0,18,291
2026-02-04,22623,291,0,19,272
2026-02-05,22623,272,0,19,253
2026-02-06,22623,253,0,20,233
2026-02-07,22623,233,0,22,211
2026-02-08,22623,211,0,20,191
2026-02-09,22623,191,0,18,173
2026-02-10,22623,173,0,17,156
2026-02-11,22623,156,0,16,140
2026-02-12,22623,140,0,18,122
2026-02-13,22623,122,0,20,102
2026-02-14,22623,102,266,22,346
2026-02-15,22623,346,0,21,325
2026-02-16,22623,325,0,17,308
2026-02-17,22623,308,0,16,292
2026-02-18,22623,292,0,19,273
2026-02-19,22623,273,0,19,254
2026-02-20,22623,254,0,20,234
2026-02-21,22623,234,0,23,211
2026-02-22,22623,211,0,21,190
2026-02-23,22623,190,0,17,173
2026-02-24,22623,173,0,16,157
2026-02-25,22623,157,0,17,140
2026-02-26,22623,140,0,18,122
2026-02-27,22623,122,0,20,102
2026-02-28,22623,102,258,23,337
2026-03-01,22623,337,0,21,316
2026-03-02,22623,316,0,16,300
2026-03-03,22623,300,0,17,283
2026-03-04,22623,283,0,17,266
2026-03-05,22623,266,0,17,249
2026-03-06,22623,249,0,18,231
2026-03-07,22623,231,0,22,209
2026-03-08,22623,209,0,21,188
2026-03-09,22623,188,0,15,173
2026-03-10,22623,173,0,16,157
2026-03-11,22623,157,0,17,140
2026-03-12,22623,140,0,19,121
2026-03-13,22623,121,0,19,102
2026-03-14,22623,102,256,22,336
2026-03-15,22623,336,0,21,315
2026-03-16,22623,315,0,17,298
2026-03-17,22623,298,0,18,280
2026-03-18,22623,280,0,17,263
2026-03-19,22623,263,0,17,246
2026-03-20,22623,246,0,19,227
2026-03-21,22623,227,0,20,207
2026-03-22,22623,207,0,20,187
2026-03-23,22623,187,0,15,172
2026-03-24,22623,172,0,16,156
2026-03-25,22623,156,0,17,139
2026-03-26,22623,139,0,18,121
2026-03-27,22623,121,0,19,102
2026-03-28,22623,102,245,20,327
2026-03-29,22623,327,0,20,307
2026-03-30,22623,307,0,15,292
2026-03-31,22623,292,0,17,275
2026-04-01,22623,275,0,16,259
2026-04-02,22623,259,0,16,243
2026-04-03,22623,243,0,19,224
2026-04-04,22623,224,0,20,204
2026-04-05,22623,204,0,20,184
2026-04-06,22623,184,0,14,170
2026-04-07,22623,170,0,16,154
2026-04-08,22623,154,0,17,137
2026-04-09,22623,137,0,17,120
2026-04-10,22623,120,0,18,102
2026-04-11,22623,102,239,20,321
2026-04-12,22623,321,0,19,302
2026-04-13,22623,302,0,16,286
2026-04-14,22623,286,0,15,271
2026-04-15,22623,271,0,15,256
2026-04-16,22623,256,0,16,240
2026-04-17,22623,240,0,17,223
2026-04-18,22623,223,0,20,203
2026-04-19,22623,203,0,20,183
2026-04-20,22623,183,0,14,169
2026-04-21,22623,169,0,15,154
2026-04-22,22623,154,0,17,137
2026-04-23,22623,137,0,18,119
2026-04-24,22623,119,0,17,102
2026-04-25,22623,102,238,20,320
2026-04-26,22623,320,0,19,301
2026-04-27,22623,301,0,15,286
2026-04-28,22623,286,0,15,271
2026-04-29,22623,271,0,15,256
2026-04-30,22623,256,0,16,240
2026-05-01,22623,240,0,18,222
2026-05-02,22623,222,0,21,201
2026-05-03,22623,201,0,20,181
2026-05-04,22623,181,0,14,167
2026-05-05,22623,167,0,14,153
2026-05-06,22623,153,0,16,137
2026-05-07,22623,137,0,17,120
2026-05-08,22623,120,0,18,102
2026-05-09,22623,102,240,21,321
2026-05-10,22623,321,0,19,302
2026-05-11,22623,302,0,16,286
2026-05-12,22623,286,0,14,272
2026-05-13,22623,272,0,17,255
2026-05-14,22623,255,0,17,238
2026-05-15,22623,238,0,18,220
2026-05-16,22623,220,0,19,201
2026-05-17,22623,201,0,20,181
2026-05-18,22623,181,0,14,167
2026-05-19,22623,167,0,16,151
2026-05-20,22623,151,0,16,135
2026-05-21,22623,135,0,16,119
2026-05-22,22623,119,0,17,102
2026-05-23,22623,102,241,20,323
2026-05-24,22623,323,0,20,303
2026-05-25,22623,303,0,14,289
2026-05-26,22623,289,0,16,273
2026-05-27,22623,273,0,16,257
2026-05-28,22623,257,0,18,239
2026-05-29,22623,239,0,18,221
2026-05-30,22623,221,0,19,202
2026-05-31,22623,202,0,20,182
2026-06-01,22623,182,0,14,168
2026-06-02,22623,168,0,16,152
2026-06-03,22623,152,0,17,135
2026-06-04,22623,135,0,17,118
2026-06-05,22623,118,0,16,102
2026-06-06,22623,102,236,20,318
2026-06-07,22623,318,0,20,298
2026-06-08,22623,298,0,15,283
2026-06-09,22623,283,0,15,268
2026-06-10,22623,268,0,15,253
2026-06-11,22623,253,0,16,237
2026-06-12,22623,237,0,18,219
2026-06-13,22623,219,0,19,200
2026-06-14,22623,200,0,19,181
2026-06-15,22623,181,0,15,166
2026-06-16,22623,166,0,16,150
2026-06-17,22623,150,0,15,135
2026-06-18,22623,135,0,16,119
2026-06-19,22623,119,0,17,102
2026-06-20,22623,102,234,19,317
2026-06-21,22623,317,0,18,299
2026-06-22,22623,299,0,14,285
2026-06-23,22623,285,0,16,269
2026-06-24,22623,269,0,15,254
2026-06-25,22623,254,0,16,238
2026-06-26,22623,238,0,18,220
2026-06-27,22623,220,0,20,200
2026-06-28,22623,200,0,18,182
2026-06-29,22623,182,0,15,167
2026-06-30,22623,167,0,16,151
2026-07-01,22623,151,0,16,135
2026-07-02,22623,135,0,16,119
2026-07-03,22623,119,0,17,102
2026-07-04,22623,102,243,20,325
2026-07-05,22623,325,0,18,307
2026-07-06,22623,307,0,16,291
2026-07-07,22623,291,0,16,275
2026-07-08,22623,275,0,17,258
2026-07-09,22623,258,0,18,240
2026-07-10,22623,240,0,17,223
2026-07-11,22623,223,0,21,202
2026-07-12,22623,202,0,19,183
2026-07-13,22623,183,0,16,167
2026-07-14,22623,167,0,14,153
2026-07-15,22623,153,0,16,137
2026-07-16,22623,137,0,16,121
2026-07-17,22623,121,0,19,102
2026-07-18,22623,102,240,21,321
2026-07-19,22623,321,0,18,303
2026-07-20,22623,303,0,14,289
2026-07-21,22623,289,0,15,274
2026-07-22,22623,274,0,17,257
2026-07-23,22623,257,0,17,240
2026-07-24,22623,240,0,18,222
2026-07-25,22623,222,0,21,201
2026-07-26,22623,201,0,18,183
2026-07-27,22623,183,0,15,168
2026-07-28,22623,168,0,17,151
2026-07-29,22623,151,0,16,135
2026-07-30,22623,135,0,16,119
2026-07-31,22623,119,0,17,102
2026-08-01,22623,102,237,19,320
2026-08-02,22623,320,0,19,301
2026-08-03,22623,301,0,14,287
2026-08-04,22623,287,0,16,271
2026-08-05,22623,271,0,16,255
2026-08-06,22623,255,0,16,239
2026-08-07,22623,239,0,17,222
2026-08-08,22623,222,0,21,201
2026-08-09,22623,201,0,19,182
2026-08-10,22623,182,0,15,167
2026-08-11,22623,167,0,15,152
2026-08-12,22623,152,0,16,136
2026-08-13,22623,136,0,16,120
2026-08-14,22623,120,0,18,102
2026-08-15,22623,102,165,20,247
2026-08-16,22623,247,0,20,227
2026-08-17,22623,227,0,14,213
2026-08-18,22623,213,0,16,197
2026-08-19,22623,197,0,17,180
2026-08-20,22623,180,0,17,163
2026-08-21,22623,163,0,19,144
2026-08-22,22623,144,0,22,122
2026-08-23,22623,122,0,20,102
2026-08-24,22623,102,633,17,718
2026-08-25,22623,718,0,17,701
2026-08-26,22623,701,0,15,686
2026-08-27,22623,686,0,16,670
2026-08-28,22623,670,0,18,652
2026-08-29,22623,652,0,21,631
2026-08-30,22623,631,0,21,610
2026-08-31,22623,610,0,15,595
2026-09-01,22623,595,0,16,579
2026-09-02,22623,579,0,18,561
2026-09-03,22623,561,0,17,544
2026-09-04,22623,544,0,20,524
2026-09-05,22623,524,0,22,502
2026-09-06,22623,502,0,20,482
2026-09-07,22623,482,0,15,467
2026-09-08,22623,467,0,16,451
2026-09-09,22623,451,0,16,435
2026-09-10,22623,435,0,16,419
2026-09-11,22623,419,0,18,401
2026-09-12,22623,401,0,22,379
2026-09-13,22623,379,0,19,360
