date,sku,units,selling_price,in_stock,promotion_id,opening_stock,received_units
2024-09-14,85123A,7,2.55,true,,206,0
2024-09-15,85123A,7,2.55,true,,199,0
2024-09-16,85123A,7,2.55,true,,192,0
2024-09-17,85123A,7,2.55,true,,185,0
2024-09-18,85123A,7,2.55,true,,178,0
2024-09-19,85123A,6,2.55,true,,171,0
2024-09-20,85123A,6,2.55,true,,165,0
2024-09-21,85123A,9,2.55,true,,159,0
2024-09-22,85123A,7,2.55,true,,150,0
2024-09-23,85123A,5,2.55,true,,143,0
2024-09-24,85123A,6,2.55,true,,138,0
2024-09-25,85123A,6,2.55,true,,132,0
2024-09-26,85123A,8,2.55,true,,126,0
2024-09-27,85123A,7,2.55,true,,118,0
2024-09-28,85123A,8,2.55,true,,111,0
2024-09-29,85123A,8,2.55,true,,103,0
2024-09-30,85123A,6,2.55,true,,95,0
2024-10-01,85123A,6,2.55,true,,89,0
2024-10-02,85123A,6,2.55,true,,83,0
2024-10-03,85123A,6,2.55,true,,77,0
2024-10-04,85123A,7,2.55,true,,71,0
2024-10-05,85123A,7,2.55,true,,64,0
2024-10-06,85123A,8,2.55,true,,57,0
2024-10-07,85123A,7,2.55,true,,49,0
2024-10-08,85123A,7,2.55,true,,42,112
2024-10-09,85123A,7,2.55,true,,147,0
2024-10-10,85123A,7,2.55,true,,140,0
2024-10-11,85123A,7,2.55,true,,133,0
2024-10-12,85123A,9,2.55,true,,126,0
2024-10-13,85123A,9,2.55,true,,117,0
2024-10-14,85123A,5,2.55,true,,108,0
2024-10-15,85123A,8,2.55,true,,103,0
2024-10-16,85123A,8,2.55,true,,95,0
2024-10-17,85123A,7,2.55,true,,87,0
2024-10-18,85123A,8,2.55,true,,80,0
2024-10-19,85123A,8,2.55,true,,72,0
2024-10-20,85123A,9,2.55,true,,64,0
2024-10-21,85123A,7,2.55,true,,55,0
2024-10-22,85123A,6,2.55,true,,48,0
2024-10-23,85123A,6,2.55,true,,42,107
2024-10-24,85123A,7,2.55,true,,143,0
2024-10-25,85123A,8,2.55,true,,136,0
2024-10-26,85123A,9,2.55,true,,128,0
2024-10-27,85123A,8,2.55,true,,119,0
2024-10-28,85123A,6,2.55,true,,111,0
2024-10-29,85123A,7,2.55,true,,105,0
2024-10-30,85123A,7,2.55,true,,98,0
2024-10-31,85123A,6,2.55,true,,91,0
2024-11-01,85123A,7,2.55,true,,85,0
2024-11-02,85123A,10,2.55,true,,78,0
2024-11-03,85123A,9,2.55,true,,68,0
2024-11-04,85123A,6,2.55,true,,59,0
2024-11-05,85123A,5,2.55,true,,53,0
2024-11-06,85123A,6,2.55,true,,48,0
2024-11-07,85123A,8,2.55,true,,42,115
2024-11-08,85123A,9,2.55,true,,149,0
2024-11-09,85123A,8,2.55,true,,140,0
2024-11-10,85123A,9,2.55,true,,132,0
2024-11-11,85123A,7,2.55,true,,123,0
2024-11-12,85123A,7,2.55,true,,116,0
2024-11-13,85123A,8,2.55,true,,109,0
2024-11-14,85123A,8,2.55,true,,101,0
2024-11-15,85123A,8,2.55,true,,93,0
2024-11-16,85123A,9,2.55,true,,85,0
2024-11-17,85123A,9,2.55,true,,76,0
2024-11-18,85123A,6,2.55,true,,67,0
2024-11-19,85123A,7,2.55,true,,61,0
2024-11-20,85123A,6,2.55,true,,54,0
2024-11-21,85123A,8,2.55,true,,48,0
2024-11-22,85123A,9,2.55,true,,40,116
2024-11-23,85123A,9,2.55,true,,147,0
2024-11-24,85123A,7,2.55,true,,138,0
2024-11-25,85123A,8,2.55,true,,131,0
2024-11-26,85123A,7,2.55,true,,123,0
2024-11-27,85123A,8,2.55,true,,116,0
2024-11-28,85123A,8,2.55,true,,108,0
2024-11-29,85123A,7,2.55,true,,100,0
2024-11-30,85123A,10,2.55,true,,93,0
2024-12-01,85123A,8,2.55,true,,83,0
2024-12-02,85123A,6,2.55,true,,75,0
2024-12-03,85123A,7,2.55,true,,69,0
2024-12-04,85123A,7,2.55,true,,62,0
2024-12-05,85123A,7,2.55,true,,55,0
2024-12-06,85123A,7,2.55,true,,48,0
2024-12-07,85123A,9,2.55,true,,41,117
2024-12-08,85123A,9,2.55,true,,149,0
2024-12-09,85123A,8,2.55,true,,140,0
2024-12-10,85123A,6,2.55,true,,132,0
2024-12-11,85123A,8,2.55,true,,126,0
2024-12-12,85123A,7,2.55,true,,118,0
2024-12-13,85123A,8,2.55,true,,111,0
2024-12-14,85123A,8,2.55,true,,103,0
2024-12-15,85123A,8,2.55,true,,95,0
2024-12-16,85123A,7,2.55,true,,87,0
2024-12-17,85123A,8,2.55,true,,80,0
2024-12-18,85123A,8,2.55,true,,72,0
2024-12-19,85123A,7,2.55,true,,64,0
2024-12-20,85123A,9,2.55,true,,57,0
2024-12-21,85123A,9,2.55,true,,48,112
2024-12-22,85123A,9,2.55,true,,151,0
2024-12-23,85123A,7,2.55,true,,142,0
2024-12-24,85123A,8,2.55,true,,135,0
2024-12-25,85123A,9,2.55,true,,127,0
2024-12-26,85123A,7,2.55,true,,118,0
2024-12-27,85123A,9,2.55,true,,111,0
2024-12-28,85123A,10,2.55,true,,102,0
2024-12-29,85123A,10,2.55,true,,92,0
2024-12-30,85123A,6,2.55,true,,82,0
2024-12-31,85123A,7,2.55,true,,76,0
2025-01-01,85123A,7,2.55,true,,69,0
2025-01-02,85123A,7,2.55,true,,62,0
2025-01-03,85123A,7,2.55,true,,55,0
2025-01-04,85123A,9,2.55,true,,48,109
2025-01-05,85123A,8,2.55,true,,148,0
2025-01-06,85123A,7,2.55,true,,140,0
2025-01-07,85123A,6,2.55,true,,133,0
2025-01-08,85123A,7,2.55,true,,127,0
2025-01-09,85123A,7,2.55,true,,120,0
2025-01-10,85123A,8,2.55,true,,113,0
2025-01-11,85123A,10,2.55,true,,105,0
2025-01-12,85123A,9,2.55,true,,95,0
2025-01-13,85123A,8,2.55,true,,86,0
2025-01-14,85123A,8,2.55,true,,78,0
2025-01-15,85123A,8,2.55,true,,70,0
2025-01-16,85123A,6,2.55,true,,62,0
2025-01-17,85123A,8,2.55,true,,56,0
2025-01-18,85123A,9,2.55,true,,48,110
2025-01-19,85123A,9,2.55,true,,149,0
2025-01-20,85123A,6,2.55,true,,140,0
2025-01-21,85123A,8,2.55,true,,134,0
2025-01-22,85123A,7,2.55,true,,126,0
2025-01-23,85123A,8,2.55,true,,119,0
2025-01-24,85123A,8,2.55,true,,111,0
2025-01-25,85123A,10,2.55,true,,103,0
2025-01-26,85123A,9,2.55,true,,93,0
2025-01-27,85123A,7,2.55,true,,84,0
2025-01-28,85123A,6,2.55,true,,77,0
2025-01-29,85123A,8,2.55,true,,71,0
2025-01-30,85123A,7,2.55,true,,63,0
2025-01-31,85123A,8,2.55,true,,56,0
2025-02-01,85123A,10,2.55,true,,48,112
2025-02-02,85123A,10,2.55,true,,150,0
2025-02-03,85123A,7,2.55,true,,140,0
2025-02-04,85123A,6,2.55,true,,133,0
2025-02-05,85123A,8,2.55,true,,127,0
2025-02-06,85123A,8,2.55,true,,119,0
2025-02-07,85123A,7,2.55,true,,111,0
2025-02-08,85123A,10,2.55,true,,104,0
2025-02-09,85123A,8,2.55,true,,94,0
2025-02-10,85123A,8,2.55,true,,86,0
2025-02-11,85123A,7,2.55,true,,78,0
2025-02-12,85123A,6,2.55,true,,71,0
2025-02-13,85123A,9,2.55,true,,65,0
2025-02-14,85123A,8,2.55,true,,56,0
2025-02-15,85123A,9,2.55,true,,48,107
2025-02-16,85123A,9,2.55,true,,146,0
2025-02-17,85123A,6,2.55,true,,137,0
2025-02-18,85123A,6,2.55,true,,131,0
2025-02-19,85123A,8,2.55,true,,125,0
2025-02-20,85123A,8,2.55,true,,117,0
2025-02-21,85123A,8,2.55,true,,109,0
2025-02-22,85123A,9,2.55,true,,101,0
2025-02-23,85123A,8,2.55,true,,92,0
2025-02-24,85123A,8,2.55,true,,84,0
2025-02-25,85123A,6,2.55,true,,76,0
2025-02-26,85123A,7,2.55,true,,70,0
2025-02-27,85123A,7,2.55,true,,63,0
2025-02-28,85123A,8,2.55,true,,56,0
2025-03-01,85123A,10,2.55,true,,48,109
2025-03-02,85123A,9,2.55,true,,147,0
2025-03-03,85123A,7,2.55,true,,138,0
2025-03-04,85123A,8,2.55,true,,131,0
2025-03-05,85123A,6,2.55,true,,123,0
2025-03-06,85123A,8,2.55,true,,117,0
2025-03-07,85123A,7,2.55,true,,109,0
2025-03-08,85123A,9,2.55,true,,102,0
2025-03-09,85123A,8,2.55,true,,93,0
2025-03-10,85123A,6,2.55,true,,85,0
2025-03-11,85123A,7,2.55,true,,79,0
2025-03-12,85123A,8,2.55,true,,72,0
2025-03-13,85123A,9,2.55,true,,64,0
2025-03-14,85123A,7,2.55,true,,55,0
2025-03-15,85123A,8,2.55,true,,48,0
2025-03-16,85123A,9,2.55,true,,40,117
2025-03-17,85123A,7,2.55,true,,148,0
2025-03-18,85123A,7,2.55,true,,141,0
2025-03-19,85123A,8,2.55,true,,134,0
2025-03-20,85123A,8,2.55,true,,126,0
2025-03-21,85123A,9,2.55,true,,118,0
2025-03-22,85123A,10,2.55,true,,109,0
2025-03-23,85123A,8,2.55,true,,99,0
2025-03-24,85123A,6,2.55,true,,91,0
2025-03-25,85123A,7,2.55,true,,85,0
2025-03-26,85123A,8,2.55,true,,78,0
2025-03-27,85123A,7,2.55,true,,70,0
2025-03-28,85123A,7,2.55,true,,63,0
2025-03-29,85123A,8,2.55,true,,56,0
2025-03-30,85123A,9,2.55,true,,48,106
2025-03-31,85123A,7,2.55,true,,145,0
2025-04-01,85123A,6,2.55,true,,138,0
2025-04-02,85123A,7,2.55,true,,132,0
2025-04-03,85123A,8,2.55,true,,125,0
2025-04-04,85123A,8,2.55,true,,117,0
2025-04-05,85123A,8,2.55,true,,109,0
2025-04-06,85123A,9,2.55,true,,101,0
2025-04-07,85123A,7,2.55,true,,92,0
2025-04-08,85123A,6,2.55,true,,85,0
2025-04-09,85123A,7,2.55,true,,79,0
2025-04-10,85123A,7,2.55,true,,72,0
2025-04-11,85123A,8,2.55,true,,65,0
2025-04-12,85123A,9,2.55,true,,57,0
2025-04-13,85123A,7,2.55,true,,48,0
2025-04-14,85123A,7,2.55,true,,41,109
2025-04-15,85123A,7,2.55,true,,143,0
2025-04-16,85123A,8,2.55,true,,136,0
2025-04-17,85123A,7,2.55,true,,128,0
2025-04-18,85123A,7,2.55,true,,121,0
2025-04-19,85123A,9,2.55,true,,114,0
2025-04-20,85123A,8,2.55,true,,105,0
2025-04-21,85123A,7,2.55,true,,97,0
2025-04-22,85123A,7,2.55,true,,90,0
2025-04-23,85123A,6,2.55,true,,83,0
2025-04-24,85123A,6,2.55,true,,77,0
2025-04-25,85123A,7,2.55,true,,71,0
2025-04-26,85123A,9,2.55,true,,64,0
2025-04-27,85123A,7,2.55,true,,55,0
2025-04-28,85123A,6,2.55,true,,48,0
2025-04-29,85123A,6,2.55,true,,42,105
2025-04-30,85123A,6,2.55,true,,141,0
2025-05-01,85123A,7,2.55,true,,135,0
2025-05-02,85123A,7,2.55,true,,128,0
2025-05-03,85123A,9,2.55,true,,121,0
2025-05-04,85123A,8,2.55,true,,112,0
2025-05-05,85123A,7,2.55,true,,104,0
2025-05-06,85123A,6,2.55,true,,97,0
2025-05-07,85123A,6,2.55,true,,91,0
2025-05-08,85123A,7,2.55,true,,85,0
2025-05-09,85123A,7,2.55,true,,78,0
2025-05-10,85123A,8,2.55,true,,71,0
2025-05-11,85123A,8,2.55,true,,63,0
2025-05-12,85123A,7,2.55,true,,55,0
2025-05-13,85123A,7,2.55,true,,48,0
2025-05-14,85123A,7,2.55,true,,41,109
2025-05-15,85123A,7,2.55,true,,143,0
2025-05-16,85123A,7,2.55,true,,136,0
2025-05-17,85123A,8,2.55,true,,129,0
2025-05-18,85123A,9,2.55,true,,121,0
2025-05-19,85123A,6,2.55,true,,112,0
2025-05-20,85123A,7,2.55,true,,106,0
2025-05-21,85123A,6,2.55,true,,99,0
2025-05-22,85123A,6,2.55,true,,93,0
2025-05-23,85123A,9,2.55,true,,87,0
2025-05-24,85123A,7,2.55,true,,78,0
2025-05-25,85123A,9,2.55,true,,71,0
2025-05-26,85123A,7,2.55,true,,62,0
2025-05-27,85123A,7,2.55,true,,55,0
2025-05-28,85123A,6,2.55,true,,48,0
2025-05-29,85123A,6,2.55,true,,42,111
2025-05-30,85123A,7,2.55,true,,147,0
2025-05-31,85123A,8,2.55,true,,140,0
2025-06-01,85123A,9,2.55,true,,132,0
2025-06-02,85123A,6,2.55,true,,123,0
2025-06-03,85123A,6,2.55,true,,117,0
2025-06-04,85123A,7,2.55,true,,111,0
2025-06-05,85123A,9,2.55,true,,104,0
2025-06-06,85123A,8,2.55,true,,95,0
2025-06-07,85123A,10,2.55,true,,87,0
2025-06-08,85123A,9,2.55,true,,77,0
2025-06-09,85123A,6,2.55,true,,68,0
2025-06-10,85123A,7,2.55,true,,62,0
2025-06-11,85123A,7,2.55,true,,55,0
2025-06-12,85123A,6,2.55,true,,48,0
2025-06-13,85123A,8,2.55,true,,42,114
2025-06-14,85123A,8,2.55,true,,148,0
2025-06-15,85123A,9,2.55,true,,140,0
2025-06-16,85123A,7,2.55,true,,131,0
2025-06-17,85123A,6,2.55,true,,124,0
2025-06-18,85123A,8,2.55,true,,118,0
2025-06-19,85123A,8,2.55,true,,110,0
2025-06-20,85123A,9,2.55,true,,102,0
2025-06-21,85123A,8,2.55,true,,93,0
2025-06-22,85123A,8,2.55,true,,85,0
2025-06-23,85123A,6,2.55,true,,77,0
2025-06-24,85123A,8,2.55,true,,71,0
2025-06-25,85123A,7,2.55,true,,63,0
2025-06-26,85123A,8,2.55,true,,56,0
2025-06-27,85123A,7,2.55,true,,48,0
2025-06-28,85123A,8,2.55,true,,41,112
2025-06-29,85123A,9,2.55,true,,145,0
2025-06-30,85123A,7,2.55,true,,136,0
2025-07-01,85123A,7,2.55,true,,129,0
2025-07-02,85123A,7,2.55,true,,122,0
2025-07-03,85123A,8,2.55,true,,115,0
2025-07-04,85123A,7,2.55,true,,107,0
2025-07-05,85123A,10,2.55,true,,100,0
2025-07-06,85123A,7,2.55,true,,90,0
2025-07-07,85123A,5,2.55,true,,83,0
2025-07-08,85123A,6,2.55,true,,78,0
2025-07-09,85123A,8,2.55,true,,72,0
2025-07-10,85123A,7,2.55,true,,64,0
2025-07-11,85123A,9,2.55,true,,57,0
2025-07-12,85123A,8,2.55,true,,48,0
2025-07-13,85123A,8,2.55,true,,40,121
2025-07-14,85123A,8,2.55,true,,153,0
2025-07-15,85123A,8,2.55,true,,145,0
2025-07-16,85123A,8,2.55,true,,137,0
2025-07-17,85123A,8,2.55,true,,129,0
2025-07-18,85123A,8,2.55,true,,121,0
2025-07-19,85123A,9,2.55,true,,113,0
2025-07-20,85123A,9,2.55,true,,104,0
2025-07-21,85123A,8,2.55,true,,95,0
2025-07-22,85123A,8,2.55,true,,87,0
2025-07-23,85123A,6,2.55,true,,79,0
2025-07-24,85123A,8,2.55,true,,73,0
2025-07-25,85123A,8,2.55,true,,65,0
2025-07-26,85123A,9,2.55,true,,57,0
2025-07-27,85123A,9,2.55,true,,48,108
2025-07-28,85123A,7,2.55,true,,147,0
2025-07-29,85123A,7,2.55,true,,140,0
2025-07-30,85123A,9,2.55,true,,133,0
2025-07-31,85123A,7,2.55,true,,124,0
2025-08-01,85123A,7,2.55,true,,117,0
2025-08-02,85123A,8,2.55,true,,110,0
2025-08-03,85123A,8,2.55,true,,102,0
2025-08-04,85123A,6,2.55,true,,94,0
2025-08-05,85123A,6,2.55,true,,88,0
2025-08-06,85123A,8,2.55,true,,82,0
2025-08-07,85123A,8,2.55,true,,74,0
2025-08-08,85123A,8,2.55,true,,66,0
2025-08-09,85123A,10,2.55,true,,58,0
2025-08-10,85123A,9,2.55,true,,48,117
2025-08-11,85123A,7,2.55,true,,156,0
2025-08-12,85123A,7,2.55,true,,149,0
2025-08-13,85123A,7,2.55,true,,142,0
2025-08-14,85123A,9,2.55,true,,135,0
2025-08-15,85123A,9,2.55,true,,126,0
2025-08-16,85123A,11,2.55,true,,117,0
2025-08-17,85123A,8,2.55,true,,106,0
2025-08-18,85123A,6,2.55,true,,98,0
2025-08-19,85123A,8,2.55,true,,92,0
2025-08-20,85123A,9,2.55,true,,84,0
2025-08-21,85123A,9,2.55,true,,75,0
2025-08-22,85123A,8,2.55,true,,66,0
2025-08-23,85123A,10,2.55,true,,58,0
2025-08-24,85123A,8,2.55,true,,48,0
2025-08-25,85123A,8,2.55,true,,40,123
2025-08-26,85123A,7,2.55,true,,155,0
2025-08-27,85123A,7,2.55,true,,148,0
2025-08-28,85123A,9,2.55,true,,141,0
2025-08-29,85123A,8,2.55,true,,132,0
2025-08-30,85123A,10,2.55,true,,124,0
2025-08-31,85123A,8,2.55,true,,114,0
2025-09-01,85123A,8,2.55,true,,106,0
2025-09-02,85123A,7,2.55,true,,98,0
2025-09-03,85123A,8,2.55,true,,91,0
2025-09-04,85123A,7,2.55,true,,83,0
2025-09-05,85123A,9,2.55,true,,76,0
2025-09-06,85123A,9,2.55,true,,67,0
2025-09-07,85123A,10,2.55,true,,58,0
2025-09-08,85123A,8,2.55,true,,48,0
2025-09-09,85123A,7,2.55,true,,40,126
2025-09-10,85123A,8,2.55,true,,159,0
2025-09-11,85123A,7,2.55,true,,151,0
2025-09-12,85123A,9,2.55,true,,144,0
2025-09-13,85123A,11,2.55,true,,135,0
2025-09-14,85123A,10,2.55,true,,124,0
2025-09-15,85123A,7,2.55,true,,114,0
2025-09-16,85123A,7,2.55,true,,107,0
2025-09-17,85123A,8,2.55,true,,100,0
2025-09-18,85123A,8,2.55,true,,92,0
2025-09-19,85123A,8,2.55,true,,84,0
2025-09-20,85123A,11,2.55,true,,76,0
2025-09-21,85123A,10,2.55,true,,65,0
2025-09-22,85123A,7,2.55,true,,55,0
2025-09-23,85123A,7,2.55,true,,48,0
2025-09-24,85123A,9,2.55,true,,41,132
2025-09-25,85123A,9,2.55,true,,164,0
2025-09-26,85123A,9,2.55,true,,155,0
2025-09-27,85123A,10,2.55,true,,146,0
2025-09-28,85123A,11,2.55,true,,136,0
2025-09-29,85123A,8,2.55,true,,125,0
2025-09-30,85123A,8,2.55,true,,117,0
2025-10-01,85123A,8,2.55,true,,109,0
2025-10-02,85123A,8,2.55,true,,101,0
2025-10-03,85123A,10,2.55,true,,93,0
2025-10-04,85123A,11,2.55,true,,83,0
2025-10-05,85123A,9,2.55,true,,72,0
2025-10-06,85123A,7,2.55,true,,63,0
2025-10-07,85123A,8,2.55,true,,56,0
2025-10-08,85123A,8,2.55,true,,48,0
2025-10-09,85123A,8,2.55,true,,40,134
2025-10-10,85123A,8,2.55,true,,166,0
2025-10-11,85123A,11,2.55,true,,158,0
2025-10-12,85123A,9,2.55,true,,147,0
2025-10-13,85123A,9,2.55,true,,138,0
2025-10-14,85123A,7,2.55,true,,129,0
2025-10-15,85123A,9,2.55,true,,122,0
2025-10-16,85123A,9,2.55,true,,113,0
2025-10-17,85123A,10,2.55,true,,104,0
2025-10-18,85123A,10,2.55,true,,94,0
2025-10-19,85123A,10,2.55,true,,84,0
2025-10-20,85123A,9,2.55,true,,74,0
2025-10-21,85123A,8,2.55,true,,65,0
2025-10-22,85123A,9,2.55,true,,57,0
2025-10-23,85123A,8,2.55,true,,48,0
2025-10-24,85123A,10,2.55,true,,40,136
2025-10-25,85123A,10,2.55,true,,166,0
2025-10-26,85123A,11,2.55,true,,156,0
2025-10-27,85123A,9,2.55,true,,145,0
2025-10-28,85123A,8,2.55,true,,136,0
2025-10-29,85123A,9,2.55,true,,128,0
2025-10-30,85123A,8,2.55,true,,119,0
2025-10-31,85123A,10,2.55,true,,111,0
2025-11-01,85123A,9,2.55,true,,101,0
2025-11-02,85123A,10,2.55,true,,92,0
2025-11-03,85123A,9,2.55,true,,82,0
2025-11-04,85123A,9,2.55,true,,73,0
2025-11-05,85123A,8,2.55,true,,64,0
2025-11-06,85123A,8,2.55,true,,56,0
2025-11-07,85123A,9,2.55,true,,48,127
2025-11-08,85123A,10,2.55,true,,166,0
2025-11-09,85123A,10,2.55,true,,156,0
2025-11-10,85123A,8,2.55,true,,146,0
2025-11-11,85123A,9,2.55,true,,138,0
2025-11-12,85123A,8,2.55,true,,129,0
2025-11-13,85123A,9,2.55,true,,121,0
2025-11-14,85123A,10,2.55,true,,112,0
2025-11-15,85123A,10,2.55,true,,102,0
2025-11-16,85123A,9,2.55,true,,92,0
2025-11-17,85123A,9,2.55,true,,83,0
2025-11-18,85123A,8,2.55,true,,74,0
2025-11-19,85123A,8,2.55,true,,66,0
2025-11-20,85123A,10,2.55,true,,58,0
2025-11-21,85123A,9,2.55,true,,48,128
2025-11-22,85123A,11,2.55,true,,167,0
2025-11-23,85123A,10,2.55,true,,156,0
2025-11-24,85123A,9,2.55,true,,146,0
2025-11-25,85123A,10,2.55,true,,137,0
2025-11-26,85123A,8,2.55,true,,127,0
2025-11-27,85123A,9,2.55,true,,119,0
2025-11-28,85123A,9,2.55,true,,110,0
2025-11-29,85123A,10,2.55,true,,101,0
2025-11-30,85123A,10,2.55,true,,91,0
2025-12-01,85123A,8,2.55,true,,81,0
2025-12-02,85123A,8,2.55,true,,73,0
2025-12-03,85123A,8,2.55,true,,65,0
2025-12-04,85123A,9,2.55,true,,57,0
2025-12-05,85123A,10,2.55,true,,48,134
2025-12-06,85123A,10,2.55,true,,172,0
2025-12-07,85123A,11,2.55,true,,162,0
2025-12-08,85123A,9,2.55,true,,151,0
2025-12-09,85123A,9,2.55,true,,142,0
2025-12-10,85123A,9,2.55,true,,133,0
2025-12-11,85123A,9,2.55,true,,124,0
2025-12-12,85123A,10,2.55,true,,115,0
2025-12-13,85123A,11,2.55,true,,105,0
2025-12-14,85123A,10,2.55,true,,94,0
2025-12-15,85123A,8,2.55,true,,84,0
2025-12-16,85123A,8,2.55,true,,76,0
2025-12-17,85123A,10,2.55,true,,68,0
2025-12-18,85123A,10,2.55,true,,58,0
2025-12-19,85123A,11,2.55,true,,48,138
2025-12-20,85123A,12,2.55,true,,175,0
2025-12-21,85123A,10,2.55,true,,163,0
2025-12-22,85123A,9,2.55,true,,153,0
2025-12-23,85123A,8,2.55,true,,144,0
2025-12-24,85123A,10,2.55,true,,136,0
2025-12-25,85123A,10,2.55,true,,126,0
2025-12-26,85123A,10,2.55,true,,116,0
2025-12-27,85123A,10,2.55,true,,106,0
2025-12-28,85123A,11,2.55,true,,96,0
2025-12-29,85123A,8,2.55,true,,85,0
2025-12-30,85123A,10,2.55,true,,77,0
2025-12-31,85123A,10,2.55,true,,67,0
2026-01-01,85123A,9,2.55,true,,57,0
2026-01-02,85123A,9,2.55,true,,48,135
2026-01-03,85123A,12,2.55,true,,174,0
2026-01-04,85123A,11,2.55,true,,162,0
2026-01-05,85123A,9,2.55,true,,151,0
2026-01-06,85123A,9,2.55,true,,142,0
2026-01-07,85123A,8,2.55,true,,133,0
2026-01-08,85123A,8,2.55,true,,125,0
2026-01-09,85123A,10,2.55,true,,117,0
2026-01-10,85123A,10,2.55,true,,107,0
2026-01-11,85123A,10,2.55,true,,97,0
2026-01-12,85123A,9,2.55,true,,87,0
2026-01-13,85123A,10,2.55,true,,78,0
2026-01-14,85123A,10,2.55,true,,68,0
2026-01-15,85123A,10,2.55,true,,58,0
2026-01-16,85123A,10,2.55,true,,48,136
2026-01-17,85123A,12,2.55,true,,174,0
2026-01-18,85123A,12,2.55,true,,162,0
2026-01-19,85123A,9,2.55,true,,150,0
2026-01-20,85123A,8,2.55,true,,141,0
2026-01-21,85123A,9,2.55,true,,133,0
2026-01-22,85123A,8,2.55,true,,124,0
2026-01-23,85123A,9,2.55,true,,116,0
2026-01-24,85123A,12,2.55,true,,107,0
2026-01-25,85123A,11,2.55,true,,95,0
2026-01-26,85123A,9,2.55,true,,84,0
2026-01-27,85123A,9,2.55,true,,75,0
2026-01-28,85123A,9,2.55,true,,66,0
2026-01-29,85123A,9,2.55,true,,57,0
2026-01-30,85123A,9,2.55,true,,48,132
2026-01-31,85123A,12,2.55,true,,171,0
2026-02-01,85123A,11,2.55,true,,159,0
2026-02-02,85123A,8,2.55,true,,148,0
2026-02-03,85123A,9,2.55,true,,140,0
2026-02-04,85123A,10,2.55,true,,131,0
2026-02-05,85123A,10,2.55,true,,121,0
2026-02-06,85123A,10,2.55,true,,111,0
2026-02-07,85123A,10,2.55,true,,101,0
2026-02-08,85123A,10,2.55,true,,91,0
2026-02-09,85123A,7,2.55,true,,81,0
2026-02-10,85123A,9,2.55,true,,74,0
2026-02-11,85123A,8,2.55,true,,65,0
2026-02-12,85123A,9,2.55,true,,57,0
2026-02-13,85123A,10,2.55,true,,48,136
2026-02-14,85123A,11,2.55,true,,174,0
2026-02-15,85123A,11,2.55,true,,163,0
2026-02-16,85123A,8,2.55,true,,152,0
2026-02-17,85123A,9,2.55,true,,144,0
2026-02-18,85123A,8,2.55,true,,135,0
2026-02-19,85123A,10,2.55,true,,127,0
2026-02-20,85123A,10,2.55,true,,117,0
2026-02-21,85123A,12,2.55,true,,107,0
2026-02-22,85123A,11,2.55,true,,95,0
2026-02-23,85123A,8,2.55,true,,84,0
2026-02-24,85123A,8,2.55,true,,76,0
2026-02-25,85123A,10,2.55,true,,68,0
2026-02-26,85123A,10,2.55,true,,58,0
2026-02-27,85123A,11,2.55,true,,48,139
2026-02-28,85123A,11,2.55,true,,176,0
2026-03-01,85123A,11,2.55,true,,165,0
2026-03-02,85123A,8,2.55,true,,154,0
2026-03-03,85123A,9,2.55,true,,146,0
2026-03-04,85123A,10,2.55,true,,137,0
2026-03-05,85123A,10,2.55,true,,127,0
2026-03-06,85123A,9,2.55,true,,117,0
2026-03-07,85123A,12,2.55,true,,108,0
2026-03-08,85123A,11,2.55,true,,96,0
2026-03-09,85123A,10,2.55,true,,85,0
2026-03-10,85123A,8,2.55,true,,75,0
2026-03-11,85123A,10,2.55,true,,67,0
2026-03-12,85123A,9,2.55,true,,57,0
2026-03-13,85123A,11,2.55,true,,48,129
2026-03-14,85123A,11,2.55,true,,166,0
2026-03-15,85123A,10,2.55,true,,155,0
2026-03-16,85123A,7,2.55,true,,145,0
2026-03-17,85123A,9,2.55,true,,138,0
2026-03-18,85123A,8,2.55,true,,129,0
2026-03-19,85123A,9,2.55,true,,121,0
2026-03-20,85123A,10,2.55,true,,112,0
2026-03-21,85123A,10,2.55,true,,102,0
2026-03-22,85123A,10,2.55,true,,92,0
2026-03-23,85123A,7,2.55,true,,82,0
2026-03-24,85123A,9,2.55,true,,75,0
2026-03-25,85123A,8,2.55,true,,66,0
2026-03-26,85123A,10,2.55,true,,58,0
2026-03-27,85123A,9,2.55,true,,48,136
2026-03-28,85123A,12,2.55,true,,175,0
2026-03-29,85123A,11,2.55,true,,163,0
2026-03-30,85123A,9,2.55,true,,152,0
2026-03-31,85123A,9,2.55,true,,143,0
2026-04-01,85123A,10,2.55,true,,134,0
2026-04-02,85123A,8,2.55,true,,124,0
2026-04-03,85123A,9,2.55,true,,116,0
2026-04-04,85123A,11,2.55,true,,107,0
2026-04-05,85123A,11,2.55,true,,96,0
2026-04-06,85123A,9,2.55,true,,85,0
2026-04-07,85123A,9,2.55,true,,76,0
2026-04-08,85123A,9,2.55,true,,67,0
2026-04-09,85123A,10,2.55,true,,58,0
2026-04-10,85123A,8,2.55,true,,48,0
2026-04-11,85123A,12,2.55,true,,40,137
2026-04-12,85123A,10,2.55,true,,165,0
2026-04-13,85123A,9,2.55,true,,155,0
2026-04-14,85123A,8,2.55,true,,146,0
2026-04-15,85123A,7,2.55,true,,138,0
2026-04-16,85123A,8,2.55,true,,131,0
2026-04-17,85123A,9,2.55,true,,123,0
2026-04-18,85123A,11,2.55,true,,114,0
2026-04-19,85123A,9,2.55,true,,103,0
2026-04-20,85123A,8,2.55,true,,94,0
2026-04-21,85123A,9,2.55,true,,86,0
2026-04-22,85123A,10,2.55,true,,77,0
2026-04-23,85123A,9,2.55,true,,67,0
2026-04-24,85123A,10,2.55,true,,58,0
2026-04-25,85123A,10,2.55,true,,48,125
2026-04-26,85123A,9,2.55,true,,163,0
2026-04-27,85123A,9,2.55,true,,154,0
2026-04-28,85123A,8,2.55,true,,145,0
2026-04-29,85123A,7,2.55,true,,137,0
2026-04-30,85123A,10,2.55,true,,130,0
2026-05-01,85123A,8,2.55,true,,120,0
2026-05-02,85123A,12,2.55,true,,112,0
2026-05-03,85123A,11,2.55,true,,100,0
2026-05-04,85123A,8,2.55,true,,89,0
2026-05-05,85123A,9,2.55,true,,81,0
2026-05-06,85123A,8,2.55,true,,72,0
2026-05-07,85123A,8,2.55,true,,64,0
2026-05-08,85123A,8,2.55,true,,56,0
2026-05-09,85123A,10,2.55,true,,48,132
2026-05-10,85123A,11,2.55,true,,170,0
2026-05-11,85123A,8,2.55,true,,159,0
2026-05-12,85123A,8,2.55,true,,151,0
2026-05-13,85123A,10,2.55,true,,143,0
2026-05-14,85123A,9,2.55,true,,133,0
2026-05-15,85123A,11,2.55,true,,124,0
2026-05-16,85123A,12,2.55,true,,113,0
2026-05-17,85123A,10,2.55,true,,101,0
2026-05-18,85123A,9,2.55,true,,91,0
2026-05-19,85123A,9,2.55,true,,82,0
2026-05-20,85123A,8,2.55,true,,73,0
2026-05-21,85123A,9,2.55,true,,65,0
2026-05-22,85123A,8,2.55,true,,56,0
2026-05-23,85123A,10,2.55,true,,48,126
2026-05-24,85123A,11,2.55,true,,164,0
2026-05-25,85123A,8,2.55,true,,153,0
2026-05-26,85123A,8,2.55,true,,145,0
2026-05-27,85123A,8,2.55,true,,137,0
2026-05-28,85123A,10,2.55,true,,129,0
2026-05-29,85123A,10,2.55,true,,119,0
2026-05-30,85123A,11,2.55,true,,109,0
2026-05-31,85123A,9,2.55,true,,98,0
2026-06-01,85123A,9,2.55,true,,89,0
2026-06-02,85123A,7,2.55,true,,80,0
2026-06-03,85123A,8,2.55,true,,73,0
2026-06-04,85123A,8,2.55,true,,65,0
2026-06-05,85123A,9,2.55,true,,57,0
2026-06-06,85123A,11,2.55,true,,48,130
2026-06-07,85123A,10,2.55,true,,167,0
2026-06-08,85123A,8,2.55,true,,157,0
2026-06-09,85123A,9,2.55,true,,149,0
2026-06-10,85123A,8,2.55,true,,140,0
2026-06-11,85123A,10,2.55,true,,132,0
2026-06-12,85123A,9,2.55,true,,122,0
2026-06-13,85123A,12,2.55,true,,113,0
2026-06-14,85123A,9,2.55,true,,101,0
2026-06-15,85123A,8,2.55,true,,92,0
2026-06-16,85123A,8,2.55,true,,84,0
2026-06-17,85123A,8,2.55,true,,76,0
2026-06-18,85123A,10,2.55,true,,68,0
2026-06-19,85123A,10,2.55,true,,58,0
2026-06-20,85123A,11,2.55,true,,48,131
2026-06-21,85123A,11,2.55,true,,168,0
2026-06-22,85123A,8,2.55,true,,157,0
2026-06-23,85123A,8,2.55,true,,149,0
2026-06-24,85123A,9,2.55,true,,141,0
2026-06-25,85123A,10,2.55,true,,132,0
2026-06-26,85123A,9,2.55,true,,122,0
2026-06-27,85123A,11,2.55,true,,113,0
2026-06-28,85123A,10,2.55,true,,102,0
2026-06-29,85123A,9,2.55,true,,92,0
2026-06-30,85123A,8,2.55,true,,83,0
2026-07-01,85123A,10,2.55,true,,75,0
2026-07-02,85123A,8,2.55,true,,65,0
2026-07-03,85123A,9,2.55,true,,57,0
2026-07-04,85123A,10,2.55,true,,48,126
2026-07-05,85123A,10,2.55,true,,164,0
2026-07-06,85123A,7,2.55,true,,154,0
2026-07-07,85123A,10,2.55,true,,147,0
2026-07-08,85123A,10,2.55,true,,137,0
2026-07-09,85123A,9,2.55,true,,127,0
2026-07-10,85123A,8,2.55,true,,118,0
2026-07-11,85123A,11,2.55,true,,110,0
2026-07-12,85123A,10,2.55,true,,99,0
2026-07-13,85123A,8,2.55,true,,89,0
2026-07-14,85123A,7,2.55,true,,81,0
2026-07-15,85123A,8,2.55,true,,74,0
2026-07-16,85123A,9,2.55,true,,66,0
2026-07-17,85123A,9,2.55,true,,57,0
2026-07-18,85123A,11,2.55,true,,48,137
2026-07-19,85123A,11,2.55,true,,174,0
2026-07-20,85123A,8,2.55,true,,163,0
2026-07-21,85123A,10,2.55,true,,155,0
2026-07-22,85123A,8,2.55,true,,145,0
2026-07-23,85123A,9,2.55,true,,137,0
2026-07-24,85123A,11,2.55,true,,128,0
2026-07-25,85123A,12,2.55,true,,117,0
2026-07-26,85123A,10,2.55,true,,105,0
2026-07-27,85123A,9,2.55,true,,95,0
2026-07-28,85123A,10,2.55,true,,86,0
2026-07-29,85123A,8,2.55,true,,76,0
2026-07-30,85123A,9,2.55,true,,68,0
2026-07-31,85123A,11,2.55,true,,59,0
2026-08-01,85123A,12,2.55,true,,48,139
2026-08-02,85123A,11,2.55,true,,175,0
2026-08-03,85123A,8,2.55,true,,164,0
2026-08-04,85123A,9,2.55,true,,156,0
2026-08-05,85123A,9,2.55,true,,147,0
2026-08-06,85123A,11,2.55,true,,138,0
2026-08-07,85123A,11,2.55,true,,127,0
2026-08-08,85123A,11,2.55,true,,116,0
2026-08-09,85123A,11,2.55,true,,105,0
2026-08-10,85123A,8,2.55,true,,94,0
2026-08-11,85123A,8,2.55,true,,86,0
2026-08-12,85123A,10,2.55,true,,78,0
2026-08-13,85123A,10,2.55,true,,68,0
2026-08-14,85123A,10,2.55,true,,58,0
2026-08-15,85123A,11,2.55,true,,48,91
2026-08-16,85123A,11,2.55,true,,128,0
2026-08-17,85123A,9,2.55,true,,117,0
2026-08-18,85123A,8,2.55,true,,108,0
2026-08-19,85123A,10,2.55,true,,100,0
2026-08-20,85123A,11,2.55,true,,90,0
2026-08-21,85123A,10,2.55,true,,79,0
2026-08-22,85123A,11,2.55,true,,69,0
2026-08-23,85123A,10,2.55,true,,58,0
2026-08-24,85123A,8,2.55,true,,48,182
2026-08-25,85123A,9,2.55,true,,222,0
2026-08-26,85123A,9,2.55,true,,213,0
2026-08-27,85123A,10,2.55,true,,204,0
2026-08-28,85123A,11,2.55,true,,194,0
2026-08-29,85123A,10,2.55,true,,183,0
2026-08-30,85123A,12,2.55,true,,173,0
2026-08-31,85123A,10,2.55,true,,161,0
2026-09-01,85123A,8,2.55,true,,151,0
2026-09-02,85123A,9,2.55,true,,143,0
2026-09-03,85123A,11,2.55,true,,134,0
2026-09-04,85123A,9,2.55,true,,123,0
2026-09-05,85123A,11,2.55,true,,114,0
2026-09-06,85123A,12,2.55,true,,103,0
2026-09-07,85123A,8,2.55,true,,91,0
2026-09-08,85123A,10,2.55,true,,83,0
2026-09-09,85123A,10,2.55,true,,73,0
2026-09-10,85123A,10,2.55,true,,63,0
2026-09-11,85123A,9,2.55,true,,53,0
2026-09-12,85123A,12,2.55,true,,44,0
2026-09-13,85123A,12,2.55,true,,32,0
2024-09-14,71053,14,3.39,true,,333,0
2024-09-15,71053,13,3.39,true,,319,0
2024-09-16,71053,9,3.39,true,,306,0
2024-09-17,71053,11,3.39,true,,297,0
2024-09-18,71053,10,3.39,true,,286,0
2024-09-19,71053,11,3.39,true,,276,0
2024-09-20,71053,13,3.39,true,,265,0
2024-09-21,71053,14,3.39,true,,252,0
2024-09-22,71053,12,3.39,true,,238,0
2024-09-23,71053,10,3.39,true,,226,0
2024-09-24,71053,12,3.39,true,,216,0
2024-09-25,71053,10,3.39,true,,204,0
2024-09-26,71053,11,3.39,true,,194,0
2024-09-27,71053,11,3.39,true,,183,0
2024-09-28,71053,13,3.39,true,,172,0
2024-09-29,71053,13,3.39,true,,159,0
2024-09-30,71053,12,3.39,true,,146,0
2024-10-01,71053,12,3.39,true,,134,0
2024-10-02,71053,10,3.39,true,,122,0
2024-10-03,71053,12,3.39,true,,112,0
2024-10-04,71053,12,3.39,true,,100,0
2024-10-05,71053,14,3.39,true,,88,0
2024-10-06,71053,13,3.39,true,,74,0
2024-10-07,71053,11,3.39,true,,61,176
2024-10-08,71053,11,3.39,true,,226,0
2024-10-09,71053,11,3.39,true,,215,0
2024-10-10,71053,12,3.39,true,,204,0
2024-10-11,71053,12,3.39,true,,192,0
2024-10-12,71053,13,3.39,true,,180,0
2024-10-13,71053,13,3.39,true,,167,0
2024-10-14,71053,9,3.39,true,,154,0
2024-10-15,71053,12,3.39,true,,145,0
2024-10-16,71053,12,3.39,true,,133,0
2024-10-17,71053,13,3.39,true,,121,0
2024-10-18,71053,13,3.39,true,,108,0
2024-10-19,71053,15,3.39,true,,95,0
2024-10-20,71053,14,3.39,true,,80,0
2024-10-21,71053,12,3.39,true,,66,173
2024-10-22,71053,10,3.39,true,,227,0
2024-10-23,71053,11,3.39,true,,217,0
2024-10-24,71053,12,3.39,true,,206,0
2024-10-25,71053,12,3.39,true,,194,0
2024-10-26,71053,15,3.39,true,,182,0
2024-10-27,71053,14,3.39,true,,167,0
2024-10-28,71053,11,3.39,true,,153,0
2024-10-29,71053,12,3.39,true,,142,0
2024-10-30,71053,11,3.39,true,,130,0
2024-10-31,71053,13,3.39,true,,119,0
2024-11-01,71053,12,3.39,true,,106,0
2024-11-02,71053,15,3.39,true,,94,0
2024-11-03,71053,13,3.39,true,,79,0
2024-11-04,71053,11,3.39,true,,66,0
2024-11-05,71053,12,3.39,true,,55,188
2024-11-06,71053,11,3.39,true,,231,0
2024-11-07,71053,13,3.39,true,,220,0
2024-11-08,71053,14,3.39,true,,207,0
2024-11-09,71053,14,3.39,true,,193,0
2024-11-10,71053,15,3.39,true,,179,0
2024-11-11,71053,12,3.39,true,,164,0
2024-11-12,71053,13,3.39,true,,152,0
2024-11-13,71053,12,3.39,true,,139,0
2024-11-14,71053,12,3.39,true,,127,0
2024-11-15,71053,13,3.39,true,,115,0
2024-11-16,71053,13,3.39,true,,102,0
2024-11-17,71053,13,3.39,true,,89,0
2024-11-18,71053,10,3.39,true,,76,0
2024-11-19,71053,13,3.39,true,,66,177
2024-11-20,71053,11,3.39,true,,230,0
2024-11-21,71053,11,3.39,true,,219,0
2024-11-22,71053,13,3.39,true,,208,0
2024-11-23,71053,14,3.39,true,,195,0
2024-11-24,71053,15,3.39,true,,181,0
2024-11-25,71053,12,3.39,true,,166,0
2024-11-26,71053,11,3.39,true,,154,0
2024-11-27,71053,12,3.39,true,,143,0
2024-11-28,71053,13,3.39,true,,131,0
2024-11-29,71053,12,3.39,true,,118,0
2024-11-30,71053,15,3.39,true,,106,0
2024-12-01,71053,13,3.39,true,,91,0
2024-12-02,71053,12,3.39,true,,78,0
2024-12-03,71053,12,3.39,true,,66,175
2024-12-04,71053,11,3.39,true,,229,0
2024-12-05,71053,11,3.39,true,,218,0
2024-12-06,71053,13,3.39,true,,207,0
2024-12-07,71053,16,3.39,true,,194,0
2024-12-08,71053,13,3.39,true,,178,0
2024-12-09,71053,11,3.39,true,,165,0
2024-12-10,71053,12,3.39,true,,154,0
2024-12-11,71053,11,3.39,true,,142,0
2024-12-12,71053,13,3.39,true,,131,0
2024-12-13,71053,14,3.39,true,,118,0
2024-12-14,71053,13,3.39,true,,104,0
2024-12-15,71053,13,3.39,true,,91,0
2024-12-16,71053,12,3.39,true,,78,0
2024-12-17,71053,11,3.39,true,,66,0
2024-12-18,71053,12,3.39,true,,55,191
2024-12-19,71053,13,3.39,true,,234,0
2024-12-20,71053,13,3.39,true,,221,0
2024-12-21,71053,14,3.39,true,,208,0
2024-12-22,71053,13,3.39,true,,194,0
2024-12-23,71053,12,3.39,true,,181,0
2024-12-24,71053,12,3.39,true,,169,0
2024-12-25,71053,13,3.39,true,,157,0
2024-12-26,71053,11,3.39,true,,144,0
2024-12-27,71053,12,3.39,true,,133,0
2024-12-28,71053,15,3.39,true,,121,0
2024-12-29,71053,15,3.39,true,,106,0
2024-12-30,71053,12,3.39,true,,91,0
2024-12-31,71053,13,3.39,true,,79,0
2025-01-01,71053,11,3.39,true,,66,0
2025-01-02,71053,13,3.39,true,,55,188
2025-01-03,71053,12,3.39,true,,230,0
2025-01-04,71053,13,3.39,true,,218,0
2025-01-05,71053,15,3.39,true,,205,0
2025-01-06,71053,10,3.39,true,,190,0
2025-01-07,71053,11,3.39,true,,180,0
2025-01-08,71053,13,3.39,true,,169,0
2025-01-09,71053,13,3.39,true,,156,0
2025-01-10,71053,14,3.39,true,,143,0
2025-01-11,71053,15,3.39,true,,129,0
2025-01-12,71053,13,3.39,true,,114,0
2025-01-13,71053,11,3.39,true,,101,0
2025-01-14,71053,11,3.39,true,,90,0
2025-01-15,71053,13,3.39,true,,79,0
2025-01-16,71053,12,3.39,true,,66,174
2025-01-17,71053,12,3.39,true,,228,0
2025-01-18,71053,14,3.39,true,,216,0
2025-01-19,71053,14,3.39,true,,202,0
2025-01-20,71053,10,3.39,true,,188,0
2025-01-21,71053,12,3.39,true,,178,0
2025-01-22,71053,13,3.39,true,,166,0
2025-01-23,71053,11,3.39,true,,153,0
2025-01-24,71053,13,3.39,true,,142,0
2025-01-25,71053,15,3.39,true,,129,0
2025-01-26,71053,13,3.39,true,,114,0
2025-01-27,71053,11,3.39,true,,101,0
2025-01-28,71053,12,3.39,true,,90,0
2025-01-29,71053,12,3.39,true,,78,0
2025-01-30,71053,13,3.39,true,,66,174
2025-01-31,71053,13,3.39,true,,227,0
2025-02-01,71053,15,3.39,true,,214,0
2025-02-02,71053,15,3.39,true,,199,0
2025-02-03,71053,10,3.39,true,,184,0
2025-02-04,71053,11,3.39,true,,174,0
2025-02-05,71053,11,3.39,true,,163,0
2025-02-06,71053,13,3.39,true,,152,0
2025-02-07,71053,13,3.39,true,,139,0
2025-02-08,71053,13,3.39,true,,126,0
2025-02-09,71053,15,3.39,true,,113,0
2025-02-10,71053,11,3.39,true,,98,0
2025-02-11,71053,10,3.39,true,,87,0
2025-02-12,71053,11,3.39,true,,77,0
2025-02-13,71053,12,3.39,true,,66,173
2025-02-14,71053,13,3.39,true,,227,0
2025-02-15,71053,14,3.39,true,,214,0
2025-02-16,71053,14,3.39,true,,200,0
2025-02-17,71053,11,3.39,true,,186,0
2025-02-18,71053,12,3.39,true,,175,0
2025-02-19,71053,12,3.39,true,,163,0
2025-02-20,71053,11,3.39,true,,151,0
2025-02-21,71053,12,3.39,true,,140,0
2025-02-22,71053,13,3.39,true,,128,0
2025-02-23,71053,14,3.39,true,,115,0
2025-02-24,71053,12,3.39,true,,101,0
2025-02-25,71053,12,3.39,true,,89,0
2025-02-26,71053,11,3.39,true,,77,0
2025-02-27,71053,11,3.39,true,,66,0
2025-02-28,71053,13,3.39,true,,55,181
2025-03-01,71053,13,3.39,true,,223,0
2025-03-02,71053,14,3.39,true,,210,0
2025-03-03,71053,11,3.39,true,,196,0
2025-03-04,71053,12,3.39,true,,185,0
2025-03-05,71053,11,3.39,true,,173,0
2025-03-06,71053,11,3.39,true,,162,0
2025-03-07,71053,12,3.39,true,,151,0
2025-03-08,71053,14,3.39,true,,139,0
2025-03-09,71053,14,3.39,true,,125,0
2025-03-10,71053,12,3.39,true,,111,0
2025-03-11,71053,11,3.39,true,,99,0
2025-03-12,71053,12,3.39,true,,88,0
2025-03-13,71053,10,3.39,true,,76,0
2025-03-14,71053,12,3.39,true,,66,163
2025-03-15,71053,14,3.39,true,,217,0
2025-03-16,71053,12,3.39,true,,203,0
2025-03-17,71053,9,3.39,true,,191,0
2025-03-18,71053,12,3.39,true,,182,0
2025-03-19,71053,11,3.39,true,,170,0
2025-03-20,71053,12,3.39,true,,159,0
2025-03-21,71053,12,3.39,true,,147,0
2025-03-22,71053,13,3.39,true,,135,0
2025-03-23,71053,13,3.39,true,,122,0
2025-03-24,71053,10,3.39,true,,109,0
2025-03-25,71053,12,3.39,true,,99,0
2025-03-26,71053,10,3.39,true,,87,0
2025-03-27,71053,11,3.39,true,,77,0
2025-03-28,71053,12,3.39,true,,66,155
2025-03-29,71053,13,3.39,true,,209,0
2025-03-30,71053,13,3.39,true,,196,0
2025-03-31,71053,9,3.39,true,,183,0
2025-04-01,71053,9,3.39,true,,174,0
2025-04-02,71053,10,3.39,true,,165,0
2025-04-03,71053,10,3.39,true,,155,0
2025-04-04,71053,12,3.39,true,,145,0
2025-04-05,71053,14,3.39,true,,133,0
2025-04-06,71053,12,3.39,true,,119,0
2025-04-07,71053,10,3.39,true,,107,0
2025-04-08,71053,10,3.39,true,,97,0
2025-04-09,71053,10,3.39,true,,87,0
2025-04-10,71053,11,3.39,true,,77,0
2025-04-11,71053,11,3.39,true,,66,0
2025-04-12,71053,14,3.39,true,,55,170
2025-04-13,71053,14,3.39,true,,211,0
2025-04-14,71053,9,3.39,true,,197,0
2025-04-15,71053,11,3.39,true,,188,0
2025-04-16,71053,10,3.39,true,,177,0
2025-04-17,71053,11,3.39,true,,167,0
2025-04-18,71053,11,3.39,true,,156,0
2025-04-19,71053,14,3.39,true,,145,0
2025-04-20,71053,12,3.39,true,,131,0
2025-04-21,71053,9,3.39,true,,119,0
2025-04-22,71053,10,3.39,true,,110,0
2025-04-23,71053,11,3.39,true,,100,0
2025-04-24,71053,11,3.39,true,,89,0
2025-04-25,71053,12,3.39,true,,78,0
2025-04-26,71053,12,3.39,true,,66,155
2025-04-27,71053,13,3.39,true,,209,0
2025-04-28,71053,9,3.39,true,,196,0
2025-04-29,71053,11,3.39,true,,187,0
2025-04-30,71053,10,3.39,true,,176,0
2025-05-01,71053,10,3.39,true,,166,0
2025-05-02,71053,11,3.39,true,,156,0
2025-05-03,71053,13,3.39,true,,145,0
2025-05-04,71053,13,3.39,true,,132,0
2025-05-05,71053,9,3.39,true,,119,0
2025-05-06,71053,10,3.39,true,,110,0
2025-05-07,71053,10,3.39,true,,100,0
2025-05-08,71053,12,3.39,true,,90,0
2025-05-09,71053,12,3.39,true,,78,0
2025-05-10,71053,12,3.39,true,,66,156
2025-05-11,71053,12,3.39,true,,210,0
2025-05-12,71053,11,3.39,true,,198,0
2025-05-13,71053,9,3.39,true,,187,0
2025-05-14,71053,10,3.39,true,,178,0
2025-05-15,71053,10,3.39,true,,168,0
2025-05-16,71053,11,3.39,true,,158,0
2025-05-17,71053,13,3.39,true,,147,0
2025-05-18,71053,13,3.39,true,,134,0
2025-05-19,71053,10,3.39,true,,121,0
2025-05-20,71053,11,3.39,true,,111,0
2025-05-21,71053,11,3.39,true,,100,0
2025-05-22,71053,11,3.39,true,,89,0
2025-05-23,71053,12,3.39,true,,78,0
2025-05-24,71053,12,3.39,true,,66,152
2025-05-25,71053,11,3.39,true,,206,0
2025-05-26,71053,9,3.39,true,,195,0
2025-05-27,71053,11,3.39,true,,186,0
2025-05-28,71053,10,3.39,true,,175,0
2025-05-29,71053,12,3.39,true,,165,0
2025-05-30,71053,10,3.39,true,,153,0
2025-05-31,71053,12,3.39,true,,143,0
2025-06-01,71053,11,3.39,true,,131,0
2025-06-02,71053,10,3.39,true,,120,0
2025-06-03,71053,11,3.39,true,,110,0
2025-06-04,71053,10,3.39,true,,99,0
2025-06-05,71053,12,3.39,true,,89,0
2025-06-06,71053,11,3.39,true,,77,0
2025-06-07,71053,12,3.39,true,,66,145
2025-06-08,71053,11,3.39,true,,199,0
2025-06-09,71053,10,3.39,true,,188,0
2025-06-10,71053,10,3.39,true,,178,0
2025-06-11,71053,10,3.39,true,,168,0
2025-06-12,71053,11,3.39,true,,158,0
2025-06-13,71053,10,3.39,true,,147,0
2025-06-14,71053,12,3.39,true,,137,0
2025-06-15,71053,11,3.39,true,,125,0
2025-06-16,71053,8,3.39,true,,114,0
2025-06-17,71053,9,3.39,true,,106,0
2025-06-18,71053,10,3.39,true,,97,0
2025-06-19,71053,9,3.39,true,,87,0
2025-06-20,71053,12,3.39,true,,78,0
2025-06-21,71053,13,3.39,true,,66,156
2025-06-22,71053,12,3.39,true,,209,0
2025-06-23,71053,11,3.39,true,,197,0
2025-06-24,71053,9,3.39,true,,186,0
2025-06-25,71053,10,3.39,true,,177,0
2025-06-26,71053,10,3.39,true,,167,0
2025-06-27,71053,12,3.39,true,,157,0
2025-06-28,71053,13,3.39,true,,145,0
2025-06-29,71053,12,3.39,true,,132,0
2025-06-30,71053,10,3.39,true,,120,0
2025-07-01,71053,11,3.39,true,,110,0
2025-07-02,71053,11,3.39,true,,99,0
2025-07-03,71053,10,3.39,true,,88,0
2025-07-04,71053,12,3.39,true,,78,0
2025-07-05,71053,14,3.39,true,,66,154
2025-07-06,71053,12,3.39,true,,206,0
2025-07-07,71053,10,3.39,true,,194,0
2025-07-08,71053,10,3.39,true,,184,0
2025-07-09,71053,10,3.39,true,,174,0
2025-07-10,71053,10,3.39,true,,164,0
2025-07-11,71053,12,3.39,true,,154,0
2025-07-12,71053,13,3.39,true,,142,0
2025-07-13,71053,11,3.39,true,,129,0
2025-07-14,71053,9,3.39,true,,118,0
2025-07-15,71053,10,3.39,true,,109,0
2025-07-16,71053,9,3.39,true,,99,0
2025-07-17,71053,12,3.39,true,,90,0
2025-07-18,71053,12,3.39,true,,78,0
2025-07-19,71053,12,3.39,true,,66,152
2025-07-20,71053,11,3.39,true,,206,0
2025-07-21,71053,10,3.39,true,,195,0
2025-07-22,71053,10,3.39,true,,185,0
2025-07-23,71053,11,3.39,true,,175,0
2025-07-24,71053,11,3.39,true,,164,0
2025-07-25,71053,11,3.39,true,,153,0
2025-07-26,71053,12,3.39,true,,142,0
2025-07-27,71053,12,3.39,true,,130,0
2025-07-28,71053,9,3.39,true,,118,0
2025-07-29,71053,11,3.39,true,,109,0
2025-07-30,71053,11,3.39,true,,98,0
2025-07-31,71053,10,3.39,true,,87,0
2025-08-01,71053,11,3.39,true,,77,0
2025-08-02,71053,14,3.39,true,,66,156
2025-08-03,71053,12,3.39,true,,208,0
2025-08-04,71053,9,3.39,true,,196,0
2025-08-05,71053,10,3.39,true,,187,0
2025-08-06,71053,10,3.39,true,,177,0
2025-08-07,71053,11,3.39,true,,167,0
2025-08-08,71053,13,3.39,true,,156,0
2025-08-09,71053,14,3.39,true,,143,0
2025-08-10,71053,12,3.39,true,,129,0
2025-08-11,71053,10,3.39,true,,117,0
2025-08-12,71053,9,3.39,true,,107,0
2025-08-13,71053,10,3.39,true,,98,0
2025-08-14,71053,10,3.39,true,,88,0
2025-08-15,71053,12,3.39,true,,78,0
2025-08-16,71053,13,3.39,true,,66,161
2025-08-17,71053,13,3.39,true,,214,0
2025-08-18,71053,9,3.39,true,,201,0
2025-08-19,71053,10,3.39,true,,192,0
2025-08-20,71053,12,3.39,true,,182,0
2025-08-21,71053,11,3.39,true,,170,0
2025-08-22,71053,13,3.39,true,,159,0
2025-08-23,71053,12,3.39,true,,146,0
2025-08-24,71053,13,3.39,true,,134,0
2025-08-25,71053,11,3.39,true,,121,0
2025-08-26,71053,10,3.39,true,,110,0
2025-08-27,71053,12,3.39,true,,100,0
2025-08-28,71053,11,3.39,true,,88,0
2025-08-29,71053,11,3.39,true,,77,0
2025-08-30,71053,13,3.39,true,,66,163
2025-08-31,71053,13,3.39,true,,216,0
2025-09-01,71053,10,3.39,true,,203,0
2025-09-02,71053,11,3.39,true,,193,0
2025-09-03,71053,10,3.39,true,,182,0
2025-09-04,71053,12,3.39,true,,172,0
2025-09-05,71053,13,3.39,true,,160,0
2025-09-06,71053,14,3.39,true,,147,0
2025-09-07,71053,14,3.39,true,,133,0
2025-09-08,71053,11,3.39,true,,119,0
2025-09-09,71053,10,3.39,true,,108,0
2025-09-10,71053,11,3.39,true,,98,0
2025-09-11,71053,10,3.39,true,,87,0
2025-09-12,71053,11,3.39,true,,77,0
2025-09-13,71053,14,3.39,true,,66,163
2025-09-14,71053,13,3.39,true,,215,0
2025-09-15,71053,11,3.39,true,,202,0
2025-09-16,71053,12,3.39,true,,191,0
2025-09-17,71053,11,3.39,true,,179,0
2025-09-18,71053,11,3.39,true,,168,0
2025-09-19,71053,11,3.39,true,,157,0
2025-09-20,71053,14,3.39,true,,146,0
2025-09-21,71053,13,3.39,true,,132,0
2025-09-22,71053,9,3.39,true,,119,0
2025-09-23,71053,10,3.39,true,,110,0
2025-09-24,71053,11,3.39,true,,100,0
2025-09-25,71053,12,3.39,true,,89,0
2025-09-26,71053,11,3.39,true,,77,0
2025-09-27,71053,15,3.39,true,,66,171
2025-09-28,71053,14,3.39,true,,222,0
2025-09-29,71053,11,3.39,true,,208,0
2025-09-30,71053,11,3.39,true,,197,0
2025-10-01,71053,11,3.39,true,,186,0
2025-10-02,71053,12,3.39,true,,175,0
2025-10-03,71053,12,3.39,true,,163,0
2025-10-04,71053,15,3.39,true,,151,0
2025-10-05,71053,13,3.39,true,,136,0
2025-10-06,71053,10,3.39,true,,123,0
2025-10-07,71053,11,3.39,true,,113,0
2025-10-08,71053,12,3.39,true,,102,0
2025-10-09,71053,11,3.39,true,,90,0
2025-10-10,71053,13,3.39,true,,79,0
2025-10-11,71053,15,3.39,true,,66,175
2025-10-12,71053,14,3.39,true,,226,0
2025-10-13,71053,11,3.39,true,,212,0
2025-10-14,71053,12,3.39,true,,201,0
2025-10-15,71053,10,3.39,true,,189,0
2025-10-16,71053,12,3.39,true,,179,0
2025-10-17,71053,13,3.39,true,,167,0
2025-10-18,71053,14,3.39,true,,154,0
2025-10-19,71053,13,3.39,true,,140,0
2025-10-20,71053,12,3.39,true,,127,0
2025-10-21,71053,12,3.39,true,,115,0
2025-10-22,71053,11,3.39,true,,103,0
2025-10-23,71053,12,3.39,true,,92,0
2025-10-24,71053,14,3.39,true,,80,0
2025-10-25,71053,15,3.39,true,,66,173
2025-10-26,71053,14,3.39,true,,224,0
2025-10-27,71053,11,3.39,true,,210,0
2025-10-28,71053,11,3.39,true,,199,0
2025-10-29,71053,12,3.39,true,,188,0
2025-10-30,71053,13,3.39,true,,176,0
2025-10-31,71053,13,3.39,true,,163,0
2025-11-01,71053,15,3.39,true,,150,0
2025-11-02,71053,13,3.39,true,,135,0
2025-11-03,71053,10,3.39,true,,122,0
2025-11-04,71053,10,3.39,true,,112,0
2025-11-05,71053,11,3.39,true,,102,0
2025-11-06,71053,12,3.39,true,,91,0
2025-11-07,71053,13,3.39,true,,79,0
2025-11-08,71053,15,3.39,true,,66,178
2025-11-09,71053,14,3.39,true,,229,0
2025-11-10,71053,12,3.39,true,,215,0
2025-11-11,71053,12,3.39,true,,203,0
2025-11-12,71053,12,3.39,true,,191,0
2025-11-13,71053,11,3.39,true,,179,0
2025-11-14,71053,14,3.39,true,,168,0
2025-11-15,71053,14,3.39,true,,154,0
2025-11-16,71053,15,3.39,true,,140,0
2025-11-17,71053,10,3.39,true,,125,0
2025-11-18,71053,12,3.39,true,,115,0
2025-11-19,71053,13,3.39,true,,103,0
2025-11-20,71053,12,3.39,true,,90,0
2025-11-21,71053,12,3.39,true,,78,0
2025-11-22,71053,14,3.39,true,,66,173
2025-11-23,71053,13,3.39,true,,225,0
2025-11-24,71053,10,3.39,true,,212,0
2025-11-25,71053,12,3.39,true,,202,0
2025-11-26,71053,12,3.39,true,,190,0
2025-11-27,71053,13,3.39,true,,178,0
2025-11-28,71053,13,3.39,true,,165,0
2025-11-29,71053,15,3.39,true,,152,0
2025-11-30,71053,14,3.39,true,,137,0
2025-12-01,71053,10,3.39,true,,123,0
2025-12-02,71053,13,3.39,true,,113,0
2025-12-03,71053,10,3.39,true,,100,0
2025-12-04,71053,12,3.39,true,,90,0
2025-12-05,71053,12,3.39,true,,78,0
2025-12-06,71053,14,3.39,true,,66,177
2025-12-07,71053,13,3.39,true,,229,0
2025-12-08,71053,12,3.39,true,,216,0
2025-12-09,71053,11,3.39,true,,204,0
2025-12-10,71053,12,3.39,true,,193,0
2025-12-11,71053,12,3.39,true,,181,0
2025-12-12,71053,13,3.39,true,,169,0
2025-12-13,71053,14,3.39,true,,156,0
2025-12-14,71053,14,3.39,true,,142,0
2025-12-15,71053,11,3.39,true,,128,0
2025-12-16,71053,12,3.39,true,,117,0
2025-12-17,71053,13,3.39,true,,105,0
2025-12-18,71053,12,3.39,true,,92,0
2025-12-19,71053,14,3.39,true,,80,0
2025-12-20,71053,14,3.39,true,,66,177
2025-12-21,71053,14,3.39,true,,229,0
2025-12-22,71053,11,3.39,true,,215,0
2025-12-23,71053,11,3.39,true,,204,0
2025-12-24,71053,12,3.39,true,,193,0
2025-12-25,71053,13,3.39,true,,181,0
2025-12-26,71053,14,3.39,true,,168,0
2025-12-27,71053,14,3.39,true,,154,0
2025-12-28,71053,13,3.39,true,,140,0
2025-12-29,71053,11,3.39,true,,127,0
2025-12-30,71053,13,3.39,true,,116,0
2025-12-31,71053,12,3.39,true,,103,0
2026-01-01,71053,12,3.39,true,,91,0
2026-01-02,71053,13,3.39,true,,79,0
2026-01-03,71053,13,3.39,true,,66,174
2026-01-04,71053,13,3.39,true,,227,0
2026-01-05,71053,10,3.39,true,,214,0
2026-01-06,71053,12,3.39,true,,204,0
2026-01-07,71053,11,3.39,true,,192,0
2026-01-08,71053,13,3.39,true,,181,0
2026-01-09,71053,12,3.39,true,,168,0
2026-01-10,71053,14,3.39,true,,156,0
2026-01-11,71053,15,3.39,true,,142,0
2026-01-12,71053,11,3.39,true,,127,0
2026-01-13,71053,12,3.39,true,,116,0
2026-01-14,71053,12,3.39,true,,104,0
2026-01-15,71053,13,3.39,true,,92,0
2026-01-16,71053,13,3.39,true,,79,0
2026-01-17,71053,15,3.39,true,,66,171
2026-01-18,71053,13,3.39,true,,222,0
2026-01-19,71053,10,3.39,true,,209,0
2026-01-20,71053,12,3.39,true,,199,0
2026-01-21,71053,11,3.39,true,,187,0
2026-01-22,71053,11,3.39,true,,176,0
2026-01-23,71053,13,3.39,true,,165,0
2026-01-24,71053,15,3.39,true,,152,0
2026-01-25,71053,13,3.39,true,,137,0
2026-01-26,71053,10,3.39,true,,124,0
2026-01-27,71053,10,3.39,true,,114,0
2026-01-28,71053,11,3.39,true,,104,0
2026-01-29,71053,13,3.39,true,,93,0
2026-01-30,71053,14,3.39,true,,80,0
2026-01-31,71053,14,3.39,true,,66,175
2026-02-01,71053,14,3.39,true,,227,0
2026-02-02,71053,10,3.39,true,,213,0
2026-02-03,71053,12,3.39,true,,203,0
2026-02-04,71053,11,3.39,true,,191,0
2026-02-05,71053,12,3.39,true,,180,0
2026-02-06,71053,12,3.39,true,,168,0
2026-02-07,71053,14,3.39,true,,156,0
2026-02-08,71053,15,3.39,true,,142,0
2026-02-09,71053,12,3.39,true,,127,0
2026-02-10,71053,11,3.39,true,,115,0
2026-02-11,71053,11,3.39,true,,104,0
2026-02-12,71053,13,3.39,true,,93,0
2026-02-13,71053,14,3.39,true,,80,0
2026-02-14,71053,15,3.39,true,,66,172
2026-02-15,71053,14,3.39,true,,223,0
2026-02-16,71053,11,3.39,true,,209,0
2026-02-17,71053,12,3.39,true,,198,0
2026-02-18,71053,11,3.39,true,,186,0
2026-02-19,71053,12,3.39,true,,175,0
2026-02-20,71053,12,3.39,true,,163,0
2026-02-21,71053,14,3.39,true,,151,0
2026-02-22,71053,14,3.39,true,,137,0
2026-02-23,71053,10,3.39,true,,123,0
2026-02-24,71053,11,3.39,true,,113,0
2026-02-25,71053,12,3.39,true,,102,0
2026-02-26,71053,11,3.39,true,,90,0
2026-02-27,71053,13,3.39,true,,79,0
2026-02-28,71053,13,3.39,true,,66,168
2026-03-01,71053,14,3.39,true,,221,0
2026-03-02,71053,11,3.39,true,,207,0
2026-03-03,71053,10,3.39,true,,196,0
2026-03-04,71053,12,3.39,true,,186,0
2026-03-05,71053,11,3.39,true,,174,0
2026-03-06,71053,11,3.39,true,,163,0
2026-03-07,71053,15,3.39,true,,152,0
2026-03-08,71053,13,3.39,true,,137,0
2026-03-09,71053,12,3.39,true,,124,0
2026-03-10,71053,10,3.39,true,,112,0
2026-03-11,71053,12,3.39,true,,102,0
2026-03-12,71053,12,3.39,true,,90,0
2026-03-13,71053,12,3.39,true,,78,0
2026-03-14,71053,15,3.39,true,,66,161
2026-03-15,71053,12,3.39,true,,212,0
2026-03-16,71053,10,3.39,true,,200,0
2026-03-17,71053,10,3.39,true,,190,0
2026-03-18,71053,10,3.39,true,,180,0
2026-03-19,71053,10,3.39,true,,170,0
2026-03-20,71053,11,3.39,true,,160,0
2026-03-21,71053,14,3.39,true,,149,0
2026-03-22,71053,13,3.39,true,,135,0
2026-03-23,71053,11,3.39,true,,122,0
2026-03-24,71053,10,3.39,true,,111,0
2026-03-25,71053,11,3.39,true,,101,0
2026-03-26,71053,11,3.39,true,,90,0
2026-03-27,71053,13,3.39,true,,79,0
2026-03-28,71053,13,3.39,true,,66,164
2026-03-29,71053,12,3.39,true,,217,0
2026-03-30,71053,11,3.39,true,,205,0
2026-03-31,71053,12,3.39,true,,194,0
2026-04-01,71053,11,3.39,true,,182,0
2026-04-02,71053,10,3.39,true,,171,0
2026-04-03,71053,13,3.39,true,,161,0
2026-04-04,71053,14,3.39,true,,148,0
2026-04-05,71053,12,3.39,true,,134,0
2026-04-06,71053,10,3.39,true,,122,0
2026-04-07,71053,10,3.39,true,,112,0
2026-04-08,71053,12,3.39,true,,102,0
2026-04-09,71053,12,3.39,true,,90,0
2026-04-10,71053,12,3.39,true,,78,0
2026-04-11,71053,14,3.39,true,,66,156
2026-04-12,71053,12,3.39,true,,208,0
2026-04-13,71053,9,3.39,true,,196,0
2026-04-14,71053,11,3.39,true,,187,0
2026-04-15,71053,11,3.39,true,,176,0
2026-04-16,71053,10,3.39,true,,165,0
2026-04-17,71053,12,3.39,true,,155,0
2026-04-18,71053,12,3.39,true,,143,0
2026-04-19,71053,12,3.39,true,,131,0
2026-04-20,71053,10,3.39,true,,119,0
2026-04-21,71053,10,3.39,true,,109,0
2026-04-22,71053,10,3.39,true,,99,0
2026-04-23,71053,11,3.39,true,,89,0
2026-04-24,71053,12,3.39,true,,78,0
2026-04-25,71053,14,3.39,true,,66,154
2026-04-26,71053,13,3.39,true,,206,0
2026-04-27,71053,10,3.39,true,,193,0
2026-04-28,71053,9,3.39,true,,183,0
2026-04-29,71053,11,3.39,true,,174,0
2026-04-30,71053,10,3.39,true,,163,0
2026-05-01,71053,11,3.39,true,,153,0
2026-05-02,71053,14,3.39,true,,142,0
2026-05-03,71053,13,3.39,true,,128,0
2026-05-04,71053,9,3.39,true,,115,0
2026-05-05,71053,10,3.39,true,,106,0
2026-05-06,71053,10,3.39,true,,96,0
2026-05-07,71053,10,3.39,true,,86,0
2026-05-08,71053,10,3.39,true,,76,0
2026-05-09,71053,12,3.39,true,,66,151
2026-05-10,71053,12,3.39,true,,205,0
2026-05-11,71053,8,3.39,true,,193,0
2026-05-12,71053,9,3.39,true,,185,0
2026-05-13,71053,10,3.39,true,,176,0
2026-05-14,71053,10,3.39,true,,166,0
2026-05-15,71053,10,3.39,true,,156,0
2026-05-16,71053,14,3.39,true,,146,0
2026-05-17,71053,12,3.39,true,,132,0
2026-05-18,71053,9,3.39,true,,120,0
2026-05-19,71053,11,3.39,true,,111,0
2026-05-20,71053,10,3.39,true,,100,0
2026-05-21,71053,12,3.39,true,,90,0
2026-05-22,71053,12,3.39,true,,78,0
2026-05-23,71053,13,3.39,true,,66,154
2026-05-24,71053,13,3.39,true,,207,0
2026-05-25,71053,10,3.39,true,,194,0
2026-05-26,71053,9,3.39,true,,184,0
2026-05-27,71053,11,3.39,true,,175,0
2026-05-28,71053,11,3.39,true,,164,0
2026-05-29,71053,11,3.39,true,,153,0
2026-05-30,71053,12,3.39,true,,142,0
2026-05-31,71053,12,3.39,true,,130,0
2026-06-01,71053,10,3.39,true,,118,0
2026-06-02,71053,11,3.39,true,,108,0
2026-06-03,71053,11,3.39,true,,97,0
2026-06-04,71053,9,3.39,true,,86,0
2026-06-05,71053,11,3.39,true,,77,0
2026-06-06,71053,13,3.39,true,,66,152
2026-06-07,71053,11,3.39,true,,205,0
2026-06-08,71053,10,3.39,true,,194,0
2026-06-09,71053,9,3.39,true,,184,0
2026-06-10,71053,11,3.39,true,,175,0
2026-06-11,71053,11,3.39,true,,164,0
2026-06-12,71053,11,3.39,true,,153,0
2026-06-13,71053,13,3.39,true,,142,0
2026-06-14,71053,13,3.39,true,,129,0
2026-06-15,71053,9,3.39,true,,116,0
2026-06-16,71053,10,3.39,true,,107,0
2026-06-17,71053,10,3.39,true,,97,0
2026-06-18,71053,10,3.39,true,,87,0
2026-06-19,71053,11,3.39,true,,77,0
2026-06-20,71053,14,3.39,true,,66,156
2026-06-21,71053,13,3.39,true,,208,0
2026-06-22,71053,10,3.39,true,,195,0
2026-06-23,71053,9,3.39,true,,185,0
2026-06-24,71053,9,3.39,true,,176,0
2026-06-25,71053,12,3.39,true,,167,0
2026-06-26,71053,12,3.39,true,,155,0
2026-06-27,71053,13,3.39,true,,143,0
2026-06-28,71053,12,3.39,true,,130,0
2026-06-29,71053,10,3.39,true,,118,0
2026-06-30,71053,10,3.39,true,,108,0
2026-07-01,71053,10,3.39,true,,98,0
2026-07-02,71053,11,3.39,true,,88,0
2026-07-03,71053,11,3.39,true,,77,0
2026-07-04,71053,11,3.39,true,,66,0
2026-07-05,71053,11,3.39,true,,55,161
2026-07-06,71053,10,3.39,true,,205,0
2026-07-07,71053,10,3.39,true,,195,0
2026-07-08,71053,10,3.39,true,,185,0
2026-07-09,71053,9,3.39,true,,175,0
2026-07-10,71053,12,3.39,true,,166,0
2026-07-11,71053,13,3.39,true,,154,0
2026-07-12,71053,12,3.39,true,,141,0
2026-07-13,71053,9,3.39,true,,129,0
2026-07-14,71053,11,3.39,true,,120,0
2026-07-15,71053,9,3.39,true,,109,0
2026-07-16,71053,10,3.39,true,,100,0
2026-07-17,71053,11,3.39,true,,90,0
2026-07-18,71053,13,3.39,true,,79,0
2026-07-19,71053,13,3.39,true,,66,156
2026-07-20,71053,10,3.39,true,,209,0
2026-07-21,71053,9,3.39,true,,199,0
2026-07-22,71053,11,3.39,true,,190,0
2026-07-23,71053,10,3.39,true,,179,0
2026-07-24,71053,13,3.39,true,,169,0
2026-07-25,71053,13,3.39,true,,156,0
2026-07-26,71053,12,3.39,true,,143,0
2026-07-27,71053,9,3.39,true,,131,0
2026-07-28,71053,10,3.39,true,,122,0
2026-07-29,71053,10,3.39,true,,112,0
2026-07-30,71053,12,3.39,true,,102,0
2026-07-31,71053,12,3.39,true,,90,0
2026-08-01,71053,12,3.39,true,,78,0
2026-08-02,71053,13,3.39,true,,66,156
2026-08-03,71053,10,3.39,true,,209,0
2026-08-04,71053,9,3.39,true,,199,0
2026-08-05,71053,10,3.39,true,,190,0
2026-08-06,71053,10,3.39,true,,180,0
2026-08-07,71053,12,3.39,true,,170,0
2026-08-08,71053,12,3.39,true,,158,0
2026-08-09,71053,13,3.39,true,,146,0
2026-08-10,71053,9,3.39,true,,133,0
2026-08-11,71053,9,3.39,true,,124,0
2026-08-12,71053,12,3.39,true,,115,0
2026-08-13,71053,11,3.39,true,,103,0
2026-08-14,71053,12,3.39,true,,92,0
2026-08-15,71053,14,3.39,true,,80,0
2026-08-16,71053,13,3.39,true,,66,91
2026-08-17,71053,9,3.39,true,,144,0
2026-08-18,71053,10,3.39,true,,135,0
2026-08-19,71053,11,3.39,true,,125,0
2026-08-20,71053,11,3.39,true,,114,0
2026-08-21,71053,12,3.39,true,,103,0
2026-08-22,71053,12,3.39,true,,91,0
2026-08-23,71053,13,3.39,true,,79,0
2026-08-24,71053,9,3.39,true,,66,243
2026-08-25,71053,10,3.39,true,,300,0
2026-08-26,71053,12,3.39,true,,290,0
2026-08-27,71053,12,3.39,true,,278,0
2026-08-28,71053,11,3.39,true,,266,0
2026-08-29,71053,13,3.39,true,,255,0
2026-08-30,71053,13,3.39,true,,242,0
2026-08-31,71053,11,3.39,true,,229,0
2026-09-01,71053,11,3.39,true,,218,0
2026-09-02,71053,10,3.39,true,,207,0
2026-09-03,71053,12,3.39,true,,197,0
2026-09-04,71053,13,3.39,true,,185,0
2026-09-05,71053,14,3.39,true,,172,0
2026-09-06,71053,13,3.39,true,,158,0
2026-09-07,71053,11,3.39,true,,145,0
2026-09-08,71053,12,3.39,true,,134,0
2026-09-09,71053,12,3.39,true,,122,0
2026-09-10,71053,10,3.39,true,,110,0
2026-09-11,71053,13,3.39,true,,100,0
2026-09-12,71053,14,3.39,true,,87,0
2026-09-13,71053,14,3.39,true,,73,0
2024-09-14,84406B,15,2.75,true,,377,0
2024-09-15,84406B,14,2.75,true,,362,0
2024-09-16,84406B,10,2.75,true,,348,0
2024-09-17,84406B,12,2.75,true,,338,0
2024-09-18,84406B,12,2.75,true,,326,0
2024-09-19,84406B,12,2.75,true,,314,0
2024-09-20,84406B,13,2.75,true,,302,0
2024-09-21,84406B,15,2.75,true,,289,0
2024-09-22,84406B,14,2.75,true,,274,0
2024-09-23,84406B,12,2.75,true,,260,0
2024-09-24,84406B,11,2.75,true,,248,0
2024-09-25,84406B,10,2.75,true,,237,0
2024-09-26,84406B,13,2.75,true,,227,0
2024-09-27,84406B,13,2.75,true,,214,0
2024-09-28,84406B,15,2.75,true,,201,0
2024-09-29,84406B,14,2.75,true,,186,0
2024-09-30,84406B,12,2.75,true,,172,0
2024-10-01,84406B,12,2.75,true,,160,0
2024-10-02,84406B,10,2.75,true,,148,0
2024-10-03,84406B,13,2.75,true,,138,0
2024-10-04,84406B,13,2.75,true,,125,0
2024-10-05,84406B,15,2.75,true,,112,0
2024-10-06,84406B,13,2.75,true,,97,0
2024-10-07,84406B,11,2.75,true,,84,0
2024-10-08,84406B,11,2.75,true,,73,188
2024-10-09,84406B,11,2.75,true,,250,0
2024-10-10,84406B,12,2.75,true,,239,0
2024-10-11,84406B,14,2.75,true,,227,0
2024-10-12,84406B,14,2.75,true,,213,0
2024-10-13,84406B,14,2.75,true,,199,0
2024-10-14,84406B,11,2.75,true,,185,0
2024-10-15,84406B,12,2.75,true,,174,0
2024-10-16,84406B,13,2.75,true,,162,0
2024-10-17,84406B,11,2.75,true,,149,0
2024-10-18,84406B,13,2.75,true,,138,0
2024-10-19,84406B,14,2.75,true,,125,0
2024-10-20,84406B,15,2.75,true,,111,0
2024-10-21,84406B,12,2.75,true,,96,0
2024-10-22,84406B,12,2.75,true,,84,0
2024-10-23,84406B,11,2.75,true,,72,191
2024-10-24,84406B,12,2.75,true,,252,0
2024-10-25,84406B,13,2.75,true,,240,0
2024-10-26,84406B,14,2.75,true,,227,0
2024-10-27,84406B,14,2.75,true,,213,0
2024-10-28,84406B,11,2.75,true,,199,0
2024-10-29,84406B,12,2.75,true,,188,0
2024-10-30,84406B,12,2.75,true,,176,0
2024-10-31,84406B,13,2.75,true,,164,0
2024-11-01,84406B,13,2.75,true,,151,0
2024-11-02,84406B,16,2.75,true,,138,0
2024-11-03,84406B,14,2.75,true,,122,0
2024-11-04,84406B,11,2.75,true,,108,0
2024-11-05,84406B,13,2.75,true,,97,0
2024-11-06,84406B,12,2.75,true,,84,0
2024-11-07,84406B,12,2.75,true,,72,200
2024-11-08,84406B,14,2.75,true,,260,0
2024-11-09,84406B,16,2.75,true,,246,0
2024-11-10,84406B,15,2.75,true,,230,0
2024-11-11,84406B,12,2.75,true,,215,0
2024-11-12,84406B,13,2.75,true,,203,0
2024-11-13,84406B,12,2.75,true,,190,0
2024-11-14,84406B,12,2.75,true,,178,0
2024-11-15,84406B,14,2.75,true,,166,0
2024-11-16,84406B,15,2.75,true,,152,0
2024-11-17,84406B,16,2.75,true,,137,0
2024-11-18,84406B,12,2.75,true,,121,0
2024-11-19,84406B,12,2.75,true,,109,0
2024-11-20,84406B,13,2.75,true,,97,0
2024-11-21,84406B,13,2.75,true,,84,0
2024-11-22,84406B,14,2.75,true,,71,200
2024-11-23,84406B,16,2.75,true,,257,0
2024-11-24,84406B,14,2.75,true,,241,0
2024-11-25,84406B,11,2.75,true,,227,0
2024-11-26,84406B,12,2.75,true,,216,0
2024-11-27,84406B,13,2.75,true,,204,0
2024-11-28,84406B,13,2.75,true,,191,0
2024-11-29,84406B,15,2.75,true,,178,0
2024-11-30,84406B,15,2.75,true,,163,0
2024-12-01,84406B,14,2.75,true,,148,0
2024-12-02,84406B,12,2.75,true,,134,0
2024-12-03,84406B,12,2.75,true,,122,0
2024-12-04,84406B,13,2.75,true,,110,0
2024-12-05,84406B,13,2.75,true,,97,0
2024-12-06,84406B,14,2.75,true,,84,0
2024-12-07,84406B,16,2.75,true,,70,199
2024-12-08,84406B,15,2.75,true,,253,0
2024-12-09,84406B,11,2.75,true,,238,0
2024-12-10,84406B,11,2.75,true,,227,0
2024-12-11,84406B,13,2.75,true,,216,0
2024-12-12,84406B,12,2.75,true,,203,0
2024-12-13,84406B,13,2.75,true,,191,0
2024-12-14,84406B,15,2.75,true,,178,0
2024-12-15,84406B,16,2.75,true,,163,0
2024-12-16,84406B,11,2.75,true,,147,0
2024-12-17,84406B,13,2.75,true,,136,0
2024-12-18,84406B,12,2.75,true,,123,0
2024-12-19,84406B,14,2.75,true,,111,0
2024-12-20,84406B,13,2.75,true,,97,0
2024-12-21,84406B,15,2.75,true,,84,185
2024-12-22,84406B,15,2.75,true,,254,0
2024-12-23,84406B,11,2.75,true,,239,0
2024-12-24,84406B,12,2.75,true,,228,0
2024-12-25,84406B,13,2.75,true,,216,0
2024-12-26,84406B,12,2.75,true,,203,0
2024-12-27,84406B,14,2.75,true,,191,0
2024-12-28,84406B,15,2.75,true,,177,0
2024-12-29,84406B,14,2.75,true,,162,0
2024-12-30,84406B,11,2.75,true,,148,0
2024-12-31,84406B,13,2.75,true,,137,0
2025-01-01,84406B,14,2.75,true,,124,0
2025-01-02,84406B,12,2.75,true,,110,0
2025-01-03,84406B,14,2.75,true,,98,0
2025-01-04,84406B,16,2.75,true,,84,190
2025-01-05,84406B,15,2.75,true,,258,0
2025-01-06,84406B,11,2.75,true,,243,0
2025-01-07,84406B,13,2.75,true,,232,0
2025-01-08,84406B,12,2.75,true,,219,0
2025-01-09,84406B,13,2.75,true,,207,0
2025-01-10,84406B,15,2.75,true,,194,0
2025-01-11,84406B,16,2.75,true,,179,0
2025-01-12,84406B,15,2.75,true,,163,0
2025-01-13,84406B,13,2.75,true,,148,0
2025-01-14,84406B,12,2.75,true,,135,0
2025-01-15,84406B,14,2.75,true,,123,0
2025-01-16,84406B,12,2.75,true,,109,0
2025-01-17,84406B,13,2.75,true,,97,0
2025-01-18,84406B,17,2.75,true,,84,196
2025-01-19,84406B,16,2.75,true,,263,0
2025-01-20,84406B,13,2.75,true,,247,0
2025-01-21,84406B,12,2.75,true,,234,0
2025-01-22,84406B,13,2.75,true,,222,0
2025-01-23,84406B,14,2.75,true,,209,0
2025-01-24,84406B,14,2.75,true,,195,0
2025-01-25,84406B,16,2.75,true,,181,0
2025-01-26,84406B,14,2.75,true,,165,0
2025-01-27,84406B,12,2.75,true,,151,0
2025-01-28,84406B,14,2.75,true,,139,0
2025-01-29,84406B,12,2.75,true,,125,0
2025-01-30,84406B,14,2.75,true,,113,0
2025-01-31,84406B,15,2.75,true,,99,0
2025-02-01,84406B,15,2.75,true,,84,196
2025-02-02,84406B,16,2.75,true,,265,0
2025-02-03,84406B,12,2.75,true,,249,0
2025-02-04,84406B,14,2.75,true,,237,0
2025-02-05,84406B,14,2.75,true,,223,0
2025-02-06,84406B,14,2.75,true,,209,0
2025-02-07,84406B,15,2.75,true,,195,0
2025-02-08,84406B,17,2.75,true,,180,0
2025-02-09,84406B,14,2.75,true,,163,0
2025-02-10,84406B,13,2.75,true,,149,0
2025-02-11,84406B,13,2.75,true,,136,0
2025-02-12,84406B,12,2.75,true,,123,0
2025-02-13,84406B,12,2.75,true,,111,0
2025-02-14,84406B,15,2.75,true,,99,0
2025-02-15,84406B,16,2.75,true,,84,196
2025-02-16,84406B,14,2.75,true,,264,0
2025-02-17,84406B,12,2.75,true,,250,0
2025-02-18,84406B,13,2.75,true,,238,0
2025-02-19,84406B,13,2.75,true,,225,0
2025-02-20,84406B,13,2.75,true,,212,0
2025-02-21,84406B,15,2.75,true,,199,0
2025-02-22,84406B,17,2.75,true,,184,0
2025-02-23,84406B,16,2.75,true,,167,0
2025-02-24,84406B,13,2.75,true,,151,0
2025-02-25,84406B,13,2.75,true,,138,0
2025-02-26,84406B,13,2.75,true,,125,0
2025-02-27,84406B,14,2.75,true,,112,0
2025-02-28,84406B,14,2.75,true,,98,0
2025-03-01,84406B,17,2.75,true,,84,187
2025-03-02,84406B,15,2.75,true,,254,0
2025-03-03,84406B,11,2.75,true,,239,0
2025-03-04,84406B,12,2.75,true,,228,0
2025-03-05,84406B,12,2.75,true,,216,0
2025-03-06,84406B,12,2.75,true,,204,0
2025-03-07,84406B,14,2.75,true,,192,0
2025-03-08,84406B,15,2.75,true,,178,0
2025-03-09,84406B,14,2.75,true,,163,0
2025-03-10,84406B,12,2.75,true,,149,0
2025-03-11,84406B,13,2.75,true,,137,0
2025-03-12,84406B,12,2.75,true,,124,0
2025-03-13,84406B,14,2.75,true,,112,0
2025-03-14,84406B,14,2.75,true,,98,0
2025-03-15,84406B,16,2.75,true,,84,183
2025-03-16,84406B,14,2.75,true,,251,0
2025-03-17,84406B,12,2.75,true,,237,0
2025-03-18,84406B,12,2.75,true,,225,0
2025-03-19,84406B,13,2.75,true,,213,0
2025-03-20,84406B,13,2.75,true,,200,0
2025-03-21,84406B,13,2.75,true,,187,0
2025-03-22,84406B,15,2.75,true,,174,0
2025-03-23,84406B,15,2.75,true,,159,0
2025-03-24,84406B,12,2.75,true,,144,0
2025-03-25,84406B,11,2.75,true,,132,0
2025-03-26,84406B,12,2.75,true,,121,0
2025-03-27,84406B,12,2.75,true,,109,0
2025-03-28,84406B,13,2.75,true,,97,0
2025-03-29,84406B,16,2.75,true,,84,189
2025-03-30,84406B,16,2.75,true,,257,0
2025-03-31,84406B,12,2.75,true,,241,0
2025-04-01,84406B,11,2.75,true,,229,0
2025-04-02,84406B,11,2.75,true,,218,0
2025-04-03,84406B,12,2.75,true,,207,0
2025-04-04,84406B,14,2.75,true,,195,0
2025-04-05,84406B,16,2.75,true,,181,0
2025-04-06,84406B,15,2.75,true,,165,0
2025-04-07,84406B,13,2.75,true,,150,0
2025-04-08,84406B,13,2.75,true,,137,0
2025-04-09,84406B,12,2.75,true,,124,0
2025-04-10,84406B,13,2.75,true,,112,0
2025-04-11,84406B,15,2.75,true,,99,0
2025-04-12,84406B,15,2.75,true,,84,185
2025-04-13,84406B,16,2.75,true,,254,0
2025-04-14,84406B,12,2.75,true,,238,0
2025-04-15,84406B,11,2.75,true,,226,0
2025-04-16,84406B,12,2.75,true,,215,0
2025-04-17,84406B,12,2.75,true,,203,0
2025-04-18,84406B,15,2.75,true,,191,0
2025-04-19,84406B,14,2.75,true,,176,0
2025-04-20,84406B,15,2.75,true,,162,0
2025-04-21,84406B,12,2.75,true,,147,0
2025-04-22,84406B,12,2.75,true,,135,0
2025-04-23,84406B,13,2.75,true,,123,0
2025-04-24,84406B,13,2.75,true,,110,0
2025-04-25,84406B,13,2.75,true,,97,0
2025-04-26,84406B,14,2.75,true,,84,0
2025-04-27,84406B,14,2.75,true,,70,194
2025-04-28,84406B,12,2.75,true,,250,0
2025-04-29,84406B,13,2.75,true,,238,0
2025-04-30,84406B,12,2.75,true,,225,0
2025-05-01,84406B,13,2.75,true,,213,0
2025-05-02,84406B,13,2.75,true,,200,0
2025-05-03,84406B,14,2.75,true,,187,0
2025-05-04,84406B,15,2.75,true,,173,0
2025-05-05,84406B,11,2.75,true,,158,0
2025-05-06,84406B,11,2.75,true,,147,0
2025-05-07,84406B,11,2.75,true,,136,0
2025-05-08,84406B,13,2.75,true,,125,0
2025-05-09,84406B,12,2.75,true,,112,0
2025-05-10,84406B,16,2.75,true,,100,0
2025-05-11,84406B,14,2.75,true,,84,0
2025-05-12,84406B,13,2.75,true,,70,195
2025-05-13,84406B,11,2.75,true,,252,0
2025-05-14,84406B,12,2.75,true,,241,0
2025-05-15,84406B,13,2.75,true,,229,0
2025-05-16,84406B,13,2.75,true,,216,0
2025-05-17,84406B,16,2.75,true,,203,0
2025-05-18,84406B,13,2.75,true,,187,0
2025-05-19,84406B,13,2.75,true,,174,0
2025-05-20,84406B,11,2.75,true,,161,0
2025-05-21,84406B,12,2.75,true,,150,0
2025-05-22,84406B,12,2.75,true,,138,0
2025-05-23,84406B,13,2.75,true,,126,0
2025-05-24,84406B,14,2.75,true,,113,0
2025-05-25,84406B,15,2.75,true,,99,0
2025-05-26,84406B,12,2.75,true,,84,0
2025-05-27,84406B,13,2.75,true,,72,202
2025-05-28,84406B,12,2.75,true,,261,0
2025-05-29,84406B,14,2.75,true,,249,0
2025-05-30,84406B,15,2.75,true,,235,0
2025-05-31,84406B,16,2.75,true,,220,0
2025-06-01,84406B,16,2.75,true,,204,0
2025-06-02,84406B,11,2.75,true,,188,0
2025-06-03,84406B,12,2.75,true,,177,0
2025-06-04,84406B,11,2.75,true,,165,0
2025-06-05,84406B,14,2.75,true,,154,0
2025-06-06,84406B,14,2.75,true,,140,0
2025-06-07,84406B,16,2.75,true,,126,0
2025-06-08,84406B,14,2.75,true,,110,0
2025-06-09,84406B,12,2.75,true,,96,0
2025-06-10,84406B,12,2.75,true,,84,0
2025-06-11,84406B,13,2.75,true,,72,193
2025-06-12,84406B,13,2.75,true,,252,0
2025-06-13,84406B,14,2.75,true,,239,0
2025-06-14,84406B,15,2.75,true,,225,0
2025-06-15,84406B,14,2.75,true,,210,0
2025-06-16,84406B,11,2.75,true,,196,0
2025-06-17,84406B,12,2.75,true,,185,0
2025-06-18,84406B,14,2.75,true,,173,0
2025-06-19,84406B,12,2.75,true,,159,0
2025-06-20,84406B,13,2.75,true,,147,0
2025-06-21,84406B,15,2.75,true,,134,0
2025-06-22,84406B,14,2.75,true,,119,0
2025-06-23,84406B,10,2.75,true,,105,0
2025-06-24,84406B,11,2.75,true,,95,0
2025-06-25,84406B,11,2.75,true,,84,0
2025-06-26,84406B,13,2.75,true,,73,199
2025-06-27,84406B,15,2.75,true,,259,0
2025-06-28,84406B,16,2.75,true,,244,0
2025-06-29,84406B,16,2.75,true,,228,0
2025-06-30,84406B,11,2.75,true,,212,0
2025-07-01,84406B,12,2.75,true,,201,0
2025-07-02,84406B,13,2.75,true,,189,0
2025-07-03,84406B,13,2.75,true,,176,0
2025-07-04,84406B,14,2.75,true,,163,0
2025-07-05,84406B,15,2.75,true,,149,0
2025-07-06,84406B,15,2.75,true,,134,0
2025-07-07,84406B,11,2.75,true,,119,0
2025-07-08,84406B,11,2.75,true,,108,0
2025-07-09,84406B,13,2.75,true,,97,0
2025-07-10,84406B,14,2.75,true,,84,0
2025-07-11,84406B,14,2.75,true,,70,203
2025-07-12,84406B,16,2.75,true,,259,0
2025-07-13,84406B,14,2.75,true,,243,0
2025-07-14,84406B,13,2.75,true,,229,0
2025-07-15,84406B,13,2.75,true,,216,0
2025-07-16,84406B,13,2.75,true,,203,0
2025-07-17,84406B,12,2.75,true,,190,0
2025-07-18,84406B,15,2.75,true,,178,0
2025-07-19,84406B,15,2.75,true,,163,0
2025-07-20,84406B,15,2.75,true,,148,0
2025-07-21,84406B,12,2.75,true,,133,0
2025-07-22,84406B,13,2.75,true,,121,0
2025-07-23,84406B,12,2.75,true,,108,0
2025-07-24,84406B,12,2.75,true,,96,0
2025-07-25,84406B,14,2.75,true,,84,0
2025-07-26,84406B,16,2.75,true,,70,211
2025-07-27,84406B,15,2.75,true,,265,0
2025-07-28,84406B,11,2.75,true,,250,0
2025-07-29,84406B,13,2.75,true,,239,0
2025-07-30,84406B,12,2.75,true,,226,0
2025-07-31,84406B,15,2.75,true,,214,0
2025-08-01,84406B,16,2.75,true,,199,0
2025-08-02,84406B,16,2.75,true,,183,0
2025-08-03,84406B,16,2.75,true,,167,0
2025-08-04,84406B,12,2.75,true,,151,0
2025-08-05,84406B,13,2.75,true,,139,0
2025-08-06,84406B,14,2.75,true,,126,0
2025-08-07,84406B,13,2.75,true,,112,0
2025-08-08,84406B,15,2.75,true,,99,0
2025-08-09,84406B,17,2.75,true,,84,202
2025-08-10,84406B,15,2.75,true,,269,0
2025-08-11,84406B,12,2.75,true,,254,0
2025-08-12,84406B,14,2.75,true,,242,0
2025-08-13,84406B,14,2.75,true,,228,0
2025-08-14,84406B,13,2.75,true,,214,0
2025-08-15,84406B,15,2.75,true,,201,0
2025-08-16,84406B,16,2.75,true,,186,0
2025-08-17,84406B,16,2.75,true,,170,0
2025-08-18,84406B,14,2.75,true,,154,0
2025-08-19,84406B,14,2.75,true,,140,0
2025-08-20,84406B,13,2.75,true,,126,0
2025-08-21,84406B,14,2.75,true,,113,0
2025-08-22,84406B,15,2.75,true,,99,0
2025-08-23,84406B,16,2.75,true,,84,203
2025-08-24,84406B,16,2.75,true,,271,0
2025-08-25,84406B,12,2.75,true,,255,0
2025-08-26,84406B,13,2.75,true,,243,0
2025-08-27,84406B,13,2.75,true,,230,0
2025-08-28,84406B,14,2.75,true,,217,0
2025-08-29,84406B,15,2.75,true,,203,0
2025-08-30,84406B,18,2.75,true,,188,0
2025-08-31,84406B,16,2.75,true,,170,0
2025-09-01,84406B,13,2.75,true,,154,0
2025-09-02,84406B,13,2.75,true,,141,0
2025-09-03,84406B,13,2.75,true,,128,0
2025-09-04,84406B,15,2.75,true,,115,0
2025-09-05,84406B,16,2.75,true,,100,0
2025-09-06,84406B,18,2.75,true,,84,210
2025-09-07,84406B,17,2.75,true,,276,0
2025-09-08,84406B,13,2.75,true,,259,0
2025-09-09,84406B,14,2.75,true,,246,0
2025-09-10,84406B,15,2.75,true,,232,0
2025-09-11,84406B,14,2.75,true,,217,0
2025-09-12,84406B,16,2.75,true,,203,0
2025-09-13,84406B,17,2.75,true,,187,0
2025-09-14,84406B,15,2.75,true,,170,0
2025-09-15,84406B,13,2.75,true,,155,0
2025-09-16,84406B,14,2.75,true,,142,0
2025-09-17,84406B,14,2.75,true,,128,0
2025-09-18,84406B,15,2.75,true,,114,0
2025-09-19,84406B,15,2.75,true,,99,0
2025-09-20,84406B,17,2.75,true,,84,216
2025-09-21,84406B,18,2.75,true,,283,0
2025-09-22,84406B,14,2.75,true,,265,0
2025-09-23,84406B,13,2.75,true,,251,0
2025-09-24,84406B,14,2.75,true,,238,0
2025-09-25,84406B,16,2.75,true,,224,0
2025-09-26,84406B,16,2.75,true,,208,0
2025-09-27,84406B,17,2.75,true,,192,0
2025-09-28,84406B,17,2.75,true,,175,0
2025-09-29,84406B,13,2.75,true,,158,0
2025-09-30,84406B,14,2.75,true,,145,0
2025-10-01,84406B,15,2.75,true,,131,0
2025-10-02,84406B,15,2.75,true,,116,0
2025-10-03,84406B,17,2.75,true,,101,0
2025-10-04,84406B,18,2.75,true,,84,218
2025-10-05,84406B,18,2.75,true,,284,0
2025-10-06,84406B,13,2.75,true,,266,0
2025-10-07,84406B,13,2.75,true,,253,0
2025-10-08,84406B,15,2.75,true,,240,0
2025-10-09,84406B,14,2.75,true,,225,0
2025-10-10,84406B,16,2.75,true,,211,0
2025-10-11,84406B,19,2.75,true,,195,0
2025-10-12,84406B,17,2.75,true,,176,0
2025-10-13,84406B,13,2.75,true,,159,0
2025-10-14,84406B,14,2.75,true,,146,0
2025-10-15,84406B,16,2.75,true,,132,0
2025-10-16,84406B,16,2.75,true,,116,0
2025-10-17,84406B,16,2.75,true,,100,0
2025-10-18,84406B,17,2.75,true,,84,222
2025-10-19,84406B,19,2.75,true,,289,0
2025-10-20,84406B,14,2.75,true,,270,0
2025-10-21,84406B,14,2.75,true,,256,0
2025-10-22,84406B,14,2.75,true,,242,0
2025-10-23,84406B,15,2.75,true,,228,0
2025-10-24,84406B,17,2.75,true,,213,0
2025-10-25,84406B,19,2.75,true,,196,0
2025-10-26,84406B,17,2.75,true,,177,0
2025-10-27,84406B,13,2.75,true,,160,0
2025-10-28,84406B,15,2.75,true,,147,0
2025-10-29,84406B,15,2.75,true,,132,0
2025-10-30,84406B,16,2.75,true,,117,0
2025-10-31,84406B,17,2.75,true,,101,0
2025-11-01,84406B,19,2.75,true,,84,232
2025-11-02,84406B,19,2.75,true,,297,0
2025-11-03,84406B,14,2.75,true,,278,0
2025-11-04,84406B,15,2.75,true,,264,0
2025-11-05,84406B,16,2.75,true,,249,0
2025-11-06,84406B,15,2.75,true,,233,0
2025-11-07,84406B,17,2.75,true,,218,0
2025-11-08,84406B,20,2.75,true,,201,0
2025-11-09,84406B,18,2.75,true,,181,0
2025-11-10,84406B,15,2.75,true,,163,0
2025-11-11,84406B,16,2.75,true,,148,0
2025-11-12,84406B,14,2.75,true,,132,0
2025-11-13,84406B,17,2.75,true,,118,0
2025-11-14,84406B,17,2.75,true,,101,0
2025-11-15,84406B,18,2.75,true,,84,229
2025-11-16,84406B,19,2.75,true,,295,0
2025-11-17,84406B,16,2.75,true,,276,0
2025-11-18,84406B,14,2.75,true,,260,0
2025-11-19,84406B,17,2.75,true,,246,0
2025-11-20,84406B,17,2.75,true,,229,0
2025-11-21,84406B,17,2.75,true,,212,0
2025-11-22,84406B,19,2.75,true,,195,0
2025-11-23,84406B,18,2.75,true,,176,0
2025-11-24,84406B,14,2.75,true,,158,0
2025-11-25,84406B,14,2.75,true,,144,0
2025-11-26,84406B,15,2.75,true,,130,0
2025-11-27,84406B,15,2.75,true,,115,0
2025-11-28,84406B,16,2.75,true,,100,0
2025-11-29,84406B,20,2.75,true,,84,238
2025-11-30,84406B,19,2.75,true,,302,0
2025-12-01,84406B,15,2.75,true,,283,0
2025-12-02,84406B,16,2.75,true,,268,0
2025-12-03,84406B,17,2.75,true,,252,0
2025-12-04,84406B,16,2.75,true,,235,0
2025-12-05,84406B,18,2.75,true,,219,0
2025-12-06,84406B,20,2.75,true,,201,0
2025-12-07,84406B,18,2.75,true,,181,0
2025-12-08,84406B,14,2.75,true,,163,0
2025-12-09,84406B,16,2.75,true,,149,0
2025-12-10,84406B,16,2.75,true,,133,0
2025-12-11,84406B,16,2.75,true,,117,0
2025-12-12,84406B,17,2.75,true,,101,0
2025-12-13,84406B,21,2.75,true,,84,233
2025-12-14,84406B,17,2.75,true,,296,0
2025-12-15,84406B,14,2.75,true,,279,0
2025-12-16,84406B,14,2.75,true,,265,0
2025-12-17,84406B,17,2.75,true,,251,0
2025-12-18,84406B,17,2.75,true,,234,0
2025-12-19,84406B,17,2.75,true,,217,0
2025-12-20,84406B,19,2.75,true,,200,0
2025-12-21,84406B,18,2.75,true,,181,0
2025-12-22,84406B,15,2.75,true,,163,0
2025-12-23,84406B,16,2.75,true,,148,0
2025-12-24,84406B,15,2.75,true,,132,0
2025-12-25,84406B,17,2.75,true,,117,0
2025-12-26,84406B,16,2.75,true,,100,0
2025-12-27,84406B,21,2.75,true,,84,240
2025-12-28,84406B,19,2.75,true,,303,0
2025-12-29,84406B,15,2.75,true,,284,0
2025-12-30,84406B,15,2.75,true,,269,0
2025-12-31,84406B,16,2.75,true,,254,0
2026-01-01,84406B,16,2.75,true,,238,0
2026-01-02,84406B,18,2.75,true,,222,0
2026-01-03,84406B,19,2.75,true,,204,0
2026-01-04,84406B,19,2.75,true,,185,0
2026-01-05,84406B,15,2.75,true,,166,0
2026-01-06,84406B,16,2.75,true,,151,0
2026-01-07,84406B,16,2.75,true,,135,0
2026-01-08,84406B,17,2.75,true,,119,0
2026-01-09,84406B,18,2.75,true,,102,0
2026-01-10,84406B,20,2.75,true,,84,235
2026-01-11,84406B,18,2.75,true,,299,0
2026-01-12,84406B,15,2.75,true,,281,0
2026-01-13,84406B,14,2.75,true,,266,0
2026-01-14,84406B,16,2.75,true,,252,0
2026-01-15,84406B,15,2.75,true,,236,0
2026-01-16,84406B,17,2.75,true,,221,0
2026-01-17,84406B,20,2.75,true,,204,0
2026-01-18,84406B,19,2.75,true,,184,0
2026-01-19,84406B,16,2.75,true,,165,0
2026-01-20,84406B,15,2.75,true,,149,0
2026-01-21,84406B,17,2.75,true,,134,0
2026-01-22,84406B,17,2.75,true,,117,0
2026-01-23,84406B,16,2.75,true,,100,0
2026-01-24,84406B,20,2.75,true,,84,239
2026-01-25,84406B,20,2.75,true,,303,0
2026-01-26,84406B,16,2.75,true,,283,0
2026-01-27,84406B,15,2.75,true,,267,0
2026-01-28,84406B,17,2.75,true,,252,0
2026-01-29,84406B,16,2.75,true,,235,0
2026-01-30,84406B,18,2.75,true,,219,0
2026-01-31,84406B,20,2.75,true,,201,0
2026-02-01,84406B,17,2.75,true,,181,0
2026-02-02,84406B,14,2.75,true,,164,0
2026-02-03,84406B,15,2.75,true,,150,0
2026-02-04,84406B,17,2.75,true,,135,0
2026-02-05,84406B,16,2.75,true,,118,0
2026-02-06,84406B,18,2.75,true,,102,0
2026-02-07,84406B,19,2.75,true,,84,235
2026-02-08,84406B,18,2.75,true,,300,0
2026-02-09,84406B,15,2.75,true,,282,0
2026-02-10,84406B,15,2.75,true,,267,0
2026-02-11,84406B,16,2.75,true,,252,0
2026-02-12,84406B,17,2.75,true,,236,0
2026-02-13,84406B,18,2.75,true,,219,0
2026-02-14,84406B,18,2.75,true,,201,0
2026-02-15,84406B,18,2.75,true,,183,0
2026-02-16,84406B,15,2.75,true,,165,0
2026-02-17,84406B,16,2.75,true,,150,0
2026-02-18,84406B,16,2.75,true,,134,0
2026-02-19,84406B,16,2.75,true,,118,0
2026-02-20,84406B,18,2.75,true,,102,0
2026-02-21,84406B,19,2.75,true,,84,232
2026-02-22,84406B,19,2.75,true,,297,0
2026-02-23,84406B,14,2.75,true,,278,0
2026-02-24,84406B,16,2.75,true,,264,0
2026-02-25,84406B,15,2.75,true,,248,0
2026-02-26,84406B,17,2.75,true,,233,0
2026-02-27,84406B,17,2.75,true,,216,0
2026-02-28,84406B,20,2.75,true,,199,0
2026-03-01,84406B,17,2.75,true,,179,0
2026-03-02,84406B,14,2.75,true,,162,0
2026-03-03,84406B,16,2.75,true,,148,0
2026-03-04,84406B,14,2.75,true,,132,0
2026-03-05,84406B,17,2.75,true,,118,0
2026-03-06,84406B,17,2.75,true,,101,0
2026-03-07,84406B,19,2.75,true,,84,227
2026-03-08,84406B,17,2.75,true,,292,0
2026-03-09,84406B,15,2.75,true,,275,0
2026-03-10,84406B,16,2.75,true,,260,0
2026-03-11,84406B,14,2.75,true,,244,0
2026-03-12,84406B,17,2.75,true,,230,0
2026-03-13,84406B,16,2.75,true,,213,0
2026-03-14,84406B,18,2.75,true,,197,0
2026-03-15,84406B,17,2.75,true,,179,0
2026-03-16,84406B,16,2.75,true,,162,0
2026-03-17,84406B,15,2.75,true,,146,0
2026-03-18,84406B,14,2.75,true,,131,0
2026-03-19,84406B,15,2.75,true,,117,0
2026-03-20,84406B,18,2.75,true,,102,0
2026-03-21,84406B,20,2.75,true,,84,225
2026-03-22,84406B,18,2.75,true,,289,0
2026-03-23,84406B,15,2.75,true,,271,0
2026-03-24,84406B,14,2.75,true,,256,0
2026-03-25,84406B,15,2.75,true,,242,0
2026-03-26,84406B,14,2.75,true,,227,0
2026-03-27,84406B,16,2.75,true,,213,0
2026-03-28,84406B,18,2.75,true,,197,0
2026-03-29,84406B,19,2.75,true,,179,0
2026-03-30,84406B,13,2.75,true,,160,0
2026-03-31,84406B,15,2.75,true,,147,0
2026-04-01,84406B,16,2.75,true,,132,0
2026-04-02,84406B,15,2.75,true,,116,0
2026-04-03,84406B,17,2.75,true,,101,0
2026-04-04,84406B,18,2.75,true,,84,230
2026-04-05,84406B,19,2.75,true,,296,0
2026-04-06,84406B,13,2.75,true,,277,0
2026-04-07,84406B,16,2.75,true,,264,0
2026-04-08,84406B,15,2.75,true,,248,0
2026-04-09,84406B,16,2.75,true,,233,0
2026-04-10,84406B,18,2.75,true,,217,0
2026-04-11,84406B,19,2.75,true,,199,0
2026-04-12,84406B,17,2.75,true,,180,0
2026-04-13,84406B,15,2.75,true,,163,0
2026-04-14,84406B,15,2.75,true,,148,0
2026-04-15,84406B,15,2.75,true,,133,0
2026-04-16,84406B,17,2.75,true,,118,0
2026-04-17,84406B,17,2.75,true,,101,0
2026-04-18,84406B,20,2.75,true,,84,229
2026-04-19,84406B,17,2.75,true,,293,0
2026-04-20,84406B,15,2.75,true,,276,0
2026-04-21,84406B,15,2.75,true,,261,0
2026-04-22,84406B,16,2.75,true,,246,0
2026-04-23,84406B,16,2.75,true,,230,0
2026-04-24,84406B,16,2.75,true,,214,0
2026-04-25,84406B,19,2.75,true,,198,0
2026-04-26,84406B,18,2.75,true,,179,0
2026-04-27,84406B,15,2.75,true,,161,0
2026-04-28,84406B,14,2.75,true,,146,0
2026-04-29,84406B,16,2.75,true,,132,0
2026-04-30,84406B,15,2.75,true,,116,0
2026-05-01,84406B,17,2.75,true,,101,0
2026-05-02,84406B,18,2.75,true,,84,221
2026-05-03,84406B,18,2.75,true,,287,0
2026-05-04,84406B,14,2.75,true,,269,0
2026-05-05,84406B,15,2.75,true,,255,0
2026-05-06,84406B,15,2.75,true,,240,0
2026-05-07,84406B,15,2.75,true,,225,0
2026-05-08,84406B,16,2.75,true,,210,0
2026-05-09,84406B,19,2.75,true,,194,0
2026-05-10,84406B,17,2.75,true,,175,0
2026-05-11,84406B,14,2.75,true,,158,0
2026-05-12,84406B,14,2.75,true,,144,0
2026-05-13,84406B,14,2.75,true,,130,0
2026-05-14,84406B,16,2.75,true,,116,0
2026-05-15,84406B,16,2.75,true,,100,0
2026-05-16,84406B,18,2.75,true,,84,219
2026-05-17,84406B,17,2.75,true,,285,0
2026-05-18,84406B,14,2.75,true,,268,0
2026-05-19,84406B,14,2.75,true,,254,0
2026-05-20,84406B,14,2.75,true,,240,0
2026-05-21,84406B,15,2.75,true,,226,0
2026-05-22,84406B,15,2.75,true,,211,0
2026-05-23,84406B,20,2.75,true,,196,0
2026-05-24,84406B,18,2.75,true,,176,0
2026-05-25,84406B,13,2.75,true,,158,0
2026-05-26,84406B,14,2.75,true,,145,0
2026-05-27,84406B,15,2.75,true,,131,0
2026-05-28,84406B,16,2.75,true,,116,0
2026-05-29,84406B,16,2.75,true,,100,0
2026-05-30,84406B,17,2.75,true,,84,219
2026-05-31,84406B,18,2.75,true,,286,0
2026-06-01,84406B,14,2.75,true,,268,0
2026-06-02,84406B,14,2.75,true,,254,0
2026-06-03,84406B,14,2.75,true,,240,0
2026-06-04,84406B,15,2.75,true,,226,0
2026-06-05,84406B,15,2.75,true,,211,0
2026-06-06,84406B,19,2.75,true,,196,0
2026-06-07,84406B,16,2.75,true,,177,0
2026-06-08,84406B,14,2.75,true,,161,0
2026-06-09,84406B,14,2.75,true,,147,0
2026-06-10,84406B,16,2.75,true,,133,0
2026-06-11,84406B,16,2.75,true,,117,0
2026-06-12,84406B,17,2.75,true,,101,0
2026-06-13,84406B,18,2.75,true,,84,223
2026-06-14,84406B,17,2.75,true,,289,0
2026-06-15,84406B,13,2.75,true,,272,0
2026-06-16,84406B,13,2.75,true,,259,0
2026-06-17,84406B,15,2.75,true,,246,0
2026-06-18,84406B,15,2.75,true,,231,0
2026-06-19,84406B,17,2.75,true,,216,0
2026-06-20,84406B,20,2.75,true,,199,0
2026-06-21,84406B,17,2.75,true,,179,0
2026-06-22,84406B,15,2.75,true,,162,0
2026-06-23,84406B,15,2.75,true,,147,0
2026-06-24,84406B,15,2.75,true,,132,0
2026-06-25,84406B,15,2.75,true,,117,0
2026-06-26,84406B,18,2.75,true,,102,0
2026-06-27,84406B,18,2.75,true,,84,232
2026-06-28,84406B,19,2.75,true,,298,0
2026-06-29,84406B,15,2.75,true,,279,0
2026-06-30,84406B,15,2.75,true,,264,0
2026-07-01,84406B,16,2.75,true,,249,0
2026-07-02,84406B,15,2.75,true,,233,0
2026-07-03,84406B,18,2.75,true,,218,0
2026-07-04,84406B,19,2.75,true,,200,0
2026-07-05,84406B,18,2.75,true,,181,0
2026-07-06,84406B,15,2.75,true,,163,0
2026-07-07,84406B,14,2.75,true,,148,0
2026-07-08,84406B,16,2.75,true,,134,0
2026-07-09,84406B,16,2.75,true,,118,0
2026-07-10,84406B,18,2.75,true,,102,0
2026-07-11,84406B,18,2.75,true,,84,230
2026-07-12,84406B,19,2.75,true,,296,0
2026-07-13,84406B,15,2.75,true,,277,0
2026-07-14,84406B,14,2.75,true,,262,0
2026-07-15,84406B,16,2.75,true,,248,0
2026-07-16,84406B,17,2.75,true,,232,0
2026-07-17,84406B,16,2.75,true,,215,0
2026-07-18,84406B,19,2.75,true,,199,0
2026-07-19,84406B,19,2.75,true,,180,0
2026-07-20,84406B,13,2.75,true,,161,0
2026-07-21,84406B,15,2.75,true,,148,0
2026-07-22,84406B,17,2.75,true,,133,0
2026-07-23,84406B,16,2.75,true,,116,0
2026-07-24,84406B,16,2.75,true,,100,0
2026-07-25,84406B,20,2.75,true,,84,229
2026-07-26,84406B,18,2.75,true,,293,0
2026-07-27,84406B,15,2.75,true,,275,0
2026-07-28,84406B,15,2.75,true,,260,0
2026-07-29,84406B,15,2.75,true,,245,0
2026-07-30,84406B,17,2.75,true,,230,0
2026-07-31,84406B,17,2.75,true,,213,0
2026-08-01,84406B,18,2.75,true,,196,0
2026-08-02,84406B,17,2.75,true,,178,0
2026-08-03,84406B,14,2.75,true,,161,0
2026-08-04,84406B,15,2.75,true,,147,0
2026-08-05,84406B,16,2.75,true,,132,0
2026-08-06,84406B,16,2.75,true,,116,0
2026-08-07,84406B,16,2.75,true,,100,0
2026-08-08,84406B,19,2.75,true,,84,237
2026-08-09,84406B,18,2.75,true,,302,0
2026-08-10,84406B,16,2.75,true,,284,0
2026-08-11,84406B,15,2.75,true,,268,0
2026-08-12,84406B,16,2.75,true,,253,0
2026-08-13,84406B,17,2.75,true,,237,0
2026-08-14,84406B,19,2.75,true,,220,0
2026-08-15,84406B,19,2.75,true,,201,0
2026-08-16,84406B,19,2.75,true,,182,0
2026-08-17,84406B,14,2.75,true,,163,0
2026-08-18,84406B,14,2.75,true,,149,0
2026-08-19,84406B,15,2.75,true,,135,0
2026-08-20,84406B,18,2.75,true,,120,0
2026-08-21,84406B,18,2.75,true,,102,0
2026-08-22,84406B,21,2.75,true,,84,40
2026-08-23,84406B,19,2.75,true,,103,0
2026-08-24,84406B,16,2.75,true,,84,338
2026-08-25,84406B,16,2.75,true,,406,0
2026-08-26,84406B,16,2.75,true,,390,0
2026-08-27,84406B,16,2.75,true,,374,0
2026-08-28,84406B,18,2.75,true,,358,0
2026-08-29,84406B,20,2.75,true,,340,0
2026-08-30,84406B,19,2.75,true,,320,0
2026-08-31,84406B,16,2.75,true,,301,0
2026-09-01,84406B,17,2.75,true,,285,0
2026-09-02,84406B,16,2.75,true,,268,0
2026-09-03,84406B,18,2.75,true,,252,0
2026-09-04,84406B,17,2.75,true,,234,0
2026-09-05,84406B,21,2.75,true,,217,0
2026-09-06,84406B,18,2.75,true,,196,0
2026-09-07,84406B,14,2.75,true,,178,0
2026-09-08,84406B,16,2.75,true,,164,0
2026-09-09,84406B,17,2.75,true,,148,0
2026-09-10,84406B,18,2.75,true,,131,0
2026-09-11,84406B,19,2.75,true,,113,0
2026-09-12,84406B,22,2.75,true,,94,0
2026-09-13,84406B,19,2.75,true,,72,0
2024-09-14,84029G,20,3.39,true,,516,0
2024-09-15,84029G,19,3.39,true,,496,0
2024-09-16,84029G,17,3.39,true,,477,0
2024-09-17,84029G,16,3.39,true,,460,0
2024-09-18,84029G,16,3.39,true,,444,0
2024-09-19,84029G,17,3.39,true,,428,0
2024-09-20,84029G,19,3.39,true,,411,0
2024-09-21,84029G,21,3.39,true,,392,0
2024-09-22,84029G,21,3.39,true,,371,0
2024-09-23,84029G,16,3.39,true,,350,0
2024-09-24,84029G,16,3.39,true,,334,0
2024-09-25,84029G,18,3.39,true,,318,0
2024-09-26,84029G,17,3.39,true,,300,0
2024-09-27,84029G,19,3.39,true,,283,0
2024-09-28,84029G,22,3.39,true,,264,0
2024-09-29,84029G,20,3.39,true,,242,0
2024-09-30,84029G,16,3.39,true,,222,0
2024-10-01,84029G,17,3.39,true,,206,0
2024-10-02,84029G,16,3.39,true,,189,0
2024-10-03,84029G,18,3.39,true,,173,0
2024-10-04,84029G,19,3.39,true,,155,0
2024-10-05,84029G,23,3.39,true,,136,0
2024-10-06,84029G,19,3.39,true,,113,0
2024-10-07,84029G,17,3.39,true,,94,270
2024-10-08,84029G,16,3.39,true,,347,0
2024-10-09,84029G,19,3.39,true,,331,0
2024-10-10,84029G,18,3.39,true,,312,0
2024-10-11,84029G,19,3.39,true,,294,0
2024-10-12,84029G,22,3.39,true,,275,0
2024-10-13,84029G,21,3.39,true,,253,0
2024-10-14,84029G,16,3.39,true,,232,0
2024-10-15,84029G,17,3.39,true,,216,0
2024-10-16,84029G,17,3.39,true,,199,0
2024-10-17,84029G,19,3.39,true,,182,0
2024-10-18,84029G,19,3.39,true,,163,0
2024-10-19,84029G,21,3.39,true,,144,0
2024-10-20,84029G,21,3.39,true,,123,0
2024-10-21,84029G,16,3.39,true,,102,0
2024-10-22,84029G,18,3.39,true,,86,281
2024-10-23,84029G,18,3.39,true,,349,0
2024-10-24,84029G,18,3.39,true,,331,0
2024-10-25,84029G,20,3.39,true,,313,0
2024-10-26,84029G,21,3.39,true,,293,0
2024-10-27,84029G,21,3.39,true,,272,0
2024-10-28,84029G,17,3.39,true,,251,0
2024-10-29,84029G,17,3.39,true,,234,0
2024-10-30,84029G,18,3.39,true,,217,0
2024-10-31,84029G,18,3.39,true,,199,0
2024-11-01,84029G,19,3.39,true,,181,0
2024-11-02,84029G,22,3.39,true,,162,0
2024-11-03,84029G,21,3.39,true,,140,0
2024-11-04,84029G,17,3.39,true,,119,0
2024-11-05,84029G,17,3.39,true,,102,0
2024-11-06,84029G,17,3.39,true,,85,286
2024-11-07,84029G,19,3.39,true,,354,0
2024-11-08,84029G,21,3.39,true,,335,0
2024-11-09,84029G,22,3.39,true,,314,0
2024-11-10,84029G,21,3.39,true,,292,0
2024-11-11,84029G,18,3.39,true,,271,0
2024-11-12,84029G,17,3.39,true,,253,0
2024-11-13,84029G,18,3.39,true,,236,0
2024-11-14,84029G,17,3.39,true,,218,0
2024-11-15,84029G,20,3.39,true,,201,0
2024-11-16,84029G,22,3.39,true,,181,0
2024-11-17,84029G,22,3.39,true,,159,0
2024-11-18,84029G,17,3.39,true,,137,0
2024-11-19,84029G,18,3.39,true,,120,0
2024-11-20,84029G,19,3.39,true,,102,276
2024-11-21,84029G,19,3.39,true,,359,0
2024-11-22,84029G,21,3.39,true,,340,0
2024-11-23,84029G,24,3.39,true,,319,0
2024-11-24,84029G,22,3.39,true,,295,0
2024-11-25,84029G,16,3.39,true,,273,0
2024-11-26,84029G,17,3.39,true,,257,0
2024-11-27,84029G,19,3.39,true,,240,0
2024-11-28,84029G,19,3.39,true,,221,0
2024-11-29,84029G,21,3.39,true,,202,0
2024-11-30,84029G,21,3.39,true,,181,0
2024-12-01,84029G,21,3.39,true,,160,0
2024-12-02,84029G,18,3.39,true,,139,0
2024-12-03,84029G,19,3.39,true,,121,0
2024-12-04,84029G,18,3.39,true,,102,272
2024-12-05,84029G,18,3.39,true,,356,0
2024-12-06,84029G,19,3.39,true,,338,0
2024-12-07,84029G,22,3.39,true,,319,0
2024-12-08,84029G,23,3.39,true,,297,0
2024-12-09,84029G,17,3.39,true,,274,0
2024-12-10,84029G,18,3.39,true,,257,0
2024-12-11,84029G,18,3.39,true,,239,0
2024-12-12,84029G,19,3.39,true,,221,0
2024-12-13,84029G,19,3.39,true,,202,0
2024-12-14,84029G,23,3.39,true,,183,0
2024-12-15,84029G,23,3.39,true,,160,0
2024-12-16,84029G,17,3.39,true,,137,0
2024-12-17,84029G,18,3.39,true,,120,0
2024-12-18,84029G,17,3.39,true,,102,0
2024-12-19,84029G,18,3.39,true,,85,288
2024-12-20,84029G,19,3.39,true,,355,0
2024-12-21,84029G,23,3.39,true,,336,0
2024-12-22,84029G,23,3.39,true,,313,0
2024-12-23,84029G,17,3.39,true,,290,0
2024-12-24,84029G,17,3.39,true,,273,0
2024-12-25,84029G,19,3.39,true,,256,0
2024-12-26,84029G,20,3.39,true,,237,0
2024-12-27,84029G,20,3.39,true,,217,0
2024-12-28,84029G,24,3.39,true,,197,0
2024-12-29,84029G,20,3.39,true,,173,0
2024-12-30,84029G,16,3.39,true,,153,0
2024-12-31,84029G,16,3.39,true,,137,0
2025-01-01,84029G,19,3.39,true,,121,0
2025-01-02,84029G,19,3.39,true,,102,272
2025-01-03,84029G,21,3.39,true,,355,0
2025-01-04,84029G,24,3.39,true,,334,0
2025-01-05,84029G,21,3.39,true,,310,0
2025-01-06,84029G,17,3.39,true,,289,0
2025-01-07,84029G,18,3.39,true,,272,0
2025-01-08,84029G,18,3.39,true,,254,0
2025-01-09,84029G,18,3.39,true,,236,0
2025-01-10,84029G,21,3.39,true,,218,0
2025-01-11,84029G,23,3.39,true,,197,0
2025-01-12,84029G,22,3.39,true,,174,0
2025-01-13,84029G,17,3.39,true,,152,0
2025-01-14,84029G,16,3.39,true,,135,0
2025-01-15,84029G,17,3.39,true,,119,0
2025-01-16,84029G,19,3.39,true,,102,266
2025-01-17,84029G,20,3.39,true,,349,0
2025-01-18,84029G,23,3.39,true,,329,0
2025-01-19,84029G,21,3.39,true,,306,0
2025-01-20,84029G,18,3.39,true,,285,0
2025-01-21,84029G,18,3.39,true,,267,0
2025-01-22,84029G,18,3.39,true,,249,0
2025-01-23,84029G,17,3.39,true,,231,0
2025-01-24,84029G,19,3.39,true,,214,0
2025-01-25,84029G,23,3.39,true,,195,0
2025-01-26,84029G,20,3.39,true,,172,0
2025-01-27,84029G,16,3.39,true,,152,0
2025-01-28,84029G,16,3.39,true,,136,0
2025-01-29,84029G,18,3.39,true,,120,0
2025-01-30,84029G,18,3.39,true,,102,266
2025-01-31,84029G,19,3.39,true,,350,0
2025-02-01,84029G,22,3.39,true,,331,0
2025-02-02,84029G,22,3.39,true,,309,0
2025-02-03,84029G,18,3.39,true,,287,0
2025-02-04,84029G,17,3.39,true,,269,0
2025-02-05,84029G,17,3.39,true,,252,0
2025-02-06,84029G,19,3.39,true,,235,0
2025-02-07,84029G,20,3.39,true,,216,0
2025-02-08,84029G,22,3.39,true,,196,0
2025-02-09,84029G,21,3.39,true,,174,0
2025-02-10,84029G,16,3.39,true,,153,0
2025-02-11,84029G,17,3.39,true,,137,0
2025-02-12,84029G,18,3.39,true,,120,0
2025-02-13,84029G,19,3.39,true,,102,265
2025-02-14,84029G,20,3.39,true,,348,0
2025-02-15,84029G,23,3.39,true,,328,0
2025-02-16,84029G,21,3.39,true,,305,0
2025-02-17,84029G,15,3.39,true,,284,0
2025-02-18,84029G,17,3.39,true,,269,0
2025-02-19,84029G,19,3.39,true,,252,0
2025-02-20,84029G,17,3.39,true,,233,0
2025-02-21,84029G,20,3.39,true,,216,0
2025-02-22,84029G,21,3.39,true,,196,0
2025-02-23,84029G,22,3.39,true,,175,0
2025-02-24,84029G,16,3.39,true,,153,0
2025-02-25,84029G,17,3.39,true,,137,0
2025-02-26,84029G,18,3.39,true,,120,0
2025-02-27,84029G,19,3.39,true,,102,254
2025-02-28,84029G,19,3.39,true,,337,0
2025-03-01,84029G,21,3.39,true,,318,0
2025-03-02,84029G,21,3.39,true,,297,0
2025-03-03,84029G,17,3.39,true,,276,0
2025-03-04,84029G,17,3.39,true,,259,0
2025-03-05,84029G,16,3.39,true,,242,0
2025-03-06,84029G,18,3.39,true,,226,0
2025-03-07,84029G,18,3.39,true,,208,0
2025-03-08,84029G,21,3.39,true,,190,0
2025-03-09,84029G,19,3.39,true,,169,0
2025-03-10,84029G,16,3.39,true,,150,0
2025-03-11,84029G,16,3.39,true,,134,0
2025-03-12,84029G,16,3.39,true,,118,0
2025-03-13,84029G,19,3.39,true,,102,252
2025-03-14,84029G,18,3.39,true,,335,0
2025-03-15,84029G,20,3.39,true,,317,0
2025-03-16,84029G,20,3.39,true,,297,0
2025-03-17,84029G,16,3.39,true,,277,0
2025-03-18,84029G,17,3.39,true,,261,0
2025-03-19,84029G,16,3.39,true,,244,0
2025-03-20,84029G,16,3.39,true,,228,0
2025-03-21,84029G,18,3.39,true,,212,0
2025-03-22,84029G,21,3.39,true,,194,0
2025-03-23,84029G,21,3.39,true,,173,0
2025-03-24,84029G,17,3.39,true,,152,0
2025-03-25,84029G,17,3.39,true,,135,0
2025-03-26,84029G,16,3.39,true,,118,0
2025-03-27,84029G,17,3.39,true,,102,0
2025-03-28,84029G,18,3.39,true,,85,262
2025-03-29,84029G,21,3.39,true,,329,0
2025-03-30,84029G,19,3.39,true,,308,0
2025-03-31,84029G,15,3.39,true,,289,0
2025-04-01,84029G,16,3.39,true,,274,0
2025-04-02,84029G,17,3.39,true,,258,0
2025-04-03,84029G,16,3.39,true,,241,0
2025-04-04,84029G,19,3.39,true,,225,0
2025-04-05,84029G,20,3.39,true,,206,0
2025-04-06,84029G,21,3.39,true,,186,0
2025-04-07,84029G,14,3.39,true,,165,0
2025-04-08,84029G,17,3.39,true,,151,0
2025-04-09,84029G,16,3.39,true,,134,0
2025-04-10,84029G,16,3.39,true,,118,0
2025-04-11,84029G,19,3.39,true,,102,245
2025-04-12,84029G,20,3.39,true,,328,0
2025-04-13,84029G,21,3.39,true,,308,0
2025-04-14,84029G,15,3.39,true,,287,0
2025-04-15,84029G,16,3.39,true,,272,0
2025-04-16,84029G,16,3.39,true,,256,0
2025-04-17,84029G,17,3.39,true,,240,0
2025-04-18,84029G,19,3.39,true,,223,0
2025-04-19,84029G,19,3.39,true,,204,0
2025-04-20,84029G,20,3.39,true,,185,0
2025-04-21,84029G,16,3.39,true,,165,0
2025-04-22,84029G,15,3.39,true,,149,0
2025-04-23,84029G,16,3.39,true,,134,0
2025-04-24,84029G,16,3.39,true,,118,0
2025-04-25,84029G,19,3.39,true,,102,244
2025-04-26,84029G,20,3.39,true,,327,0
2025-04-27,84029G,18,3.39,true,,307,0
2025-04-28,84029G,16,3.39,true,,289,0
2025-04-29,84029G,16,3.39,true,,273,0
2025-04-30,84029G,17,3.39,true,,257,0
2025-05-01,84029G,18,3.39,true,,240,0
2025-05-02,84029G,18,3.39,true,,222,0
2025-05-03,84029G,19,3.39,true,,204,0
2025-05-04,84029G,20,3.39,true,,185,0
2025-05-05,84029G,14,3.39,true,,165,0
2025-05-06,84029G,16,3.39,true,,151,0
2025-05-07,84029G,17,3.39,true,,135,0
2025-05-08,84029G,16,3.39,true,,118,0
2025-05-09,84029G,18,3.39,true,,102,239
2025-05-10,84029G,20,3.39,true,,323,0
2025-05-11,84029G,19,3.39,true,,303,0
2025-05-12,84029G,15,3.39,true,,284,0
2025-05-13,84029G,14,3.39,true,,269,0
2025-05-14,84029G,17,3.39,true,,255,0
2025-05-15,84029G,16,3.39,true,,238,0
2025-05-16,84029G,17,3.39,true,,222,0
2025-05-17,84029G,19,3.39,true,,205,0
2025-05-18,84029G,18,3.39,true,,186,0
2025-05-19,84029G,16,3.39,true,,168,0
2025-05-20,84029G,17,3.39,true,,152,0
2025-05-21,84029G,16,3.39,true,,135,0
2025-05-22,84029G,17,3.39,true,,119,0
2025-05-23,84029G,17,3.39,true,,102,0
2025-05-24,84029G,21,3.39,true,,85,251
2025-05-25,84029G,19,3.39,true,,315,0
2025-05-26,84029G,16,3.39,true,,296,0
2025-05-27,84029G,14,3.39,true,,280,0
2025-05-28,84029G,15,3.39,true,,266,0
2025-05-29,84029G,17,3.39,true,,251,0
2025-05-30,84029G,18,3.39,true,,234,0
2025-05-31,84029G,20,3.39,true,,216,0
2025-06-01,84029G,17,3.39,true,,196,0
2025-06-02,84029G,14,3.39,true,,179,0
2025-06-03,84029G,16,3.39,true,,165,0
2025-06-04,84029G,16,3.39,true,,149,0
2025-06-05,84029G,15,3.39,true,,133,0
2025-06-06,84029G,16,3.39,true,,118,0
2025-06-07,84029G,19,3.39,true,,102,233
2025-06-08,84029G,18,3.39,true,,316,0
2025-06-09,84029G,16,3.39,true,,298,0
2025-06-10,84029G,14,3.39,true,,282,0
2025-06-11,84029G,16,3.39,true,,268,0
2025-06-12,84029G,16,3.39,true,,252,0
2025-06-13,84029G,18,3.39,true,,236,0
2025-06-14,84029G,19,3.39,true,,218,0
2025-06-15,84029G,20,3.39,true,,199,0
2025-06-16,84029G,14,3.39,true,,179,0
2025-06-17,84029G,15,3.39,true,,165,0
2025-06-18,84029G,16,3.39,true,,150,0
2025-06-19,84029G,16,3.39,true,,134,0
2025-06-20,84029G,16,3.39,true,,118,0
2025-06-21,84029G,20,3.39,true,,102,228
2025-06-22,84029G,18,3.39,true,,310,0
2025-06-23,84029G,14,3.39,true,,292,0
2025-06-24,84029G,14,3.39,true,,278,0
2025-06-25,84029G,16,3.39,true,,264,0
2025-06-26,84029G,16,3.39,true,,248,0
2025-06-27,84029G,18,3.39,true,,232,0
2025-06-28,84029G,18,3.39,true,,214,0
2025-06-29,84029G,18,3.39,true,,196,0
2025-06-30,84029G,14,3.39,true,,178,0
2025-07-01,84029G,14,3.39,true,,164,0
2025-07-02,84029G,15,3.39,true,,150,0
2025-07-03,84029G,15,3.39,true,,135,0
2025-07-04,84029G,18,3.39,true,,120,0
2025-07-05,84029G,19,3.39,true,,102,229
2025-07-06,84029G,18,3.39,true,,312,0
2025-07-07,84029G,14,3.39,true,,294,0
2025-07-08,84029G,14,3.39,true,,280,0
2025-07-09,84029G,15,3.39,true,,266,0
2025-07-10,84029G,16,3.39,true,,251,0
2025-07-11,84029G,16,3.39,true,,235,0
2025-07-12,84029G,19,3.39,true,,219,0
2025-07-13,84029G,18,3.39,true,,200,0
2025-07-14,84029G,15,3.39,true,,182,0
2025-07-15,84029G,15,3.39,true,,167,0
2025-07-16,84029G,16,3.39,true,,152,0
2025-07-17,84029G,16,3.39,true,,136,0
2025-07-18,84029G,18,3.39,true,,120,0
2025-07-19,84029G,20,3.39,true,,102,242
2025-07-20,84029G,19,3.39,true,,324,0
2025-07-21,84029G,16,3.39,true,,305,0
2025-07-22,84029G,15,3.39,true,,289,0
2025-07-23,84029G,17,3.39,true,,274,0
2025-07-24,84029G,17,3.39,true,,257,0
2025-07-25,84029G,17,3.39,true,,240,0
2025-07-26,84029G,21,3.39,true,,223,0
2025-07-27,84029G,20,3.39,true,,202,0
2025-07-28,84029G,14,3.39,true,,182,0
2025-07-29,84029G,15,3.39,true,,168,0
2025-07-30,84029G,17,3.39,true,,153,0
2025-07-31,84029G,17,3.39,true,,136,0
2025-08-01,84029G,17,3.39,true,,119,0
2025-08-02,84029G,19,3.39,true,,102,246
2025-08-03,84029G,20,3.39,true,,329,0
2025-08-04,84029G,16,3.39,true,,309,0
2025-08-05,84029G,15,3.39,true,,293,0
2025-08-06,84029G,16,3.39,true,,278,0
2025-08-07,84029G,17,3.39,true,,262,0
2025-08-08,84029G,18,3.39,true,,245,0
2025-08-09,84029G,21,3.39,true,,227,0
2025-08-10,84029G,21,3.39,true,,206,0
2025-08-11,84029G,16,3.39,true,,185,0
2025-08-12,84029G,15,3.39,true,,169,0
2025-08-13,84029G,18,3.39,true,,154,0
2025-08-14,84029G,16,3.39,true,,136,0
2025-08-15,84029G,18,3.39,true,,120,0
2025-08-16,84029G,21,3.39,true,,102,246
2025-08-17,84029G,19,3.39,true,,327,0
2025-08-18,84029G,15,3.39,true,,308,0
2025-08-19,84029G,16,3.39,true,,293,0
2025-08-20,84029G,17,3.39,true,,277,0
2025-08-21,84029G,16,3.39,true,,260,0
2025-08-22,84029G,19,3.39,true,,244,0
2025-08-23,84029G,21,3.39,true,,225,0
2025-08-24,84029G,19,3.39,true,,204,0
2025-08-25,84029G,16,3.39,true,,185,0
2025-08-26,84029G,15,3.39,true,,169,0
2025-08-27,84029G,17,3.39,true,,154,0
2025-08-28,84029G,17,3.39,true,,137,0
2025-08-29,84029G,18,3.39,true,,120,0
2025-08-30,84029G,20,3.39,true,,102,254
2025-08-31,84029G,20,3.39,true,,336,0
2025-09-01,84029G,15,3.39,true,,316,0
2025-09-02,84029G,17,3.39,true,,301,0
2025-09-03,84029G,16,3.39,true,,284,0
2025-09-04,84029G,19,3.39,true,,268,0
2025-09-05,84029G,19,3.39,true,,249,0
2025-09-06,84029G,21,3.39,true,,230,0
2025-09-07,84029G,19,3.39,true,,209,0
2025-09-08,84029G,17,3.39,true,,190,0
2025-09-09,84029G,16,3.39,true,,173,0
2025-09-10,84029G,17,3.39,true,,157,0
2025-09-11,84029G,19,3.39,true,,140,0
2025-09-12,84029G,19,3.39,true,,121,0
2025-09-13,84029G,21,3.39,true,,102,249
2025-09-14,84029G,21,3.39,true,,330,0
2025-09-15,84029G,15,3.39,true,,309,0
2025-09-16,84029G,18,3.39,true,,294,0
2025-09-17,84029G,17,3.39,true,,276,0
2025-09-18,84029G,16,3.39,true,,259,0
2025-09-19,84029G,18,3.39,true,,243,0
2025-09-20,84029G,22,3.39,true,,225,0
2025-09-21,84029G,19,3.39,true,,203,0
2025-09-22,84029G,15,3.39,true,,184,0
2025-09-23,84029G,16,3.39,true,,169,0
2025-09-24,84029G,16,3.39,true,,153,0
2025-09-25,84029G,17,3.39,true,,137,0
2025-09-26,84029G,18,3.39,true,,120,0
2025-09-27,84029G,21,3.39,true,,102,263
2025-09-28,84029G,21,3.39,true,,344,0
2025-09-29,84029G,15,3.39,true,,323,0
2025-09-30,84029G,18,3.39,true,,308,0
2025-10-01,84029G,18,3.39,true,,290,0
2025-10-02,84029G,17,3.39,true,,272,0
2025-10-03,84029G,20,3.39,true,,255,0
2025-10-04,84029G,23,3.39,true,,235,0
2025-10-05,84029G,22,3.39,true,,212,0
2025-10-06,84029G,16,3.39,true,,190,0
2025-10-07,84029G,17,3.39,true,,174,0
2025-10-08,84029G,17,3.39,true,,157,0
2025-10-09,84029G,19,3.39,true,,140,0
2025-10-10,84029G,19,3.39,true,,121,0
2025-10-11,84029G,22,3.39,true,,102,269
2025-10-12,84029G,20,3.39,true,,349,0
2025-10-13,84029G,18,3.39,true,,329,0
2025-10-14,84029G,18,3.39,true,,311,0
2025-10-15,84029G,18,3.39,true,,293,0
2025-10-16,84029G,19,3.39,true,,275,0
2025-10-17,84029G,21,3.39,true,,256,0
2025-10-18,84029G,21,3.39,true,,235,0
2025-10-19,84029G,22,3.39,true,,214,0
2025-10-20,84029G,16,3.39,true,,192,0
2025-10-21,84029G,18,3.39,true,,176,0
2025-10-22,84029G,19,3.39,true,,158,0
2025-10-23,84029G,17,3.39,true,,139,0
2025-10-24,84029G,20,3.39,true,,122,0
2025-10-25,84029G,22,3.39,true,,102,267
2025-10-26,84029G,21,3.39,true,,347,0
2025-10-27,84029G,16,3.39,true,,326,0
2025-10-28,84029G,17,3.39,true,,310,0
2025-10-29,84029G,18,3.39,true,,293,0
2025-10-30,84029G,18,3.39,true,,275,0
2025-10-31,84029G,19,3.39,true,,257,0
2025-11-01,84029G,23,3.39,true,,238,0
2025-11-02,84029G,22,3.39,true,,215,0
2025-11-03,84029G,16,3.39,true,,193,0
2025-11-04,84029G,18,3.39,true,,177,0
2025-11-05,84029G,18,3.39,true,,159,0
2025-11-06,84029G,19,3.39,true,,141,0
2025-11-07,84029G,20,3.39,true,,122,0
2025-11-08,84029G,23,3.39,true,,102,271
2025-11-09,84029G,22,3.39,true,,350,0
2025-11-10,84029G,16,3.39,true,,328,0
2025-11-11,84029G,18,3.39,true,,312,0
2025-11-12,84029G,18,3.39,true,,294,0
2025-11-13,84029G,20,3.39,true,,276,0
2025-11-14,84029G,20,3.39,true,,256,0
2025-11-15,84029G,24,3.39,true,,236,0
2025-11-16,84029G,22,3.39,true,,212,0
2025-11-17,84029G,16,3.39,true,,190,0
2025-11-18,84029G,16,3.39,true,,174,0
2025-11-19,84029G,18,3.39,true,,158,0
2025-11-20,84029G,18,3.39,true,,140,0
2025-11-21,84029G,20,3.39,true,,122,0
2025-11-22,84029G,22,3.39,true,,102,270
2025-11-23,84029G,22,3.39,true,,350,0
2025-11-24,84029G,16,3.39,true,,328,0
2025-11-25,84029G,19,3.39,true,,312,0
2025-11-26,84029G,18,3.39,true,,293,0
2025-11-27,84029G,18,3.39,true,,275,0
2025-11-28,84029G,19,3.39,true,,257,0
2025-11-29,84029G,22,3.39,true,,238,0
2025-11-30,84029G,21,3.39,true,,216,0
2025-12-01,84029G,18,3.39,true,,195,0
2025-12-02,84029G,17,3.39,true,,177,0
2025-12-03,84029G,19,3.39,true,,160,0
2025-12-04,84029G,19,3.39,true,,141,0
2025-12-05,84029G,20,3.39,true,,122,0
2025-12-06,84029G,23,3.39,true,,102,271
2025-12-07,84029G,22,3.39,true,,350,0
2025-12-08,84029G,17,3.39,true,,328,0
2025-12-09,84029G,17,3.39,true,,311,0
2025-12-10,84029G,17,3.39,true,,294,0
2025-12-11,84029G,19,3.39,true,,277,0
2025-12-12,84029G,19,3.39,true,,258,0
2025-12-13,84029G,23,3.39,true,,239,0
2025-12-14,84029G,22,3.39,true,,216,0
2025-12-15,84029G,17,3.39,true,,194,0
2025-12-16,84029G,18,3.39,true,,177,0
2025-12-17,84029G,19,3.39,true,,159,0
2025-12-18,84029G,19,3.39,true,,140,0
2025-12-19,84029G,19,3.39,true,,121,0
2025-12-20,84029G,22,3.39,true,,102,271
2025-12-21,84029G,21,3.39,true,,351,0
2025-12-22,84029G,18,3.39,true,,330,0
2025-12-23,84029G,17,3.39,true,,312,0
2025-12-24,84029G,18,3.39,true,,295,0
2025-12-25,84029G,18,3.39,true,,277,0
2025-12-26,84029G,20,3.39,true,,259,0
2025-12-27,84029G,22,3.39,true,,239,0
2025-12-28,84029G,22,3.39,true,,217,0
2025-12-29,84029G,16,3.39,true,,195,0
2025-12-30,84029G,18,3.39,true,,179,0
2025-12-31,84029G,19,3.39,true,,161,0
2026-01-01,84029G,20,3.39,true,,142,0
2026-01-02,84029G,20,3.39,true,,122,0
2026-01-03,84029G,22,3.39,true,,102,266
2026-01-04,84029G,22,3.39,true,,346,0
2026-01-05,84029G,16,3.39,true,,324,0
2026-01-06,84029G,18,3.39,true,,308,0
2026-01-07,84029G,18,3.39,true,,290,0
2026-01-08,84029G,18,3.39,true,,272,0
2026-01-09,84029G,21,3.39,true,,254,0
2026-01-10,84029G,23,3.39,true,,233,0
2026-01-11,84029G,20,3.39,true,,210,0
2026-01-12,84029G,17,3.39,true,,190,0
2026-01-13,84029G,17,3.39,true,,173,0
2026-01-14,84029G,17,3.39,true,,156,0
2026-01-15,84029G,18,3.39,true,,139,0
2026-01-16,84029G,19,3.39,true,,121,0
2026-01-17,84029G,23,3.39,true,,102,272
2026-01-18,84029G,22,3.39,true,,351,0
2026-01-19,84029G,16,3.39,true,,329,0
2026-01-20,84029G,18,3.39,true,,313,0
2026-01-21,84029G,17,3.39,true,,295,0
2026-01-22,84029G,19,3.39,true,,278,0
2026-01-23,84029G,20,3.39,true,,259,0
2026-01-24,84029G,23,3.39,true,,239,0
2026-01-25,84029G,22,3.39,true,,216,0
2026-01-26,84029G,17,3.39,true,,194,0
2026-01-27,84029G,17,3.39,true,,177,0
2026-01-28,84029G,18,3.39,true,,160,0
2026-01-29,84029G,19,3.39,true,,142,0
2026-01-30,84029G,21,3.39,true,,123,0
2026-01-31,84029G,23,3.39,true,,102,270
2026-02-01,84029G,22,3.39,true,,349,0
2026-02-02,84029G,17,3.39,true,,327,0
2026-02-03,84029G,18,3.39,true,,310,0
2026-02-04,84029G,17,3.39,true,,292,0
2026-02-05,84029G,19,3.39,true,,275,0
2026-02-06,84029G,19,3.39,true,,256,0
2026-02-07,84029G,23,3.39,true,,237,0
2026-02-08,84029G,21,3.39,true,,214,0
2026-02-09,84029G,16,3.39,true,,193,0
2026-02-10,84029G,18,3.39,true,,177,0
2026-02-11,84029G,18,3.39,true,,159,0
2026-02-12,84029G,19,3.39,true,,141,0
2026-02-13,84029G,20,3.39,true,,122,0
2026-02-14,84029G,21,3.39,true,,102,253
2026-02-15,84029G,20,3.39,true,,334,0
2026-02-16,84029G,15,3.39,true,,314,0
2026-02-17,84029G,16,3.39,true,,299,0
2026-02-18,84029G,17,3.39,true,,283,0
2026-02-19,84029G,17,3.39,true,,266,0
2026-02-20,84029G,19,3.39,true,,249,0
2026-02-21,84029G,23,3.39,true,,230,0
2026-02-22,84029G,21,3.39,true,,207,0
2026-02-23,84029G,16,3.39,true,,186,0
2026-02-24,84029G,16,3.39,true,,170,0
2026-02-25,84029G,17,3.39,true,,154,0
2026-02-26,84029G,17,3.39,true,,137,0
2026-02-27,84029G,18,3.39,true,,120,0
2026-02-28,84029G,21,3.39,true,,102,251
2026-03-01,84029G,20,3.39,true,,332,0
2026-03-02,84029G,16,3.39,true,,312,0
2026-03-03,84029G,16,3.39,true,,296,0
2026-03-04,84029G,17,3.39,true,,280,0
2026-03-05,84029G,16,3.39,true,,263,0
2026-03-06,84029G,19,3.39,true,,247,0
2026-03-07,84029G,21,3.39,true,,228,0
2026-03-08,84029G,20,3.39,true,,207,0
2026-03-09,84029G,17,3.39,true,,187,0
2026-03-10,84029G,17,3.39,true,,170,0
2026-03-11,84029G,16,3.39,true,,153,0
2026-03-12,84029G,18,3.39,true,,137,0
2026-03-13,84029G,17,3.39,true,,119,0
2026-03-14,84029G,22,3.39,true,,102,252
2026-03-15,84029G,21,3.39,true,,332,0
2026-03-16,84029G,16,3.39,true,,311,0
2026-03-17,84029G,17,3.39,true,,295,0
2026-03-18,84029G,16,3.39,true,,278,0
2026-03-19,84029G,18,3.39,true,,262,0
2026-03-20,84029G,19,3.39,true,,244,0
2026-03-21,84029G,20,3.39,true,,225,0
2026-03-22,84029G,19,3.39,true,,205,0
2026-03-23,84029G,15,3.39,true,,186,0
2026-03-24,84029G,16,3.39,true,,171,0
2026-03-25,84029G,17,3.39,true,,155,0
2026-03-26,84029G,18,3.39,true,,138,0
2026-03-27,84029G,18,3.39,true,,120,0
2026-03-28,84029G,20,3.39,true,,102,251
2026-03-29,84029G,21,3.39,true,,333,0
2026-03-30,84029G,16,3.39,true,,312,0
2026-03-31,84029G,16,3.39,true,,296,0
2026-04-01,84029G,18,3.39,true,,280,0
2026-04-02,84029G,18,3.39,true,,262,0
2026-04-03,84029G,17,3.39,true,,244,0
2026-04-04,84029G,20,3.39,true,,227,0
2026-04-05,84029G,20,3.39,true,,207,0
2026-04-06,84029G,15,3.39,true,,187,0
2026-04-07,84029G,16,3.39,true,,172,0
2026-04-08,84029G,18,3.39,true,,156,0
2026-04-09,84029G,18,3.39,true,,138,0
2026-04-10,84029G,18,3.39,true,,120,0
2026-04-11,84029G,21,3.39,true,,102,245
2026-04-12,84029G,21,3.39,true,,326,0
2026-04-13,84029G,15,3.39,true,,305,0
2026-04-14,84029G,16,3.39,true,,290,0
2026-04-15,84029G,17,3.39,true,,274,0
2026-04-16,84029G,17,3.39,true,,257,0
2026-04-17,84029G,18,3.39,true,,240,0
2026-04-18,84029G,19,3.39,true,,222,0
2026-04-19,84029G,18,3.39,true,,203,0
2026-04-20,84029G,16,3.39,true,,185,0
2026-04-21,84029G,17,3.39,true,,169,0
2026-04-22,84029G,16,3.39,true,,152,0
2026-04-23,84029G,17,3.39,true,,136,0
2026-04-24,84029G,17,3.39,true,,119,0
2026-04-25,84029G,20,3.39,true,,102,242
2026-04-26,84029G,19,3.39,true,,324,0
2026-04-27,84029G,16,3.39,true,,305,0
2026-04-28,84029G,16,3.39,true,,289,0
2026-04-29,84029G,17,3.39,true,,273,0
2026-04-30,84029G,18,3.39,true,,256,0
2026-05-01,84029G,17,3.39,true,,238,0
2026-05-02,84029G,21,3.39,true,,221,0
2026-05-03,84029G,18,3.39,true,,200,0
2026-05-04,84029G,16,3.39,true,,182,0
2026-05-05,84029G,15,3.39,true,,166,0
2026-05-06,84029G,15,3.39,true,,151,0
2026-05-07,84029G,16,3.39,true,,136,0
2026-05-08,84029G,18,3.39,true,,120,0
2026-05-09,84029G,20,3.39,true,,102,236
2026-05-10,84029G,18,3.39,true,,318,0
2026-05-11,84029G,16,3.39,true,,300,0
2026-05-12,84029G,15,3.39,true,,284,0
2026-05-13,84029G,16,3.39,true,,269,0
2026-05-14,84029G,15,3.39,true,,253,0
2026-05-15,84029G,18,3.39,true,,238,0
2026-05-16,84029G,19,3.39,true,,220,0
2026-05-17,84029G,18,3.39,true,,201,0
2026-05-18,84029G,15,3.39,true,,183,0
2026-05-19,84029G,16,3.39,true,,168,0
2026-05-20,84029G,16,3.39,true,,152,0
2026-05-21,84029G,15,3.39,true,,136,0
2026-05-22,84029G,19,3.39,true,,121,0
2026-05-23,84029G,19,3.39,true,,102,234
2026-05-24,84029G,19,3.39,true,,317,0
2026-05-25,84029G,14,3.39,true,,298,0
2026-05-26,84029G,15,3.39,true,,284,0
2026-05-27,84029G,15,3.39,true,,269,0
2026-05-28,84029G,16,3.39,true,,254,0
2026-05-29,84029G,16,3.39,true,,238,0
2026-05-30,84029G,19,3.39,true,,222,0
2026-05-31,84029G,18,3.39,true,,203,0
2026-06-01,84029G,16,3.39,true,,185,0
2026-06-02,84029G,16,3.39,true,,169,0
2026-06-03,84029G,16,3.39,true,,153,0
2026-06-04,84029G,18,3.39,true,,137,0
2026-06-05,84029G,17,3.39,true,,119,0
2026-06-06,84029G,20,3.39,true,,102,241
2026-06-07,84029G,19,3.39,true,,323,0
2026-06-08,84029G,14,3.39,true,,304,0
2026-06-09,84029G,16,3.39,true,,290,0
2026-06-10,84029G,16,3.39,true,,274,0
2026-06-11,84029G,16,3.39,true,,258,0
2026-06-12,84029G,17,3.39,true,,242,0
2026-06-13,84029G,21,3.39,true,,225,0
2026-06-14,84029G,19,3.39,true,,204,0
2026-06-15,84029G,16,3.39,true,,185,0
2026-06-16,84029G,16,3.39,true,,169,0
2026-06-17,84029G,17,3.39,true,,153,0
2026-06-18,84029G,18,3.39,true,,136,0
2026-06-19,84029G,16,3.39,true,,118,0
2026-06-20,84029G,19,3.39,true,,102,234
2026-06-21,84029G,19,3.39,true,,317,0
2026-06-22,84029G,15,3.39,true,,298,0
2026-06-23,84029G,14,3.39,true,,283,0
2026-06-24,84029G,17,3.39,true,,269,0
2026-06-25,84029G,16,3.39,true,,252,0
2026-06-26,84029G,16,3.39,true,,236,0
2026-06-27,84029G,21,3.39,true,,220,0
2026-06-28,84029G,19,3.39,true,,199,0
2026-06-29,84029G,14,3.39,true,,180,0
2026-06-30,84029G,15,3.39,true,,166,0
2026-07-01,84029G,16,3.39,true,,151,0
2026-07-02,84029G,17,3.39,true,,135,0
2026-07-03,84029G,16,3.39,true,,118,0
2026-07-04,84029G,19,3.39,true,,102,237
2026-07-05,84029G,18,3.39,true,,320,0
2026-07-06,84029G,16,3.39,true,,302,0
2026-07-07,84029G,16,3.39,true,,286,0
2026-07-08,84029G,17,3.39,true,,270,0
2026-07-09,84029G,15,3.39,true,,253,0
2026-07-10,84029G,16,3.39,true,,238,0
2026-07-11,84029G,20,3.39,true,,222,0
2026-07-12,84029G,19,3.39,true,,202,0
2026-07-13,84029G,14,3.39,true,,183,0
2026-07-14,84029G,16,3.39,true,,169,0
2026-07-15,84029G,15,3.39,true,,153,0
2026-07-16,84029G,18,3.39,true,,138,0
2026-07-17,84029G,18,3.39,true,,120,0
2026-07-18,84029G,21,3.39,true,,102,241
2026-07-19,84029G,19,3.39,true,,322,0
2026-07-20,84029G,16,3.39,true,,303,0
2026-07-21,84029G,15,3.39,true,,287,0
2026-07-22,84029G,15,3.39,true,,272,0
2026-07-23,84029G,16,3.39,true,,257,0
2026-07-24,84029G,18,3.39,true,,241,0
2026-07-25,84029G,19,3.39,true,,223,0
2026-07-26,84029G,20,3.39,true,,204,0
2026-07-27,84029G,15,3.39,true,,184,0
2026-07-28,84029G,16,3.39,true,,169,0
2026-07-29,84029G,16,3.39,true,,153,0
2026-07-30,84029G,18,3.39,true,,137,0
2026-07-31,84029G,17,3.39,true,,119,0
2026-08-01,84029G,20,3.39,true,,102,242
2026-08-02,84029G,19,3.39,true,,324,0
2026-08-03,84029G,14,3.39,true,,305,0
2026-08-04,84029G,15,3.39,true,,291,0
2026-08-05,84029G,17,3.39,true,,276,0
2026-08-06,84029G,16,3.39,true,,259,0
2026-08-07,84029G,18,3.39,true,,243,0
2026-08-08,84029G,21,3.39,true,,225,0
2026-08-09,84029G,19,3.39,true,,204,0
2026-08-10,84029G,16,3.39,true,,185,0
2026-08-11,84029G,16,3.39,true,,169,0
2026-08-12,84029G,16,3.39,true,,153,0
2026-08-13,84029G,17,3.39,true,,137,0
2026-08-14,84029G,18,3.39,true,,120,0
2026-08-15,84029G,21,3.39,true,,102,161
2026-08-16,84029G,19,3.39,true,,242,0
2026-08-17,84029G,16,3.39,true,,223,0
2026-08-18,84029G,15,3.39,true,,207,0
2026-08-19,84029G,16,3.39,true,,192,0
2026-08-20,84029G,17,3.39,true,,176,0
2026-08-21,84029G,18,3.39,true,,159,0
2026-08-22,84029G,20,3.39,true,,141,0
2026-08-23,84029G,19,3.39,true,,121,0
2026-08-24,84029G,15,3.39,true,,102,385
2026-08-25,84029G,17,3.39,true,,472,0
2026-08-26,84029G,17,3.39,true,,455,0
2026-08-27,84029G,16,3.39,true,,438,0
2026-08-28,84029G,18,3.39,true,,422,0
2026-08-29,84029G,21,3.39,true,,404,0
2026-08-30,84029G,19,3.39,true,,383,0
2026-08-31,84029G,16,3.39,true,,364,0
2026-09-01,84029G,17,3.39,true,,348,0
2026-09-02,84029G,18,3.39,true,,331,0
2026-09-03,84029G,17,3.39,true,,313,0
2026-09-04,84029G,20,3.39,true,,296,0
2026-09-05,84029G,22,3.39,true,,276,0
2026-09-06,84029G,20,3.39,true,,254,0
2026-09-07,84029G,16,3.39,true,,234,0
2026-09-08,84029G,17,3.39,true,,218,0
2026-09-09,84029G,17,3.39,true,,201,0
2026-09-10,84029G,18,3.39,true,,184,0
2026-09-11,84029G,18,3.39,true,,166,0
2026-09-12,84029G,21,3.39,true,,148,0
2026-09-13,84029G,19,3.39,true,,127,0
2024-09-14,84029E,31,3.39,true,,703,0
2024-09-15,84029E,28,3.39,true,,672,0
2024-09-16,84029E,23,3.39,true,,644,0
2024-09-17,84029E,23,3.39,true,,621,0
2024-09-18,84029E,24,3.39,true,,598,0
2024-09-19,84029E,26,3.39,true,,574,0
2024-09-20,84029E,26,3.39,true,,548,0
2024-09-21,84029E,31,3.39,true,,522,0
2024-09-22,84029E,28,3.39,true,,491,0
2024-09-23,84029E,22,3.39,true,,463,0
2024-09-24,84029E,22,3.39,true,,441,0
2024-09-25,84029E,23,3.39,true,,419,0
2024-09-26,84029E,25,3.39,true,,396,0
2024-09-27,84029E,27,3.39,true,,371,0
2024-09-28,84029E,30,3.39,true,,344,0
2024-09-29,84029E,28,3.39,true,,314,0
2024-09-30,84029E,24,3.39,true,,286,0
2024-10-01,84029E,23,3.39,true,,262,0
2024-10-02,84029E,25,3.39,true,,239,0
2024-10-03,84029E,26,3.39,true,,214,0
2024-10-04,84029E,28,3.39,true,,188,0
2024-10-05,84029E,30,3.39,true,,160,0
2024-10-06,84029E,29,3.39,true,,130,0
2024-10-07,84029E,23,3.39,true,,101,382
2024-10-08,84029E,23,3.39,true,,460,0
2024-10-09,84029E,24,3.39,true,,437,0
2024-10-10,84029E,25,3.39,true,,413,0
2024-10-11,84029E,26,3.39,true,,388,0
2024-10-12,84029E,32,3.39,true,,362,0
2024-10-13,84029E,29,3.39,true,,330,0
2024-10-14,84029E,22,3.39,true,,301,0
2024-10-15,84029E,24,3.39,true,,279,0
2024-10-16,84029E,25,3.39,true,,255,0
2024-10-17,84029E,26,3.39,true,,230,0
2024-10-18,84029E,26,3.39,true,,204,0
2024-10-19,84029E,30,3.39,true,,178,0
2024-10-20,84029E,28,3.39,true,,148,0
2024-10-21,84029E,23,3.39,true,,120,372
2024-10-22,84029E,23,3.39,true,,469,0
2024-10-23,84029E,25,3.39,true,,446,0
2024-10-24,84029E,26,3.39,true,,421,0
2024-10-25,84029E,28,3.39,true,,395,0
2024-10-26,84029E,32,3.39,true,,367,0
2024-10-27,84029E,30,3.39,true,,335,0
2024-10-28,84029E,24,3.39,true,,305,0
2024-10-29,84029E,23,3.39,true,,281,0
2024-10-30,84029E,25,3.39,true,,258,0
2024-10-31,84029E,26,3.39,true,,233,0
2024-11-01,84029E,27,3.39,true,,207,0
2024-11-02,84029E,32,3.39,true,,180,0
2024-11-03,84029E,28,3.39,true,,148,0
2024-11-04,84029E,23,3.39,true,,120,364
2024-11-05,84029E,24,3.39,true,,461,0
2024-11-06,84029E,24,3.39,true,,437,0
2024-11-07,84029E,24,3.39,true,,413,0
2024-11-08,84029E,28,3.39,true,,389,0
2024-11-09,84029E,30,3.39,true,,361,0
2024-11-10,84029E,29,3.39,true,,331,0
2024-11-11,84029E,22,3.39,true,,302,0
2024-11-12,84029E,23,3.39,true,,280,0
2024-11-13,84029E,24,3.39,true,,257,0
2024-11-14,84029E,26,3.39,true,,233,0
2024-11-15,84029E,28,3.39,true,,207,0
2024-11-16,84029E,30,3.39,true,,179,0
2024-11-17,84029E,29,3.39,true,,149,0
2024-11-18,84029E,22,3.39,true,,120,362
2024-11-19,84029E,25,3.39,true,,460,0
2024-11-20,84029E,24,3.39,true,,435,0
2024-11-21,84029E,26,3.39,true,,411,0
2024-11-22,84029E,26,3.39,true,,385,0
2024-11-23,84029E,30,3.39,true,,359,0
2024-11-24,84029E,28,3.39,true,,329,0
2024-11-25,84029E,23,3.39,true,,301,0
2024-11-26,84029E,24,3.39,true,,278,0
2024-11-27,84029E,24,3.39,true,,254,0
2024-11-28,84029E,25,3.39,true,,230,0
2024-11-29,84029E,27,3.39,true,,205,0
2024-11-30,84029E,30,3.39,true,,178,0
2024-12-01,84029E,28,3.39,true,,148,0
2024-12-02,84029E,24,3.39,true,,120,367
2024-12-03,84029E,25,3.39,true,,463,0
2024-12-04,84029E,26,3.39,true,,438,0
2024-12-05,84029E,24,3.39,true,,412,0
2024-12-06,84029E,28,3.39,true,,388,0
2024-12-07,84029E,29,3.39,true,,360,0
2024-12-08,84029E,30,3.39,true,,331,0
2024-12-09,84029E,23,3.39,true,,301,0
2024-12-10,84029E,23,3.39,true,,278,0
2024-12-11,84029E,24,3.39,true,,255,0
2024-12-12,84029E,25,3.39,true,,231,0
2024-12-13,84029E,26,3.39,true,,206,0
2024-12-14,84029E,31,3.39,true,,180,0
2024-12-15,84029E,29,3.39,true,,149,0
2024-12-16,84029E,24,3.39,true,,120,368
2024-12-17,84029E,24,3.39,true,,464,0
2024-12-18,84029E,25,3.39,true,,440,0
2024-12-19,84029E,26,3.39,true,,415,0
2024-12-20,84029E,27,3.39,true,,389,0
2024-12-21,84029E,31,3.39,true,,362,0
2024-12-22,84029E,30,3.39,true,,331,0
2024-12-23,84029E,24,3.39,true,,301,0
2024-12-24,84029E,23,3.39,true,,277,0
2024-12-25,84029E,25,3.39,true,,254,0
2024-12-26,84029E,25,3.39,true,,229,0
2024-12-27,84029E,26,3.39,true,,204,0
2024-12-28,84029E,30,3.39,true,,178,0
2024-12-29,84029E,28,3.39,true,,148,0
2024-12-30,84029E,22,3.39,true,,120,358
2024-12-31,84029E,24,3.39,true,,456,0
2025-01-01,84029E,23,3.39,true,,432,0
2025-01-02,84029E,24,3.39,true,,409,0
2025-01-03,84029E,27,3.39,true,,385,0
2025-01-04,84029E,30,3.39,true,,358,0
2025-01-05,84029E,27,3.39,true,,328,0
2025-01-06,84029E,23,3.39,true,,301,0
2025-01-07,84029E,23,3.39,true,,278,0
2025-01-08,84029E,25,3.39,true,,255,0
2025-01-09,84029E,24,3.39,true,,230,0
2025-01-10,84029E,27,3.39,true,,206,0
2025-01-11,84029E,30,3.39,true,,179,0
2025-01-12,84029E,29,3.39,true,,149,0
2025-01-13,84029E,23,3.39,true,,120,355
2025-01-14,84029E,23,3.39,true,,452,0
2025-01-15,84029E,25,3.39,true,,429,0
2025-01-16,84029E,26,3.39,true,,404,0
2025-01-17,84029E,26,3.39,true,,378,0
2025-01-18,84029E,29,3.39,true,,352,0
2025-01-19,84029E,28,3.39,true,,323,0
2025-01-20,84029E,22,3.39,true,,295,0
2025-01-21,84029E,23,3.39,true,,273,0
2025-01-22,84029E,25,3.39,true,,250,0
2025-01-23,84029E,24,3.39,true,,225,0
2025-01-24,84029E,26,3.39,true,,201,0
2025-01-25,84029E,28,3.39,true,,175,0
2025-01-26,84029E,27,3.39,true,,147,0
2025-01-27,84029E,21,3.39,true,,120,344
2025-01-28,84029E,22,3.39,true,,443,0
2025-01-29,84029E,24,3.39,true,,421,0
2025-01-30,84029E,23,3.39,true,,397,0
2025-01-31,84029E,25,3.39,true,,374,0
2025-02-01,84029E,30,3.39,true,,349,0
2025-02-02,84029E,27,3.39,true,,319,0
2025-02-03,84029E,21,3.39,true,,292,0
2025-02-04,84029E,23,3.39,true,,271,0
2025-02-05,84029E,23,3.39,true,,248,0
2025-02-06,84029E,24,3.39,true,,225,0
2025-02-07,84029E,25,3.39,true,,201,0
2025-02-08,84029E,29,3.39,true,,176,0
2025-02-09,84029E,27,3.39,true,,147,0
2025-02-10,84029E,23,3.39,true,,120,340
2025-02-11,84029E,21,3.39,true,,437,0
2025-02-12,84029E,24,3.39,true,,416,0
2025-02-13,84029E,22,3.39,true,,392,0
2025-02-14,84029E,25,3.39,true,,370,0
2025-02-15,84029E,28,3.39,true,,345,0
2025-02-16,84029E,27,3.39,true,,317,0
2025-02-17,84029E,22,3.39,true,,290,0
2025-02-18,84029E,22,3.39,true,,268,0
2025-02-19,84029E,22,3.39,true,,246,0
2025-02-20,84029E,24,3.39,true,,224,0
2025-02-21,84029E,25,3.39,true,,200,0
2025-02-22,84029E,28,3.39,true,,175,0
2025-02-23,84029E,27,3.39,true,,147,0
2025-02-24,84029E,21,3.39,true,,120,327
2025-02-25,84029E,21,3.39,true,,426,0
2025-02-26,84029E,21,3.39,true,,405,0
2025-02-27,84029E,23,3.39,true,,384,0
2025-02-28,84029E,24,3.39,true,,361,0
2025-03-01,84029E,28,3.39,true,,337,0
2025-03-02,84029E,26,3.39,true,,309,0
2025-03-03,84029E,20,3.39,true,,283,0
2025-03-04,84029E,21,3.39,true,,263,0
2025-03-05,84029E,21,3.39,true,,242,0
2025-03-06,84029E,23,3.39,true,,221,0
2025-03-07,84029E,25,3.39,true,,198,0
2025-03-08,84029E,28,3.39,true,,173,0
2025-03-09,84029E,25,3.39,true,,145,0
2025-03-10,84029E,21,3.39,true,,120,325
2025-03-11,84029E,21,3.39,true,,424,0
2025-03-12,84029E,21,3.39,true,,403,0
2025-03-13,84029E,21,3.39,true,,382,0
2025-03-14,84029E,25,3.39,true,,361,0
2025-03-15,84029E,28,3.39,true,,336,0
2025-03-16,84029E,25,3.39,true,,308,0
2025-03-17,84029E,21,3.39,true,,283,0
2025-03-18,84029E,20,3.39,true,,262,0
2025-03-19,84029E,22,3.39,true,,242,0
2025-03-20,84029E,23,3.39,true,,220,0
2025-03-21,84029E,24,3.39,true,,197,0
2025-03-22,84029E,28,3.39,true,,173,0
2025-03-23,84029E,25,3.39,true,,145,0
2025-03-24,84029E,20,3.39,true,,120,0
2025-03-25,84029E,22,3.39,true,,100,337
2025-03-26,84029E,20,3.39,true,,415,0
2025-03-27,84029E,23,3.39,true,,395,0
2025-03-28,84029E,25,3.39,true,,372,0
2025-03-29,84029E,26,3.39,true,,347,0
2025-03-30,84029E,26,3.39,true,,321,0
2025-03-31,84029E,20,3.39,true,,295,0
2025-04-01,84029E,20,3.39,true,,275,0
2025-04-02,84029E,20,3.39,true,,255,0
2025-04-03,84029E,21,3.39,true,,235,0
2025-04-04,84029E,23,3.39,true,,214,0
2025-04-05,84029E,27,3.39,true,,191,0
2025-04-06,84029E,24,3.39,true,,164,0
2025-04-07,84029E,20,3.39,true,,140,0
2025-04-08,84029E,21,3.39,true,,120,312
2025-04-09,84029E,22,3.39,true,,411,0
2025-04-10,84029E,20,3.39,true,,389,0
2025-04-11,84029E,24,3.39,true,,369,0
2025-04-12,84029E,27,3.39,true,,345,0
2025-04-13,84029E,26,3.39,true,,318,0
2025-04-14,84029E,19,3.39,true,,292,0
2025-04-15,84029E,20,3.39,true,,273,0
2025-04-16,84029E,21,3.39,true,,253,0
2025-04-17,84029E,21,3.39,true,,232,0
2025-04-18,84029E,22,3.39,true,,211,0
2025-04-19,84029E,26,3.39,true,,189,0
2025-04-20,84029E,25,3.39,true,,163,0
2025-04-21,84029E,18,3.39,true,,138,0
2025-04-22,84029E,21,3.39,true,,120,303
2025-04-23,84029E,21,3.39,true,,402,0
2025-04-24,84029E,21,3.39,true,,381,0
2025-04-25,84029E,23,3.39,true,,360,0
2025-04-26,84029E,26,3.39,true,,337,0
2025-04-27,84029E,23,3.39,true,,311,0
2025-04-28,84029E,19,3.39,true,,288,0
2025-04-29,84029E,20,3.39,true,,269,0
2025-04-30,84029E,19,3.39,true,,249,0
2025-05-01,84029E,22,3.39,true,,230,0
2025-05-02,84029E,21,3.39,true,,208,0
2025-05-03,84029E,26,3.39,true,,187,0
2025-05-04,84029E,23,3.39,true,,161,0
2025-05-05,84029E,18,3.39,true,,138,0
2025-05-06,84029E,18,3.39,true,,120,0
2025-05-07,84029E,21,3.39,true,,102,315
2025-05-08,84029E,22,3.39,true,,396,0
2025-05-09,84029E,22,3.39,true,,374,0
2025-05-10,84029E,24,3.39,true,,352,0
2025-05-11,84029E,25,3.39,true,,328,0
2025-05-12,84029E,17,3.39,true,,303,0
2025-05-13,84029E,20,3.39,true,,286,0
2025-05-14,84029E,19,3.39,true,,266,0
2025-05-15,84029E,20,3.39,true,,247,0
2025-05-16,84029E,22,3.39,true,,227,0
2025-05-17,84029E,25,3.39,true,,205,0
2025-05-18,84029E,24,3.39,true,,180,0
2025-05-19,84029E,18,3.39,true,,156,0
2025-05-20,84029E,18,3.39,true,,138,0
2025-05-21,84029E,20,3.39,true,,120,0
2025-05-22,84029E,20,3.39,true,,100,310
2025-05-23,84029E,20,3.39,true,,390,0
2025-05-24,84029E,24,3.39,true,,370,0
2025-05-25,84029E,24,3.39,true,,346,0
2025-05-26,84029E,19,3.39,true,,322,0
2025-05-27,84029E,20,3.39,true,,303,0
2025-05-28,84029E,19,3.39,true,,283,0
2025-05-29,84029E,21,3.39,true,,264,0
2025-05-30,84029E,22,3.39,true,,243,0
2025-05-31,84029E,24,3.39,true,,221,0
2025-06-01,84029E,22,3.39,true,,197,0
2025-06-02,84029E,17,3.39,true,,175,0
2025-06-03,84029E,18,3.39,true,,158,0
2025-06-04,84029E,20,3.39,true,,140,0
2025-06-05,84029E,20,3.39,true,,120,0
2025-06-06,84029E,21,3.39,true,,100,308
2025-06-07,84029E,24,3.39,true,,387,0
2025-06-08,84029E,23,3.39,true,,363,0
2025-06-09,84029E,19,3.39,true,,340,0
2025-06-10,84029E,20,3.39,true,,321,0
2025-06-11,84029E,18,3.39,true,,301,0
2025-06-12,84029E,20,3.39,true,,283,0
2025-06-13,84029E,21,3.39,true,,263,0
2025-06-14,84029E,24,3.39,true,,242,0
2025-06-15,84029E,23,3.39,true,,218,0
2025-06-16,84029E,17,3.39,true,,195,0
2025-06-17,84029E,19,3.39,true,,178,0
2025-06-18,84029E,20,3.39,true,,159,0
2025-06-19,84029E,19,3.39,true,,139,0
2025-06-20,84029E,22,3.39,true,,120,289
2025-06-21,84029E,24,3.39,true,,387,0
2025-06-22,84029E,22,3.39,true,,363,0
2025-06-23,84029E,19,3.39,true,,341,0
2025-06-24,84029E,17,3.39,true,,322,0
2025-06-25,84029E,20,3.39,true,,305,0
2025-06-26,84029E,20,3.39,true,,285,0
2025-06-27,84029E,22,3.39,true,,265,0
2025-06-28,84029E,24,3.39,true,,243,0
2025-06-29,84029E,24,3.39,true,,219,0
2025-06-30,84029E,18,3.39,true,,195,0
2025-07-01,84029E,17,3.39,true,,177,0
2025-07-02,84029E,20,3.39,true,,160,0
2025-07-03,84029E,20,3.39,true,,140,0
2025-07-04,84029E,21,3.39,true,,120,285
2025-07-05,84029E,22,3.39,true,,384,0
2025-07-06,84029E,22,3.39,true,,362,0
2025-07-07,84029E,18,3.39,true,,340,0
2025-07-08,84029E,19,3.39,true,,322,0
2025-07-09,84029E,20,3.39,true,,303,0
2025-07-10,84029E,21,3.39,true,,283,0
2025-07-11,84029E,22,3.39,true,,262,0
2025-07-12,84029E,24,3.39,true,,240,0
2025-07-13,84029E,22,3.39,true,,216,0
2025-07-14,84029E,19,3.39,true,,194,0
2025-07-15,84029E,18,3.39,true,,175,0
2025-07-16,84029E,18,3.39,true,,157,0
2025-07-17,84029E,19,3.39,true,,139,0
2025-07-18,84029E,20,3.39,true,,120,0
2025-07-19,84029E,24,3.39,true,,100,303
2025-07-20,84029E,23,3.39,true,,379,0
2025-07-21,84029E,18,3.39,true,,356,0
2025-07-22,84029E,20,3.39,true,,338,0
2025-07-23,84029E,19,3.39,true,,318,0
2025-07-24,84029E,19,3.39,true,,299,0
2025-07-25,84029E,20,3.39,true,,280,0
2025-07-26,84029E,23,3.39,true,,260,0
2025-07-27,84029E,21,3.39,true,,237,0
2025-07-28,84029E,17,3.39,true,,216,0
2025-07-29,84029E,19,3.39,true,,199,0
2025-07-30,84029E,20,3.39,true,,180,0
2025-07-31,84029E,18,3.39,true,,160,0
2025-08-01,84029E,22,3.39,true,,142,0
2025-08-02,84029E,23,3.39,true,,120,288
2025-08-03,84029E,22,3.39,true,,385,0
2025-08-04,84029E,19,3.39,true,,363,0
2025-08-05,84029E,18,3.39,true,,344,0
2025-08-06,84029E,18,3.39,true,,326,0
2025-08-07,84029E,21,3.39,true,,308,0
2025-08-08,84029E,21,3.39,true,,287,0
2025-08-09,84029E,24,3.39,true,,266,0
2025-08-10,84029E,23,3.39,true,,242,0
2025-08-11,84029E,17,3.39,true,,219,0
2025-08-12,84029E,19,3.39,true,,202,0
2025-08-13,84029E,20,3.39,true,,183,0
2025-08-14,84029E,21,3.39,true,,163,0
2025-08-15,84029E,22,3.39,true,,142,0
2025-08-16,84029E,23,3.39,true,,120,290
2025-08-17,84029E,23,3.39,true,,387,0
2025-08-18,84029E,19,3.39,true,,364,0
2025-08-19,84029E,19,3.39,true,,345,0
2025-08-20,84029E,20,3.39,true,,326,0
2025-08-21,84029E,20,3.39,true,,306,0
2025-08-22,84029E,22,3.39,true,,286,0
2025-08-23,84029E,24,3.39,true,,264,0
2025-08-24,84029E,23,3.39,true,,240,0
2025-08-25,84029E,18,3.39,true,,217,0
2025-08-26,84029E,19,3.39,true,,199,0
2025-08-27,84029E,19,3.39,true,,180,0
2025-08-28,84029E,20,3.39,true,,161,0
2025-08-29,84029E,21,3.39,true,,141,0
2025-08-30,84029E,24,3.39,true,,120,289
2025-08-31,84029E,22,3.39,true,,385,0
2025-09-01,84029E,18,3.39,true,,363,0
2025-09-02,84029E,18,3.39,true,,345,0
2025-09-03,84029E,18,3.39,true,,327,0
2025-09-04,84029E,21,3.39,true,,309,0
2025-09-05,84029E,21,3.39,true,,288,0
2025-09-06,84029E,25,3.39,true,,267,0
2025-09-07,84029E,22,3.39,true,,242,0
2025-09-08,84029E,19,3.39,true,,220,0
2025-09-09,84029E,20,3.39,true,,201,0
2025-09-10,84029E,18,3.39,true,,181,0
2025-09-11,84029E,20,3.39,true,,163,0
2025-09-12,84029E,23,3.39,true,,143,0
2025-09-13,84029E,24,3.39,true,,120,291
2025-09-14,84029E,22,3.39,true,,387,0
2025-09-15,84029E,18,3.39,true,,365,0
2025-09-16,84029E,19,3.39,true,,347,0
2025-09-17,84029E,20,3.39,true,,328,0
2025-09-18,84029E,20,3.39,true,,308,0
2025-09-19,84029E,23,3.39,true,,288,0
2025-09-20,84029E,23,3.39,true,,265,0
2025-09-21,84029E,24,3.39,true,,242,0
2025-09-22,84029E,19,3.39,true,,218,0
2025-09-23,84029E,18,3.39,true,,199,0
2025-09-24,84029E,19,3.39,true,,181,0
2025-09-25,84029E,20,3.39,true,,162,0
2025-09-26,84029E,22,3.39,true,,142,0
2025-09-27,84029E,24,3.39,true,,120,294
2025-09-28,84029E,22,3.39,true,,390,0
2025-09-29,84029E,20,3.39,true,,368,0
2025-09-30,84029E,18,3.39,true,,348,0
2025-10-01,84029E,20,3.39,true,,330,0
2025-10-02,84029E,19,3.39,true,,310,0
2025-10-03,84029E,21,3.39,true,,291,0
2025-10-04,84029E,25,3.39,true,,270,0
2025-10-05,84029E,23,3.39,true,,245,0
2025-10-06,84029E,19,3.39,true,,222,0
2025-10-07,84029E,20,3.39,true,,203,0
2025-10-08,84029E,20,3.39,true,,183,0
2025-10-09,84029E,20,3.39,true,,163,0
2025-10-10,84029E,23,3.39,true,,143,0
2025-10-11,84029E,24,3.39,true,,120,292
2025-10-12,84029E,22,3.39,true,,388,0
2025-10-13,84029E,18,3.39,true,,366,0
2025-10-14,84029E,18,3.39,true,,348,0
2025-10-15,84029E,19,3.39,true,,330,0
2025-10-16,84029E,19,3.39,true,,311,0
2025-10-17,84029E,23,3.39,true,,292,0
2025-10-18,84029E,24,3.39,true,,269,0
2025-10-19,84029E,24,3.39,true,,245,0
2025-10-20,84029E,20,3.39,true,,221,0
2025-10-21,84029E,19,3.39,true,,201,0
2025-10-22,84029E,20,3.39,true,,182,0
2025-10-23,84029E,21,3.39,true,,162,0
2025-10-24,84029E,21,3.39,true,,141,0
2025-10-25,84029E,24,3.39,true,,120,300
2025-10-26,84029E,23,3.39,true,,396,0
2025-10-27,84029E,20,3.39,true,,373,0
2025-10-28,84029E,19,3.39,true,,353,0
2025-10-29,84029E,19,3.39,true,,334,0
2025-10-30,84029E,22,3.39,true,,315,0
2025-10-31,84029E,22,3.39,true,,293,0
2025-11-01,84029E,26,3.39,true,,271,0
2025-11-02,84029E,25,3.39,true,,245,0
2025-11-03,84029E,18,3.39,true,,220,0
2025-11-04,84029E,20,3.39,true,,202,0
2025-11-05,84029E,20,3.39,true,,182,0
2025-11-06,84029E,21,3.39,true,,162,0
2025-11-07,84029E,21,3.39,true,,141,0
2025-11-08,84029E,25,3.39,true,,120,300
2025-11-09,84029E,23,3.39,true,,395,0
2025-11-10,84029E,18,3.39,true,,372,0
2025-11-11,84029E,20,3.39,true,,354,0
2025-11-12,84029E,21,3.39,true,,334,0
2025-11-13,84029E,21,3.39,true,,313,0
2025-11-14,84029E,23,3.39,true,,292,0
2025-11-15,84029E,25,3.39,true,,269,0
2025-11-16,84029E,22,3.39,true,,244,0
2025-11-17,84029E,20,3.39,true,,222,0
2025-11-18,84029E,19,3.39,true,,202,0
2025-11-19,84029E,20,3.39,true,,183,0
2025-11-20,84029E,21,3.39,true,,163,0
2025-11-21,84029E,22,3.39,true,,142,0
2025-11-22,84029E,25,3.39,true,,120,297
2025-11-23,84029E,25,3.39,true,,392,0
2025-11-24,84029E,18,3.39,true,,367,0
2025-11-25,84029E,19,3.39,true,,349,0
2025-11-26,84029E,19,3.39,true,,330,0
2025-11-27,84029E,21,3.39,true,,311,0
2025-11-28,84029E,22,3.39,true,,290,0
2025-11-29,84029E,25,3.39,true,,268,0
2025-11-30,84029E,24,3.39,true,,243,0
2025-12-01,84029E,18,3.39,true,,219,0
2025-12-02,84029E,20,3.39,true,,201,0
2025-12-03,84029E,19,3.39,true,,181,0
2025-12-04,84029E,21,3.39,true,,162,0
2025-12-05,84029E,21,3.39,true,,141,0
2025-12-06,84029E,23,3.39,true,,120,289
2025-12-07,84029E,24,3.39,true,,386,0
2025-12-08,84029E,17,3.39,true,,362,0
2025-12-09,84029E,19,3.39,true,,345,0
2025-12-10,84029E,18,3.39,true,,326,0
2025-12-11,84029E,21,3.39,true,,308,0
2025-12-12,84029E,21,3.39,true,,287,0
2025-12-13,84029E,24,3.39,true,,266,0
2025-12-14,84029E,22,3.39,true,,242,0
2025-12-15,84029E,19,3.39,true,,220,0
2025-12-16,84029E,20,3.39,true,,201,0
2025-12-17,84029E,19,3.39,true,,181,0
2025-12-18,84029E,20,3.39,true,,162,0
2025-12-19,84029E,22,3.39,true,,142,0
2025-12-20,84029E,25,3.39,true,,120,290
2025-12-21,84029E,23,3.39,true,,385,0
2025-12-22,84029E,19,3.39,true,,362,0
2025-12-23,84029E,18,3.39,true,,343,0
2025-12-24,84029E,20,3.39,true,,325,0
2025-12-25,84029E,20,3.39,true,,305,0
2025-12-26,84029E,21,3.39,true,,285,0
2025-12-27,84029E,24,3.39,true,,264,0
2025-12-28,84029E,22,3.39,true,,240,0
2025-12-29,84029E,19,3.39,true,,218,0
2025-12-30,84029E,18,3.39,true,,199,0
2025-12-31,84029E,20,3.39,true,,181,0
2026-01-01,84029E,21,3.39,true,,161,0
2026-01-02,84029E,20,3.39,true,,140,0
2026-01-03,84029E,24,3.39,true,,120,285
2026-01-04,84029E,22,3.39,true,,381,0
2026-01-05,84029E,19,3.39,true,,359,0
2026-01-06,84029E,19,3.39,true,,340,0
2026-01-07,84029E,18,3.39,true,,321,0
2026-01-08,84029E,20,3.39,true,,303,0
2026-01-09,84029E,22,3.39,true,,283,0
2026-01-10,84029E,24,3.39,true,,261,0
2026-01-11,84029E,21,3.39,true,,237,0
2026-01-12,84029E,17,3.39,true,,216,0
2026-01-13,84029E,18,3.39,true,,199,0
2026-01-14,84029E,19,3.39,true,,181,0
2026-01-15,84029E,20,3.39,true,,162,0
2026-01-16,84029E,22,3.39,true,,142,0
2026-01-17,84029E,24,3.39,true,,120,284
2026-01-18,84029E,23,3.39,true,,380,0
2026-01-19,84029E,19,3.39,true,,357,0
2026-01-20,84029E,19,3.39,true,,338,0
2026-01-21,84029E,19,3.39,true,,319,0
2026-01-22,84029E,19,3.39,true,,300,0
2026-01-23,84029E,20,3.39,true,,281,0
2026-01-24,84029E,24,3.39,true,,261,0
2026-01-25,84029E,23,3.39,true,,237,0
2026-01-26,84029E,17,3.39,true,,214,0
2026-01-27,84029E,18,3.39,true,,197,0
2026-01-28,84029E,19,3.39,true,,179,0
2026-01-29,84029E,19,3.39,true,,160,0
2026-01-30,84029E,21,3.39,true,,141,0
2026-01-31,84029E,23,3.39,true,,120,267
2026-02-01,84029E,21,3.39,true,,364,0
2026-02-02,84029E,17,3.39,true,,343,0
2026-02-03,84029E,19,3.39,true,,326,0
2026-02-04,84029E,18,3.39,true,,307,0
2026-02-05,84029E,18,3.39,true,,289,0
2026-02-06,84029E,19,3.39,true,,271,0
2026-02-07,84029E,22,3.39,true,,252,0
2026-02-08,84029E,21,3.39,true,,230,0
2026-02-09,84029E,16,3.39,true,,209,0
2026-02-10,84029E,17,3.39,true,,193,0
2026-02-11,84029E,17,3.39,true,,176,0
2026-02-12,84029E,18,3.39,true,,159,0
2026-02-13,84029E,21,3.39,true,,141,0
2026-02-14,84029E,23,3.39,true,,120,265
2026-02-15,84029E,22,3.39,true,,362,0
2026-02-16,84029E,18,3.39,true,,340,0
2026-02-17,84029E,16,3.39,true,,322,0
2026-02-18,84029E,18,3.39,true,,306,0
2026-02-19,84029E,18,3.39,true,,288,0
2026-02-20,84029E,19,3.39,true,,270,0
2026-02-21,84029E,23,3.39,true,,251,0
2026-02-22,84029E,21,3.39,true,,228,0
2026-02-23,84029E,16,3.39,true,,207,0
2026-02-24,84029E,16,3.39,true,,191,0
2026-02-25,84029E,17,3.39,true,,175,0
2026-02-26,84029E,18,3.39,true,,158,0
2026-02-27,84029E,20,3.39,true,,140,0
2026-02-28,84029E,21,3.39,true,,120,260
2026-03-01,84029E,20,3.39,true,,359,0
2026-03-02,84029E,16,3.39,true,,339,0
2026-03-03,84029E,17,3.39,true,,323,0
2026-03-04,84029E,19,3.39,true,,306,0
2026-03-05,84029E,18,3.39,true,,287,0
2026-03-06,84029E,20,3.39,true,,269,0
2026-03-07,84029E,22,3.39,true,,249,0
2026-03-08,84029E,20,3.39,true,,227,0
2026-03-09,84029E,15,3.39,true,,207,0
2026-03-10,84029E,17,3.39,true,,192,0
2026-03-11,84029E,19,3.39,true,,175,0
2026-03-12,84029E,17,3.39,true,,156,0
2026-03-13,84029E,19,3.39,true,,139,0
2026-03-14,84029E,23,3.39,true,,120,256
2026-03-15,84029E,21,3.39,true,,353,0
2026-03-16,84029E,15,3.39,true,,332,0
2026-03-17,84029E,16,3.39,true,,317,0
2026-03-18,84029E,18,3.39,true,,301,0
2026-03-19,84029E,18,3.39,true,,283,0
2026-03-20,84029E,19,3.39,true,,265,0
2026-03-21,84029E,21,3.39,true,,246,0
2026-03-22,84029E,20,3.39,true,,225,0
2026-03-23,84029E,15,3.39,true,,205,0
2026-03-24,84029E,16,3.39,true,,190,0
2026-03-25,84029E,17,3.39,true,,174,0
2026-03-26,84029E,18,3.39,true,,157,0
2026-03-27,84029E,19,3.39,true,,139,0
2026-03-28,84029E,21,3.39,true,,120,249
2026-03-29,84029E,20,3.39,true,,348,0
2026-03-30,84029E,15,3.39,true,,328,0
2026-03-31,84029E,17,3.39,true,,313,0
2026-04-01,84029E,17,3.39,true,,296,0
2026-04-02,84029E,17,3.39,true,,279,0
2026-04-03,84029E,18,3.39,true,,262,0
2026-04-04,84029E,21,3.39,true,,244,0
2026-04-05,84029E,19,3.39,true,,223,0
2026-04-06,84029E,16,3.39,true,,204,0
2026-04-07,84029E,17,3.39,true,,188,0
2026-04-08,84029E,16,3.39,true,,171,0
2026-04-09,84029E,17,3.39,true,,155,0
2026-04-10,84029E,18,3.39,true,,138,0
2026-04-11,84029E,20,3.39,true,,120,0
2026-04-12,84029E,19,3.39,true,,100,256
2026-04-13,84029E,15,3.39,true,,337,0
2026-04-14,84029E,15,3.39,true,,322,0
2026-04-15,84029E,17,3.39,true,,307,0
2026-04-16,84029E,16,3.39,true,,290,0
2026-04-17,84029E,18,3.39,true,,274,0
2026-04-18,84029E,19,3.39,true,,256,0
2026-04-19,84029E,18,3.39,true,,237,0
2026-04-20,84029E,14,3.39,true,,219,0
2026-04-21,84029E,15,3.39,true,,205,0
2026-04-22,84029E,16,3.39,true,,190,0
2026-04-23,84029E,17,3.39,true,,174,0
2026-04-24,84029E,18,3.39,true,,157,0
2026-04-25,84029E,19,3.39,true,,139,0
2026-04-26,84029E,18,3.39,true,,120,0
2026-04-27,84029E,14,3.39,true,,102,255
2026-04-28,84029E,15,3.39,true,,343,0
2026-04-29,84029E,16,3.39,true,,328,0
2026-04-30,84029E,17,3.39,true,,312,0
2026-05-01,84029E,17,3.39,true,,295,0
2026-05-02,84029E,21,3.39,true,,278,0
2026-05-03,84029E,19,3.39,true,,257,0
2026-05-04,84029E,14,3.39,true,,238,0
2026-05-05,84029E,16,3.39,true,,224,0
2026-05-06,84029E,15,3.39,true,,208,0
2026-05-07,84029E,17,3.39,true,,193,0
2026-05-08,84029E,18,3.39,true,,176,0
2026-05-09,84029E,20,3.39,true,,158,0
2026-05-10,84029E,18,3.39,true,,138,0
2026-05-11,84029E,15,3.39,true,,120,0
2026-05-12,84029E,14,3.39,true,,105,243
2026-05-13,84029E,15,3.39,true,,334,0
2026-05-14,84029E,15,3.39,true,,319,0
2026-05-15,84029E,17,3.39,true,,304,0
2026-05-16,84029E,20,3.39,true,,287,0
2026-05-17,84029E,18,3.39,true,,267,0
2026-05-18,84029E,15,3.39,true,,249,0
2026-05-19,84029E,15,3.39,true,,234,0
2026-05-20,84029E,16,3.39,true,,219,0
2026-05-21,84029E,15,3.39,true,,203,0
2026-05-22,84029E,18,3.39,true,,188,0
2026-05-23,84029E,20,3.39,true,,170,0
2026-05-24,84029E,17,3.39,true,,150,0
2026-05-25,84029E,13,3.39,true,,133,0
2026-05-26,84029E,15,3.39,true,,120,0
2026-05-27,84029E,16,3.39,true,,105,240
2026-05-28,84029E,15,3.39,true,,329,0
2026-05-29,84029E,18,3.39,true,,314,0
2026-05-30,84029E,18,3.39,true,,296,0
2026-05-31,84029E,18,3.39,true,,278,0
2026-06-01,84029E,15,3.39,true,,260,0
2026-06-02,84029E,13,3.39,true,,245,0
2026-06-03,84029E,16,3.39,true,,232,0
2026-06-04,84029E,16,3.39,true,,216,0
2026-06-05,84029E,17,3.39,true,,200,0
2026-06-06,84029E,18,3.39,true,,183,0
2026-06-07,84029E,17,3.39,true,,165,0
2026-06-08,84029E,14,3.39,true,,148,0
2026-06-09,84029E,14,3.39,true,,134,0
2026-06-10,84029E,16,3.39,true,,120,0
2026-06-11,84029E,16,3.39,true,,104,242
2026-06-12,84029E,18,3.39,true,,330,0
2026-06-13,84029E,19,3.39,true,,312,0
2026-06-14,84029E,18,3.39,true,,293,0
2026-06-15,84029E,14,3.39,true,,275,0
2026-06-16,84029E,14,3.39,true,,261,0
2026-06-17,84029E,15,3.39,true,,247,0
2026-06-18,84029E,16,3.39,true,,232,0
2026-06-19,84029E,16,3.39,true,,216,0
2026-06-20,84029E,19,3.39,true,,200,0
2026-06-21,84029E,17,3.39,true,,181,0
2026-06-22,84029E,15,3.39,true,,164,0
2026-06-23,84029E,15,3.39,true,,149,0
2026-06-24,84029E,14,3.39,true,,134,0
2026-06-25,84029E,16,3.39,true,,120,0
2026-06-26,84029E,17,3.39,true,,104,235
2026-06-27,84029E,18,3.39,true,,322,0
2026-06-28,84029E,16,3.39,true,,304,0
2026-06-29,84029E,14,3.39,true,,288,0
2026-06-30,84029E,14,3.39,true,,274,0
2026-07-01,84029E,14,3.39,true,,260,0
2026-07-02,84029E,15,3.39,true,,246,0
2026-07-03,84029E,17,3.39,true,,231,0
2026-07-04,84029E,18,3.39,true,,214,0
2026-07-05,84029E,18,3.39,true,,196,0
2026-07-06,84029E,13,3.39,true,,178,0
2026-07-07,84029E,14,3.39,true,,165,0
2026-07-08,84029E,15,3.39,true,,151,0
2026-07-09,84029E,16,3.39,true,,136,0
2026-07-10,84029E,18,3.39,true,,120,0
2026-07-11,84029E,19,3.39,true,,102,241
2026-07-12,84029E,17,3.39,true,,324,0
2026-07-13,84029E,15,3.39,true,,307,0
2026-07-14,84029E,15,3.39,true,,292,0
2026-07-15,84029E,15,3.39,true,,277,0
2026-07-16,84029E,15,3.39,true,,262,0
2026-07-17,84029E,17,3.39,true,,247,0
2026-07-18,84029E,19,3.39,true,,230,0
2026-07-19,84029E,16,3.39,true,,211,0
2026-07-20,84029E,14,3.39,true,,195,0
2026-07-21,84029E,15,3.39,true,,181,0
2026-07-22,84029E,14,3.39,true,,166,0
2026-07-23,84029E,16,3.39,true,,152,0
2026-07-24,84029E,16,3.39,true,,136,0
2026-07-25,84029E,17,3.39,true,,120,0
2026-07-26,84029E,18,3.39,true,,103,241
2026-07-27,84029E,13,3.39,true,,326,0
2026-07-28,84029E,14,3.39,true,,313,0
2026-07-29,84029E,14,3.39,true,,299,0
2026-07-30,84029E,15,3.39,true,,285,0
2026-07-31,84029E,17,3.39,true,,270,0
2026-08-01,84029E,19,3.39,true,,253,0
2026-08-02,84029E,16,3.39,true,,234,0
2026-08-03,84029E,15,3.39,true,,218,0
2026-08-04,84029E,16,3.39,true,,203,0
2026-08-05,84029E,15,3.39,true,,187,0
2026-08-06,84029E,16,3.39,true,,172,0
2026-08-07,84029E,17,3.39,true,,156,0
2026-08-08,84029E,19,3.39,true,,139,0
2026-08-09,84029E,17,3.39,true,,120,0
2026-08-10,84029E,14,3.39,true,,103,235
2026-08-11,84029E,13,3.39,true,,324,0
2026-08-12,84029E,14,3.39,true,,311,0
2026-08-13,84029E,16,3.39,true,,297,0
2026-08-14,84029E,16,3.39,true,,281,0
2026-08-15,84029E,19,3.39,true,,265,0
2026-08-16,84029E,18,3.39,true,,246,0
2026-08-17,84029E,13,3.39,true,,228,0
2026-08-18,84029E,14,3.39,true,,215,0
2026-08-19,84029E,14,3.39,true,,201,0
2026-08-20,84029E,14,3.39,true,,187,0
2026-08-21,84029E,17,3.39,true,,173,0
2026-08-22,84029E,18,3.39,true,,156,0
2026-08-23,84029E,18,3.39,true,,138,0
2026-08-24,84029E,13,3.39,true,,120,1355
2026-08-25,84029E,15,3.39,true,,1462,0
2026-08-26,84029E,16,3.39,true,,1447,0
2026-08-27,84029E,17,3.39,true,,1431,0
2026-08-28,84029E,17,3.39,true,,1414,0
2026-08-29,84029E,18,3.39,true,,1397,0
2026-08-30,84029E,18,3.39,true,,1379,0
2026-08-31,84029E,14,3.39,true,,1361,0
2026-09-01,84029E,15,3.39,true,,1347,0
2026-09-02,84029E,15,3.39,true,,1332,0
2026-09-03,84029E,16,3.39,true,,1317,0
2026-09-04,84029E,18,3.39,true,,1301,0
2026-09-05,84029E,19,3.39,true,,1283,0
2026-09-06,84029E,18,3.39,true,,1264,0
2026-09-07,84029E,14,3.39,true,,1246,0
2026-09-08,84029E,14,3.39,true,,1232,0
2026-09-09,84029E,16,3.39,true,,1218,0
2026-09-10,84029E,15,3.39,true,,1202,0
2026-09-11,84029E,17,3.39,true,,1187,0
2026-09-12,84029E,18,3.39,true,,1170,0
2026-09-13,84029E,18,3.39,true,,1152,0
2024-09-14,22752,29,7.65,true,,708,0
2024-09-15,22752,26,7.65,true,,679,0
2024-09-16,22752,21,7.65,true,,653,0
2024-09-17,22752,22,7.65,true,,632,0
2024-09-18,22752,23,7.65,true,,610,0
2024-09-19,22752,25,7.65,true,,587,0
2024-09-20,22752,26,7.65,true,,562,0
2024-09-21,22752,30,7.65,true,,536,0
2024-09-22,22752,28,7.65,true,,506,0
2024-09-23,22752,22,7.65,true,,478,0
2024-09-24,22752,22,7.65,true,,456,0
2024-09-25,22752,24,7.65,true,,434,0
2024-09-26,22752,24,7.65,true,,410,0
2024-09-27,22752,25,7.65,true,,386,0
2024-09-28,22752,28,7.65,true,,361,0
2024-09-29,22752,29,7.65,true,,333,0
2024-09-30,22752,23,7.65,true,,304,0
2024-10-01,22752,23,7.65,true,,281,0
2024-10-02,22752,24,7.65,true,,258,0
2024-10-03,22752,24,7.65,true,,234,0
2024-10-04,22752,26,7.65,true,,210,0
2024-10-05,22752,29,7.65,true,,184,0
2024-10-06,22752,27,7.65,true,,155,0
2024-10-07,22752,22,7.65,true,,128,368
2024-10-08,22752,22,7.65,true,,474,0
2024-10-09,22752,25,7.65,true,,452,0
2024-10-10,22752,25,7.65,true,,427,0
2024-10-11,22752,26,7.65,true,,402,0
2024-10-12,22752,30,7.65,true,,376,0
2024-10-13,22752,27,7.65,true,,346,0
2024-10-14,22752,24,7.65,true,,319,0
2024-10-15,22752,22,7.65,true,,295,0
2024-10-16,22752,25,7.65,true,,273,0
2024-10-17,22752,25,7.65,true,,248,0
2024-10-18,22752,27,7.65,true,,223,0
2024-10-19,22752,29,7.65,true,,196,0
2024-10-20,22752,29,7.65,true,,167,0
2024-10-21,22752,23,7.65,true,,138,0
2024-10-22,22752,22,7.65,true,,115,383
2024-10-23,22752,24,7.65,true,,476,0
2024-10-24,22752,26,7.65,true,,452,0
2024-10-25,22752,26,7.65,true,,426,0
2024-10-26,22752,31,7.65,true,,400,0
2024-10-27,22752,27,7.65,true,,369,0
2024-10-28,22752,22,7.65,true,,342,0
2024-10-29,22752,23,7.65,true,,320,0
2024-10-30,22752,24,7.65,true,,297,0
2024-10-31,22752,25,7.65,true,,273,0
2024-11-01,22752,28,7.65,true,,248,0
2024-11-02,22752,30,7.65,true,,220,0
2024-11-03,22752,29,7.65,true,,190,0
2024-11-04,22752,23,7.65,true,,161,0
2024-11-05,22752,23,7.65,true,,138,0
2024-11-06,22752,23,7.65,true,,115,384
2024-11-07,22752,24,7.65,true,,476,0
2024-11-08,22752,26,7.65,true,,452,0
2024-11-09,22752,31,7.65,true,,426,0
2024-11-10,22752,30,7.65,true,,395,0
2024-11-11,22752,23,7.65,true,,365,0
2024-11-12,22752,23,7.65,true,,342,0
2024-11-13,22752,23,7.65,true,,319,0
2024-11-14,22752,26,7.65,true,,296,0
2024-11-15,22752,27,7.65,true,,270,0
2024-11-16,22752,29,7.65,true,,243,0
2024-11-17,22752,30,7.65,true,,214,0
2024-11-18,22752,24,7.65,true,,184,0
2024-11-19,22752,22,7.65,true,,160,0
2024-11-20,22752,24,7.65,true,,138,367
2024-11-21,22752,26,7.65,true,,481,0
2024-11-22,22752,28,7.65,true,,455,0
2024-11-23,22752,31,7.65,true,,427,0
2024-11-24,22752,29,7.65,true,,396,0
2024-11-25,22752,22,7.65,true,,367,0
2024-11-26,22752,23,7.65,true,,345,0
2024-11-27,22752,24,7.65,true,,322,0
2024-11-28,22752,24,7.65,true,,298,0
2024-11-29,22752,27,7.65,true,,274,0
2024-11-30,22752,31,7.65,true,,247,0
2024-12-01,22752,30,7.65,true,,216,0
2024-12-02,22752,24,7.65,true,,186,0
2024-12-03,22752,24,7.65,true,,162,0
2024-12-04,22752,23,7.65,true,,138,0
2024-12-05,22752,25,7.65,true,,115,395
2024-12-06,22752,27,7.65,true,,485,0
2024-12-07,22752,31,7.65,true,,458,0
2024-12-08,22752,29,7.65,true,,427,0
2024-12-09,22752,24,7.65,true,,398,0
2024-12-10,22752,25,7.65,true,,374,0
2024-12-11,22752,25,7.65,true,,349,0
2024-12-12,22752,26,7.65,true,,324,0
2024-12-13,22752,28,7.65,true,,298,0
2024-12-14,22752,31,7.65,true,,270,0
2024-12-15,22752,29,7.65,true,,239,0
2024-12-16,22752,22,7.65,true,,210,0
2024-12-17,22752,25,7.65,true,,188,0
2024-12-18,22752,25,7.65,true,,163,0
2024-12-19,22752,26,7.65,true,,138,361
2024-12-20,22752,27,7.65,true,,473,0
2024-12-21,22752,30,7.65,true,,446,0
2024-12-22,22752,28,7.65,true,,416,0
2024-12-23,22752,23,7.65,true,,388,0
2024-12-24,22752,23,7.65,true,,365,0
2024-12-25,22752,24,7.65,true,,342,0
2024-12-26,22752,25,7.65,true,,318,0
2024-12-27,22752,26,7.65,true,,293,0
2024-12-28,22752,30,7.65,true,,267,0
2024-12-29,22752,28,7.65,true,,237,0
2024-12-30,22752,24,7.65,true,,209,0
2024-12-31,22752,23,7.65,true,,185,0
2025-01-01,22752,24,7.65,true,,162,0
2025-01-02,22752,25,7.65,true,,138,365
2025-01-03,22752,26,7.65,true,,478,0
2025-01-04,22752,31,7.65,true,,452,0
2025-01-05,22752,28,7.65,true,,421,0
2025-01-06,22752,23,7.65,true,,393,0
2025-01-07,22752,24,7.65,true,,370,0
2025-01-08,22752,24,7.65,true,,346,0
2025-01-09,22752,25,7.65,true,,322,0
2025-01-10,22752,27,7.65,true,,297,0
2025-01-11,22752,30,7.65,true,,270,0
2025-01-12,22752,30,7.65,true,,240,0
2025-01-13,22752,23,7.65,true,,210,0
2025-01-14,22752,24,7.65,true,,187,0
2025-01-15,22752,25,7.65,true,,163,0
2025-01-16,22752,24,7.65,true,,138,365
2025-01-17,22752,27,7.65,true,,479,0
2025-01-18,22752,31,7.65,true,,452,0
2025-01-19,22752,30,7.65,true,,421,0
2025-01-20,22752,24,7.65,true,,391,0
2025-01-21,22752,22,7.65,true,,367,0
2025-01-22,22752,24,7.65,true,,345,0
2025-01-23,22752,24,7.65,true,,321,0
2025-01-24,22752,26,7.65,true,,297,0
2025-01-25,22752,31,7.65,true,,271,0
2025-01-26,22752,29,7.65,true,,240,0
2025-01-27,22752,24,7.65,true,,211,0
2025-01-28,22752,24,7.65,true,,187,0
2025-01-29,22752,25,7.65,true,,163,0
2025-01-30,22752,24,7.65,true,,138,356
2025-01-31,22752,27,7.65,true,,470,0
2025-02-01,22752,30,7.65,true,,443,0
2025-02-02,22752,28,7.65,true,,413,0
2025-02-03,22752,23,7.65,true,,385,0
2025-02-04,22752,22,7.65,true,,362,0
2025-02-05,22752,25,7.65,true,,340,0
2025-02-06,22752,24,7.65,true,,315,0
2025-02-07,22752,27,7.65,true,,291,0
2025-02-08,22752,30,7.65,true,,264,0
2025-02-09,22752,27,7.65,true,,234,0
2025-02-10,22752,23,7.65,true,,207,0
2025-02-11,22752,22,7.65,true,,184,0
2025-02-12,22752,24,7.65,true,,162,0
2025-02-13,22752,25,7.65,true,,138,348
2025-02-14,22752,26,7.65,true,,461,0
2025-02-15,22752,29,7.65,true,,435,0
2025-02-16,22752,27,7.65,true,,406,0
2025-02-17,22752,21,7.65,true,,379,0
2025-02-18,22752,22,7.65,true,,358,0
2025-02-19,22752,23,7.65,true,,336,0
2025-02-20,22752,24,7.65,true,,313,0
2025-02-21,22752,25,7.65,true,,289,0
2025-02-22,22752,28,7.65,true,,264,0
2025-02-23,22752,29,7.65,true,,236,0
2025-02-24,22752,21,7.65,true,,207,0
2025-02-25,22752,24,7.65,true,,186,0
2025-02-26,22752,24,7.65,true,,162,0
2025-02-27,22752,25,7.65,true,,138,346
2025-02-28,22752,25,7.65,true,,459,0
2025-03-01,22752,28,7.65,true,,434,0
2025-03-02,22752,27,7.65,true,,406,0
2025-03-03,22752,21,7.65,true,,379,0
2025-03-04,22752,23,7.65,true,,358,0
2025-03-05,22752,23,7.65,true,,335,0
2025-03-06,22752,24,7.65,true,,312,0
2025-03-07,22752,27,7.65,true,,288,0
2025-03-08,22752,29,7.65,true,,261,0
2025-03-09,22752,28,7.65,true,,232,0
2025-03-10,22752,21,7.65,true,,204,0
2025-03-11,22752,21,7.65,true,,183,0
2025-03-12,22752,24,7.65,true,,162,0
2025-03-13,22752,23,7.65,true,,138,0
2025-03-14,22752,27,7.65,true,,115,366
2025-03-15,22752,28,7.65,true,,454,0
2025-03-16,22752,27,7.65,true,,426,0
2025-03-17,22752,21,7.65,true,,399,0
2025-03-18,22752,22,7.65,true,,378,0
2025-03-19,22752,24,7.65,true,,356,0
2025-03-20,22752,23,7.65,true,,332,0
2025-03-21,22752,25,7.65,true,,309,0
2025-03-22,22752,29,7.65,true,,284,0
2025-03-23,22752,27,7.65,true,,255,0
2025-03-24,22752,22,7.65,true,,228,0
2025-03-25,22752,22,7.65,true,,206,0
2025-03-26,22752,23,7.65,true,,184,0
2025-03-27,22752,23,7.65,true,,161,0
2025-03-28,22752,25,7.65,true,,138,339
2025-03-29,22752,29,7.65,true,,452,0
2025-03-30,22752,27,7.65,true,,423,0
2025-03-31,22752,22,7.65,true,,396,0
2025-04-01,22752,23,7.65,true,,374,0
2025-04-02,22752,22,7.65,true,,351,0
2025-04-03,22752,24,7.65,true,,329,0
2025-04-04,22752,24,7.65,true,,305,0
2025-04-05,22752,29,7.65,true,,281,0
2025-04-06,22752,27,7.65,true,,252,0
2025-04-07,22752,20,7.65,true,,225,0
2025-04-08,22752,22,7.65,true,,205,0
2025-04-09,22752,23,7.65,true,,183,0
2025-04-10,22752,22,7.65,true,,160,0
2025-04-11,22752,26,7.65,true,,138,331
2025-04-12,22752,29,7.65,true,,443,0
2025-04-13,22752,27,7.65,true,,414,0
2025-04-14,22752,21,7.65,true,,387,0
2025-04-15,22752,21,7.65,true,,366,0
2025-04-16,22752,21,7.65,true,,345,0
2025-04-17,22752,22,7.65,true,,324,0
2025-04-18,22752,24,7.65,true,,302,0
2025-04-19,22752,28,7.65,true,,278,0
2025-04-20,22752,25,7.65,true,,250,0
2025-04-21,22752,22,7.65,true,,225,0
2025-04-22,22752,21,7.65,true,,203,0
2025-04-23,22752,22,7.65,true,,182,0
2025-04-24,22752,22,7.65,true,,160,0
2025-04-25,22752,23,7.65,true,,138,0
2025-04-26,22752,28,7.65,true,,115,355
2025-04-27,22752,26,7.65,true,,442,0
2025-04-28,22752,21,7.65,true,,416,0
2025-04-29,22752,21,7.65,true,,395,0
2025-04-30,22752,23,7.65,true,,374,0
2025-05-01,22752,23,7.65,true,,351,0
2025-05-02,22752,25,7.65,true,,328,0
2025-05-03,22752,26,7.65,true,,303,0
2025-05-04,22752,27,7.65,true,,277,0
2025-05-05,22752,22,7.65,true,,250,0
2025-05-06,22752,21,7.65,true,,228,0
2025-05-07,22752,22,7.65,true,,207,0
2025-05-08,22752,22,7.65,true,,185,0
2025-05-09,22752,25,7.65,true,,163,0
2025-05-10,22752,26,7.65,true,,138,319
2025-05-11,22752,25,7.65,true,,431,0
2025-05-12,22752,21,7.65,true,,406,0
2025-05-13,22752,20,7.65,true,,385,0
2025-05-14,22752,21,7.65,true,,365,0
2025-05-15,22752,23,7.65,true,,344,0
2025-05-16,22752,25,7.65,true,,321,0
2025-05-17,22752,27,7.65,true,,296,0
2025-05-18,22752,25,7.65,true,,269,0
2025-05-19,22752,21,7.65,true,,244,0
2025-05-20,22752,21,7.65,true,,223,0
2025-05-21,22752,20,7.65,true,,202,0
2025-05-22,22752,21,7.65,true,,182,0
2025-05-23,22752,23,7.65,true,,161,0
2025-05-24,22752,28,7.65,true,,138,317
2025-05-25,22752,24,7.65,true,,427,0
2025-05-26,22752,21,7.65,true,,403,0
2025-05-27,22752,20,7.65,true,,382,0
2025-05-28,22752,22,7.65,true,,362,0
2025-05-29,22752,21,7.65,true,,340,0
2025-05-30,22752,24,7.65,true,,319,0
2025-05-31,22752,27,7.65,true,,295,0
2025-06-01,22752,25,7.65,true,,268,0
2025-06-02,22752,19,7.65,true,,243,0
2025-06-03,22752,20,7.65,true,,224,0
2025-06-04,22752,20,7.65,true,,204,0
2025-06-05,22752,22,7.65,true,,184,0
2025-06-06,22752,24,7.65,true,,162,0
2025-06-07,22752,26,7.65,true,,138,318
2025-06-08,22752,25,7.65,true,,430,0
2025-06-09,22752,19,7.65,true,,405,0
2025-06-10,22752,20,7.65,true,,386,0
2025-06-11,22752,23,7.65,true,,366,0
2025-06-12,22752,21,7.65,true,,343,0
2025-06-13,22752,24,7.65,true,,322,0
2025-06-14,22752,27,7.65,true,,298,0
2025-06-15,22752,25,7.65,true,,271,0
2025-06-16,22752,20,7.65,true,,246,0
2025-06-17,22752,21,7.65,true,,226,0
2025-06-18,22752,21,7.65,true,,205,0
2025-06-19,22752,22,7.65,true,,184,0
2025-06-20,22752,24,7.65,true,,162,0
2025-06-21,22752,27,7.65,true,,138,322
2025-06-22,22752,26,7.65,true,,433,0
2025-06-23,22752,21,7.65,true,,407,0
2025-06-24,22752,21,7.65,true,,386,0
2025-06-25,22752,23,7.65,true,,365,0
2025-06-26,22752,22,7.65,true,,342,0
2025-06-27,22752,23,7.65,true,,320,0
2025-06-28,22752,27,7.65,true,,297,0
2025-06-29,22752,25,7.65,true,,270,0
2025-06-30,22752,19,7.65,true,,245,0
2025-07-01,22752,21,7.65,true,,226,0
2025-07-02,22752,21,7.65,true,,205,0
2025-07-03,22752,21,7.65,true,,184,0
2025-07-04,22752,25,7.65,true,,163,0
2025-07-05,22752,27,7.65,true,,138,324
2025-07-06,22752,24,7.65,true,,435,0
2025-07-07,22752,21,7.65,true,,411,0
2025-07-08,22752,22,7.65,true,,390,0
2025-07-09,22752,23,7.65,true,,368,0
2025-07-10,22752,22,7.65,true,,345,0
2025-07-11,22752,25,7.65,true,,323,0
2025-07-12,22752,27,7.65,true,,298,0
2025-07-13,22752,26,7.65,true,,271,0
2025-07-14,22752,20,7.65,true,,245,0
2025-07-15,22752,20,7.65,true,,225,0
2025-07-16,22752,21,7.65,true,,205,0
2025-07-17,22752,22,7.65,true,,184,0
2025-07-18,22752,24,7.65,true,,162,0
2025-07-19,22752,27,7.65,true,,138,325
2025-07-20,22752,24,7.65,true,,436,0
2025-07-21,22752,21,7.65,true,,412,0
2025-07-22,22752,20,7.65,true,,391,0
2025-07-23,22752,22,7.65,true,,371,0
2025-07-24,22752,24,7.65,true,,349,0
2025-07-25,22752,24,7.65,true,,325,0
2025-07-26,22752,26,7.65,true,,301,0
2025-07-27,22752,25,7.65,true,,275,0
2025-07-28,22752,21,7.65,true,,250,0
2025-07-29,22752,21,7.65,true,,229,0
2025-07-30,22752,22,7.65,true,,208,0
2025-07-31,22752,24,7.65,true,,186,0
2025-08-01,22752,24,7.65,true,,162,0
2025-08-02,22752,28,7.65,true,,138,330
2025-08-03,22752,25,7.65,true,,440,0
2025-08-04,22752,21,7.65,true,,415,0
2025-08-05,22752,22,7.65,true,,394,0
2025-08-06,22752,22,7.65,true,,372,0
2025-08-07,22752,22,7.65,true,,350,0
2025-08-08,22752,26,7.65,true,,328,0
2025-08-09,22752,28,7.65,true,,302,0
2025-08-10,22752,25,7.65,true,,274,0
2025-08-11,22752,20,7.65,true,,249,0
2025-08-12,22752,22,7.65,true,,229,0
2025-08-13,22752,22,7.65,true,,207,0
2025-08-14,22752,23,7.65,true,,185,0
2025-08-15,22752,24,7.65,true,,162,0
2025-08-16,22752,28,7.65,true,,138,332
2025-08-17,22752,27,7.65,true,,442,0
2025-08-18,22752,20,7.65,true,,415,0
2025-08-19,22752,23,7.65,true,,395,0
2025-08-20,22752,23,7.65,true,,372,0
2025-08-21,22752,23,7.65,true,,349,0
2025-08-22,22752,25,7.65,true,,326,0
2025-08-23,22752,28,7.65,true,,301,0
2025-08-24,22752,25,7.65,true,,273,0
2025-08-25,22752,21,7.65,true,,248,0
2025-08-26,22752,21,7.65,true,,227,0
2025-08-27,22752,21,7.65,true,,206,0
2025-08-28,22752,22,7.65,true,,185,0
2025-08-29,22752,25,7.65,true,,163,0
2025-08-30,22752,28,7.65,true,,138,338
2025-08-31,22752,26,7.65,true,,448,0
2025-09-01,22752,21,7.65,true,,422,0
2025-09-02,22752,22,7.65,true,,401,0
2025-09-03,22752,21,7.65,true,,379,0
2025-09-04,22752,24,7.65,true,,358,0
2025-09-05,22752,25,7.65,true,,334,0
2025-09-06,22752,29,7.65,true,,309,0
2025-09-07,22752,28,7.65,true,,280,0
2025-09-08,22752,21,7.65,true,,252,0
2025-09-09,22752,21,7.65,true,,231,0
2025-09-10,22752,22,7.65,true,,210,0
2025-09-11,22752,24,7.65,true,,188,0
2025-09-12,22752,26,7.65,true,,164,0
2025-09-13,22752,28,7.65,true,,138,349
2025-09-14,22752,27,7.65,true,,459,0
2025-09-15,22752,21,7.65,true,,432,0
2025-09-16,22752,23,7.65,true,,411,0
2025-09-17,22752,24,7.65,true,,388,0
2025-09-18,22752,24,7.65,true,,364,0
2025-09-19,22752,25,7.65,true,,340,0
2025-09-20,22752,30,7.65,true,,315,0
2025-09-21,22752,29,7.65,true,,285,0
2025-09-22,22752,22,7.65,true,,256,0
2025-09-23,22752,23,7.65,true,,234,0
2025-09-24,22752,23,7.65,true,,211,0
2025-09-25,22752,24,7.65,true,,188,0
2025-09-26,22752,26,7.65,true,,164,0
2025-09-27,22752,30,7.65,true,,138,350
2025-09-28,22752,26,7.65,true,,458,0
2025-09-29,22752,21,7.65,true,,432,0
2025-09-30,22752,23,7.65,true,,411,0
2025-10-01,22752,23,7.65,true,,388,0
2025-10-02,22752,24,7.65,true,,365,0
2025-10-03,22752,26,7.65,true,,341,0
2025-10-04,22752,28,7.65,true,,315,0
2025-10-05,22752,29,7.65,true,,287,0
2025-10-06,22752,22,7.65,true,,258,0
2025-10-07,22752,23,7.65,true,,236,0
2025-10-08,22752,23,7.65,true,,213,0
2025-10-09,22752,25,7.65,true,,190,0
2025-10-10,22752,27,7.65,true,,165,0
2025-10-11,22752,29,7.65,true,,138,358
2025-10-12,22752,27,7.65,true,,467,0
2025-10-13,22752,22,7.65,true,,440,0
2025-10-14,22752,24,7.65,true,,418,0
2025-10-15,22752,23,7.65,true,,394,0
2025-10-16,22752,25,7.65,true,,371,0
2025-10-17,22752,27,7.65,true,,346,0
2025-10-18,22752,29,7.65,true,,319,0
2025-10-19,22752,28,7.65,true,,290,0
2025-10-20,22752,23,7.65,true,,262,0
2025-10-21,22752,25,7.65,true,,239,0
2025-10-22,22752,25,7.65,true,,214,0
2025-10-23,22752,25,7.65,true,,189,0
2025-10-24,22752,26,7.65,true,,164,0
2025-10-25,22752,31,7.65,true,,138,357
2025-10-26,22752,28,7.65,true,,464,0
2025-10-27,22752,23,7.65,true,,436,0
2025-10-28,22752,24,7.65,true,,413,0
2025-10-29,22752,23,7.65,true,,389,0
2025-10-30,22752,25,7.65,true,,366,0
2025-10-31,22752,26,7.65,true,,341,0
2025-11-01,22752,29,7.65,true,,315,0
2025-11-02,22752,28,7.65,true,,286,0
2025-11-03,22752,23,7.65,true,,258,0
2025-11-04,22752,22,7.65,true,,235,0
2025-11-05,22752,23,7.65,true,,213,0
2025-11-06,22752,25,7.65,true,,190,0
2025-11-07,22752,27,7.65,true,,165,0
2025-11-08,22752,31,7.65,true,,138,368
2025-11-09,22752,29,7.65,true,,475,0
2025-11-10,22752,22,7.65,true,,446,0
2025-11-11,22752,24,7.65,true,,424,0
2025-11-12,22752,25,7.65,true,,400,0
2025-11-13,22752,24,7.65,true,,375,0
2025-11-14,22752,27,7.65,true,,351,0
2025-11-15,22752,30,7.65,true,,324,0
2025-11-16,22752,29,7.65,true,,294,0
2025-11-17,22752,24,7.65,true,,265,0
2025-11-18,22752,24,7.65,true,,241,0
2025-11-19,22752,26,7.65,true,,217,0
2025-11-20,22752,26,7.65,true,,191,0
2025-11-21,22752,27,7.65,true,,165,0
2025-11-22,22752,30,7.65,true,,138,364
2025-11-23,22752,29,7.65,true,,472,0
2025-11-24,22752,22,7.65,true,,443,0
2025-11-25,22752,24,7.65,true,,421,0
2025-11-26,22752,25,7.65,true,,397,0
2025-11-27,22752,25,7.65,true,,372,0
2025-11-28,22752,27,7.65,true,,347,0
2025-11-29,22752,30,7.65,true,,320,0
2025-11-30,22752,30,7.65,true,,290,0
2025-12-01,22752,23,7.65,true,,260,0
2025-12-02,22752,25,7.65,true,,237,0
2025-12-03,22752,23,7.65,true,,212,0
2025-12-04,22752,24,7.65,true,,189,0
2025-12-05,22752,27,7.65,true,,165,0
2025-12-06,22752,31,7.65,true,,138,367
2025-12-07,22752,29,7.65,true,,474,0
2025-12-08,22752,24,7.65,true,,445,0
2025-12-09,22752,23,7.65,true,,421,0
2025-12-10,22752,25,7.65,true,,398,0
2025-12-11,22752,26,7.65,true,,373,0
2025-12-12,22752,27,7.65,true,,347,0
2025-12-13,22752,30,7.65,true,,320,0
2025-12-14,22752,28,7.65,true,,290,0
2025-12-15,22752,23,7.65,true,,262,0
2025-12-16,22752,25,7.65,true,,239,0
2025-12-17,22752,24,7.65,true,,214,0
2025-12-18,22752,26,7.65,true,,190,0
2025-12-19,22752,26,7.65,true,,164,0
2025-12-20,22752,31,7.65,true,,138,366
2025-12-21,22752,28,7.65,true,,473,0
2025-12-22,22752,23,7.65,true,,445,0
2025-12-23,22752,25,7.65,true,,422,0
2025-12-24,22752,25,7.65,true,,397,0
2025-12-25,22752,25,7.65,true,,372,0
2025-12-26,22752,27,7.65,true,,347,0
2025-12-27,22752,29,7.65,true,,320,0
2025-12-28,22752,29,7.65,true,,291,0
2025-12-29,22752,23,7.65,true,,262,0
2025-12-30,22752,23,7.65,true,,239,0
2025-12-31,22752,24,7.65,true,,216,0
2026-01-01,22752,26,7.65,true,,192,0
2026-01-02,22752,28,7.65,true,,166,0
2026-01-03,22752,30,7.65,true,,138,369
2026-01-04,22752,30,7.65,true,,477,0
2026-01-05,22752,24,7.65,true,,447,0
2026-01-06,22752,24,7.65,true,,423,0
2026-01-07,22752,25,7.65,true,,399,0
2026-01-08,22752,25,7.65,true,,374,0
2026-01-09,22752,27,7.65,true,,349,0
2026-01-10,22752,31,7.65,true,,322,0
2026-01-11,22752,30,7.65,true,,291,0
2026-01-12,22752,22,7.65,true,,261,0
2026-01-13,22752,24,7.65,true,,239,0
2026-01-14,22752,24,7.65,true,,215,0
2026-01-15,22752,25,7.65,true,,191,0
2026-01-16,22752,28,7.65,true,,166,0
2026-01-17,22752,31,7.65,true,,138,362
2026-01-18,22752,30,7.65,true,,469,0
2026-01-19,22752,22,7.65,true,,439,0
2026-01-20,22752,24,7.65,true,,417,0
2026-01-21,22752,25,7.65,true,,393,0
2026-01-22,22752,25,7.65,true,,368,0
2026-01-23,22752,27,7.65,true,,343,0
2026-01-24,22752,30,7.65,true,,316,0
2026-01-25,22752,28,7.65,true,,286,0
2026-01-26,22752,24,7.65,true,,258,0
2026-01-27,22752,23,7.65,true,,234,0
2026-01-28,22752,24,7.65,true,,211,0
2026-01-29,22752,24,7.65,true,,187,0
2026-01-30,22752,25,7.65,true,,163,0
2026-01-31,22752,30,7.65,true,,138,358
2026-02-01,22752,28,7.65,true,,466,0
2026-02-02,22752,22,7.65,true,,438,0
2026-02-03,22752,24,7.65,true,,416,0
2026-02-04,22752,23,7.65,true,,392,0
2026-02-05,22752,24,7.65,true,,369,0
2026-02-06,22752,27,7.65,true,,345,0
2026-02-07,22752,29,7.65,true,,318,0
2026-02-08,22752,29,7.65,true,,289,0
2026-02-09,22752,22,7.65,true,,260,0
2026-02-10,22752,24,7.65,true,,238,0
2026-02-11,22752,25,7.65,true,,214,0
2026-02-12,22752,26,7.65,true,,189,0
2026-02-13,22752,25,7.65,true,,163,0
2026-02-14,22752,30,7.65,true,,138,351
2026-02-15,22752,28,7.65,true,,459,0
2026-02-16,22752,23,7.65,true,,431,0
2026-02-17,22752,22,7.65,true,,408,0
2026-02-18,22752,23,7.65,true,,386,0
2026-02-19,22752,24,7.65,true,,363,0
2026-02-20,22752,26,7.65,true,,339,0
2026-02-21,22752,29,7.65,true,,313,0
2026-02-22,22752,29,7.65,true,,284,0
2026-02-23,22752,21,7.65,true,,255,0
2026-02-24,22752,22,7.65,true,,234,0
2026-02-25,22752,24,7.65,true,,212,0
2026-02-26,22752,25,7.65,true,,188,0
2026-02-27,22752,25,7.65,true,,163,0
2026-02-28,22752,30,7.65,true,,138,350
2026-03-01,22752,28,7.65,true,,458,0
2026-03-02,22752,22,7.65,true,,430,0
2026-03-03,22752,24,7.65,true,,408,0
2026-03-04,22752,23,7.65,true,,384,0
2026-03-05,22752,24,7.65,true,,361,0
2026-03-06,22752,27,7.65,true,,337,0
2026-03-07,22752,29,7.65,true,,310,0
2026-03-08,22752,27,7.65,true,,281,0
2026-03-09,22752,22,7.65,true,,254,0
2026-03-10,22752,22,7.65,true,,232,0
2026-03-11,22752,22,7.65,true,,210,0
2026-03-12,22752,24,7.65,true,,188,0
2026-03-13,22752,26,7.65,true,,164,0
2026-03-14,22752,27,7.65,true,,138,340
2026-03-15,22752,27,7.65,true,,451,0
2026-03-16,22752,22,7.65,true,,424,0
2026-03-17,22752,23,7.65,true,,402,0
2026-03-18,22752,24,7.65,true,,379,0
2026-03-19,22752,25,7.65,true,,355,0
2026-03-20,22752,25,7.65,true,,330,0
2026-03-21,22752,27,7.65,true,,305,0
2026-03-22,22752,28,7.65,true,,278,0
2026-03-23,22752,21,7.65,true,,250,0
2026-03-24,22752,22,7.65,true,,229,0
2026-03-25,22752,22,7.65,true,,207,0
2026-03-26,22752,23,7.65,true,,185,0
2026-03-27,22752,24,7.65,true,,162,0
2026-03-28,22752,29,7.65,true,,138,337
2026-03-29,22752,26,7.65,true,,446,0
2026-03-30,22752,22,7.65,true,,420,0
2026-03-31,22752,23,7.65,true,,398,0
2026-04-01,22752,21,7.65,true,,375,0
2026-04-02,22752,24,7.65,true,,354,0
2026-04-03,22752,26,7.65,true,,330,0
2026-04-04,22752,27,7.65,true,,304,0
2026-04-05,22752,26,7.65,true,,277,0
2026-04-06,22752,20,7.65,true,,251,0
2026-04-07,22752,23,7.65,true,,231,0
2026-04-08,22752,23,7.65,true,,208,0
2026-04-09,22752,23,7.65,true,,185,0
2026-04-10,22752,24,7.65,true,,162,0
2026-04-11,22752,27,7.65,true,,138,332
2026-04-12,22752,27,7.65,true,,443,0
2026-04-13,22752,21,7.65,true,,416,0
2026-04-14,22752,23,7.65,true,,395,0
2026-04-15,22752,21,7.65,true,,372,0
2026-04-16,22752,22,7.65,true,,351,0
2026-04-17,22752,26,7.65,true,,329,0
2026-04-18,22752,27,7.65,true,,303,0
2026-04-19,22752,27,7.65,true,,276,0
2026-04-20,22752,21,7.65,true,,249,0
2026-04-21,22752,22,7.65,true,,228,0
2026-04-22,22752,21,7.65,true,,206,0
2026-04-23,22752,22,7.65,true,,185,0
2026-04-24,22752,25,7.65,true,,163,0
2026-04-25,22752,28,7.65,true,,138,327
2026-04-26,22752,26,7.65,true,,437,0
2026-04-27,22752,22,7.65,true,,411,0
2026-04-28,22752,21,7.65,true,,389,0
2026-04-29,22752,21,7.65,true,,368,0
2026-04-30,22752,22,7.65,true,,347,0
2026-05-01,22752,25,7.65,true,,325,0
2026-05-02,22752,26,7.65,true,,300,0
2026-05-03,22752,26,7.65,true,,274,0
2026-05-04,22752,21,7.65,true,,248,0
2026-05-05,22752,21,7.65,true,,227,0
2026-05-06,22752,23,7.65,true,,206,0
2026-05-07,22752,22,7.65,true,,183,0
2026-05-08,22752,23,7.65,true,,161,0
2026-05-09,22752,28,7.65,true,,138,326
2026-05-10,22752,26,7.65,true,,436,0
2026-05-11,22752,20,7.65,true,,410,0
2026-05-12,22752,22,7.65,true,,390,0
2026-05-13,22752,22,7.65,true,,368,0
2026-05-14,22752,21,7.65,true,,346,0
2026-05-15,22752,24,7.65,true,,325,0
2026-05-16,22752,27,7.65,true,,301,0
2026-05-17,22752,25,7.65,true,,274,0
2026-05-18,22752,19,7.65,true,,249,0
2026-05-19,22752,22,7.65,true,,230,0
2026-05-20,22752,23,7.65,true,,208,0
2026-05-21,22752,22,7.65,true,,185,0
2026-05-22,22752,25,7.65,true,,163,0
2026-05-23,22752,25,7.65,true,,138,318
2026-05-24,22752,26,7.65,true,,431,0
2026-05-25,22752,20,7.65,true,,405,0
2026-05-26,22752,21,7.65,true,,385,0
2026-05-27,22752,21,7.65,true,,364,0
2026-05-28,22752,22,7.65,true,,343,0
2026-05-29,22752,24,7.65,true,,321,0
2026-05-30,22752,27,7.65,true,,297,0
2026-05-31,22752,24,7.65,true,,270,0
2026-06-01,22752,21,7.65,true,,246,0
2026-06-02,22752,21,7.65,true,,225,0
2026-06-03,22752,20,7.65,true,,204,0
2026-06-04,22752,22,7.65,true,,184,0
2026-06-05,22752,24,7.65,true,,162,0
2026-06-06,22752,28,7.65,true,,138,319
2026-06-07,22752,26,7.65,true,,429,0
2026-06-08,22752,20,7.65,true,,403,0
2026-06-09,22752,21,7.65,true,,383,0
2026-06-10,22752,21,7.65,true,,362,0
2026-06-11,22752,21,7.65,true,,341,0
2026-06-12,22752,23,7.65,true,,320,0
2026-06-13,22752,26,7.65,true,,297,0
2026-06-14,22752,25,7.65,true,,271,0
2026-06-15,22752,20,7.65,true,,246,0
2026-06-16,22752,21,7.65,true,,226,0
2026-06-17,22752,22,7.65,true,,205,0
2026-06-18,22752,22,7.65,true,,183,0
2026-06-19,22752,23,7.65,true,,161,0
2026-06-20,22752,27,7.65,true,,138,324
2026-06-21,22752,25,7.65,true,,435,0
2026-06-22,22752,20,7.65,true,,410,0
2026-06-23,22752,22,7.65,true,,390,0
2026-06-24,22752,20,7.65,true,,368,0
2026-06-25,22752,23,7.65,true,,348,0
2026-06-26,22752,24,7.65,true,,325,0
2026-06-27,22752,27,7.65,true,,301,0
2026-06-28,22752,26,7.65,true,,274,0
2026-06-29,22752,20,7.65,true,,248,0
2026-06-30,22752,20,7.65,true,,228,0
2026-07-01,22752,22,7.65,true,,208,0
2026-07-02,22752,23,7.65,true,,186,0
2026-07-03,22752,25,7.65,true,,163,0
2026-07-04,22752,28,7.65,true,,138,321
2026-07-05,22752,26,7.65,true,,431,0
2026-07-06,22752,21,7.65,true,,405,0
2026-07-07,22752,22,7.65,true,,384,0
2026-07-08,22752,21,7.65,true,,362,0
2026-07-09,22752,23,7.65,true,,341,0
2026-07-10,22752,22,7.65,true,,318,0
2026-07-11,22752,27,7.65,true,,296,0
2026-07-12,22752,25,7.65,true,,269,0
2026-07-13,22752,20,7.65,true,,244,0
2026-07-14,22752,21,7.65,true,,224,0
2026-07-15,22752,21,7.65,true,,203,0
2026-07-16,22752,21,7.65,true,,182,0
2026-07-17,22752,23,7.65,true,,161,0
2026-07-18,22752,26,7.65,true,,138,324
2026-07-19,22752,25,7.65,true,,436,0
2026-07-20,22752,21,7.65,true,,411,0
2026-07-21,22752,22,7.65,true,,390,0
2026-07-22,22752,20,7.65,true,,368,0
2026-07-23,22752,21,7.65,true,,348,0
2026-07-24,22752,23,7.65,true,,327,0
2026-07-25,22752,26,7.65,true,,304,0
2026-07-26,22752,26,7.65,true,,278,0
2026-07-27,22752,22,7.65,true,,252,0
2026-07-28,22752,22,7.65,true,,230,0
2026-07-29,22752,22,7.65,true,,208,0
2026-07-30,22752,23,7.65,true,,186,0
2026-07-31,22752,25,7.65,true,,163,0
2026-08-01,22752,27,7.65,true,,138,331
2026-08-02,22752,27,7.65,true,,442,0
2026-08-03,22752,20,7.65,true,,415,0
2026-08-04,22752,22,7.65,true,,395,0
2026-08-05,22752,23,7.65,true,,373,0
2026-08-06,22752,23,7.65,true,,350,0
2026-08-07,22752,23,7.65,true,,327,0
2026-08-08,22752,28,7.65,true,,304,0
2026-08-09,22752,26,7.65,true,,276,0
2026-08-10,22752,21,7.65,true,,250,0
2026-08-11,22752,22,7.65,true,,229,0
2026-08-12,22752,22,7.65,true,,207,0
2026-08-13,22752,23,7.65,true,,185,0
2026-08-14,22752,24,7.65,true,,162,0
2026-08-15,22752,28,7.65,true,,138,222
2026-08-16,22752,25,7.65,true,,332,0
2026-08-17,22752,20,7.65,true,,307,0
2026-08-18,22752,22,7.65,true,,287,0
2026-08-19,22752,23,7.65,true,,265,0
2026-08-20,22752,24,7.65,true,,242,0
2026-08-21,22752,26,7.65,true,,218,0
2026-08-22,22752,27,7.65,true,,192,0
2026-08-23,22752,27,7.65,true,,165,0
2026-08-24,22752,22,7.65,true,,138,465
2026-08-25,22752,23,7.65,true,,581,0
2026-08-26,22752,23,7.65,true,,558,0
2026-08-27,22752,23,7.65,true,,535,0
2026-08-28,22752,24,7.65,true,,512,0
2026-08-29,22752,27,7.65,true,,488,0
2026-08-30,22752,26,7.65,true,,461,0
2026-08-31,22752,21,7.65,true,,435,0
2026-09-01,22752,21,7.65,true,,414,0
2026-09-02,22752,24,7.65,true,,393,0
2026-09-03,22752,22,7.65,true,,369,0
2026-09-04,22752,24,7.65,true,,347,0
2026-09-05,22752,29,7.65,true,,323,0
2026-09-06,22752,27,7.65,true,,294,0
2026-09-07,22752,21,7.65,true,,267,0
2026-09-08,22752,23,7.65,true,,246,0
2026-09-09,22752,22,7.65,true,,223,0
2026-09-10,22752,23,7.65,true,,201,0
2026-09-11,22752,25,7.65,true,,178,0
2026-09-12,22752,29,7.65,true,,153,0
2026-09-13,22752,27,7.65,true,,124,0
2024-09-14,21730,10,4.25,true,,239,0
2024-09-15,21730,10,4.25,true,,229,0
2024-09-16,21730,7,4.25,true,,219,0
2024-09-17,21730,8,4.25,true,,212,0
2024-09-18,21730,8,4.25,true,,204,0
2024-09-19,21730,8,4.25,true,,196,0
2024-09-20,21730,8,4.25,true,,188,0
2024-09-21,21730,10,4.25,true,,180,0
2024-09-22,21730,9,4.25,true,,170,0
2024-09-23,21730,7,4.25,true,,161,0
2024-09-24,21730,8,4.25,true,,154,0
2024-09-25,21730,8,4.25,true,,146,0
2024-09-26,21730,7,4.25,true,,138,0
2024-09-27,21730,10,4.25,true,,131,0
2024-09-28,21730,9,4.25,true,,121,0
2024-09-29,21730,9,4.25,true,,112,0
2024-09-30,21730,7,4.25,true,,103,0
2024-10-01,21730,8,4.25,true,,96,0
2024-10-02,21730,7,4.25,true,,88,0
2024-10-03,21730,8,4.25,true,,81,0
2024-10-04,21730,9,4.25,true,,73,0
2024-10-05,21730,10,4.25,true,,64,0
2024-10-06,21730,10,4.25,true,,54,0
2024-10-07,21730,7,4.25,true,,44,121
2024-10-08,21730,7,4.25,true,,158,0
2024-10-09,21730,8,4.25,true,,151,0
2024-10-10,21730,9,4.25,true,,143,0
2024-10-11,21730,8,4.25,true,,134,0
2024-10-12,21730,11,4.25,true,,126,0
2024-10-13,21730,9,4.25,true,,115,0
2024-10-14,21730,7,4.25,true,,106,0
2024-10-15,21730,7,4.25,true,,99,0
2024-10-16,21730,8,4.25,true,,92,0
2024-10-17,21730,7,4.25,true,,84,0
2024-10-18,21730,10,4.25,true,,77,0
2024-10-19,21730,9,4.25,true,,67,0
2024-10-20,21730,10,4.25,true,,58,0
2024-10-21,21730,8,4.25,true,,48,0
2024-10-22,21730,8,4.25,true,,40,129
2024-10-23,21730,9,4.25,true,,161,0
2024-10-24,21730,8,4.25,true,,152,0
2024-10-25,21730,8,4.25,true,,144,0
2024-10-26,21730,9,4.25,true,,136,0
2024-10-27,21730,9,4.25,true,,127,0
2024-10-28,21730,8,4.25,true,,118,0
2024-10-29,21730,8,4.25,true,,110,0
2024-10-30,21730,9,4.25,true,,102,0
2024-10-31,21730,8,4.25,true,,93,0
2024-11-01,21730,9,4.25,true,,85,0
2024-11-02,21730,11,4.25,true,,76,0
2024-11-03,21730,10,4.25,true,,65,0
2024-11-04,21730,7,4.25,true,,55,0
2024-11-05,21730,9,4.25,true,,48,123
2024-11-06,21730,9,4.25,true,,162,0
2024-11-07,21730,8,4.25,true,,153,0
2024-11-08,21730,9,4.25,true,,145,0
2024-11-09,21730,11,4.25,true,,136,0
2024-11-10,21730,9,4.25,true,,125,0
2024-11-11,21730,8,4.25,true,,116,0
2024-11-12,21730,7,4.25,true,,108,0
2024-11-13,21730,7,4.25,true,,101,0
2024-11-14,21730,9,4.25,true,,94,0
2024-11-15,21730,9,4.25,true,,85,0
2024-11-16,21730,10,4.25,true,,76,0
2024-11-17,21730,10,4.25,true,,66,0
2024-11-18,21730,8,4.25,true,,56,0
2024-11-19,21730,7,4.25,true,,48,0
2024-11-20,21730,9,4.25,true,,41,139
2024-11-21,21730,8,4.25,true,,171,0
2024-11-22,21730,10,4.25,true,,163,0
2024-11-23,21730,11,4.25,true,,153,0
2024-11-24,21730,10,4.25,true,,142,0
2024-11-25,21730,8,4.25,true,,132,0
2024-11-26,21730,10,4.25,true,,124,0
2024-11-27,21730,9,4.25,true,,114,0
2024-11-28,21730,9,4.25,true,,105,0
2024-11-29,21730,10,4.25,true,,96,0
2024-11-30,21730,10,4.25,true,,86,0
2024-12-01,21730,11,4.25,true,,76,0
2024-12-02,21730,8,4.25,true,,65,0
2024-12-03,21730,9,4.25,true,,57,0
2024-12-04,21730,9,4.25,true,,48,127
2024-12-05,21730,10,4.25,true,,166,0
2024-12-06,21730,10,4.25,true,,156,0
2024-12-07,21730,10,4.25,true,,146,0
2024-12-08,21730,9,4.25,true,,136,0
2024-12-09,21730,7,4.25,true,,127,0
2024-12-10,21730,8,4.25,true,,120,0
2024-12-11,21730,9,4.25,true,,112,0
2024-12-12,21730,8,4.25,true,,103,0
2024-12-13,21730,9,4.25,true,,95,0
2024-12-14,21730,11,4.25,true,,86,0
2024-12-15,21730,11,4.25,true,,75,0
2024-12-16,21730,7,4.25,true,,64,0
2024-12-17,21730,9,4.25,true,,57,0
2024-12-18,21730,9,4.25,true,,48,125
2024-12-19,21730,8,4.25,true,,164,0
2024-12-20,21730,9,4.25,true,,156,0
2024-12-21,21730,11,4.25,true,,147,0
2024-12-22,21730,10,4.25,true,,136,0
2024-12-23,21730,9,4.25,true,,126,0
2024-12-24,21730,7,4.25,true,,117,0
2024-12-25,21730,9,4.25,true,,110,0
2024-12-26,21730,9,4.25,true,,101,0
2024-12-27,21730,9,4.25,true,,92,0
2024-12-28,21730,10,4.25,true,,83,0
2024-12-29,21730,9,4.25,true,,73,0
2024-12-30,21730,8,4.25,true,,64,0
2024-12-31,21730,8,4.25,true,,56,0
2025-01-01,21730,9,4.25,true,,48,124
2025-01-02,21730,9,4.25,true,,163,0
2025-01-03,21730,10,4.25,true,,154,0
2025-01-04,21730,11,4.25,true,,144,0
2025-01-05,21730,9,4.25,true,,133,0
2025-01-06,21730,7,4.25,true,,124,0
2025-01-07,21730,8,4.25,true,,117,0
2025-01-08,21730,9,4.25,true,,109,0
2025-01-09,21730,8,4.25,true,,100,0
2025-01-10,21730,9,4.25,true,,92,0
2025-01-11,21730,9,4.25,true,,83,0
2025-01-12,21730,9,4.25,true,,74,0
2025-01-13,21730,8,4.25,true,,65,0
2025-01-14,21730,9,4.25,true,,57,0
2025-01-15,21730,9,4.25,true,,48,127
2025-01-16,21730,10,4.25,true,,166,0
2025-01-17,21730,8,4.25,true,,156,0
2025-01-18,21730,12,4.25,true,,148,0
2025-01-19,21730,10,4.25,true,,136,0
2025-01-20,21730,8,4.25,true,,126,0
2025-01-21,21730,7,4.25,true,,118,0
2025-01-22,21730,9,4.25,true,,111,0
2025-01-23,21730,8,4.25,true,,102,0
2025-01-24,21730,9,4.25,true,,94,0
2025-01-25,21730,11,4.25,true,,85,0
2025-01-26,21730,11,4.25,true,,74,0
2025-01-27,21730,8,4.25,true,,63,0
2025-01-28,21730,7,4.25,true,,55,0
2025-01-29,21730,8,4.25,true,,48,0
2025-01-30,21730,9,4.25,true,,40,131
2025-01-31,21730,9,4.25,true,,162,0
2025-02-01,21730,10,4.25,true,,153,0
2025-02-02,21730,9,4.25,true,,143,0
2025-02-03,21730,8,4.25,true,,134,0
2025-02-04,21730,8,4.25,true,,126,0
2025-02-05,21730,9,4.25,true,,118,0
2025-02-06,21730,8,4.25,true,,109,0
2025-02-07,21730,9,4.25,true,,101,0
2025-02-08,21730,10,4.25,true,,92,0
2025-02-09,21730,9,4.25,true,,82,0
2025-02-10,21730,8,4.25,true,,73,0
2025-02-11,21730,9,4.25,true,,65,0
2025-02-12,21730,8,4.25,true,,56,0
2025-02-13,21730,9,4.25,true,,48,120
2025-02-14,21730,8,4.25,true,,159,0
2025-02-15,21730,10,4.25,true,,151,0
2025-02-16,21730,8,4.25,true,,141,0
2025-02-17,21730,8,4.25,true,,133,0
2025-02-18,21730,9,4.25,true,,125,0
2025-02-19,21730,8,4.25,true,,116,0
2025-02-20,21730,10,4.25,true,,108,0
2025-02-21,21730,8,4.25,true,,98,0
2025-02-22,21730,10,4.25,true,,90,0
2025-02-23,21730,10,4.25,true,,80,0
2025-02-24,21730,8,4.25,true,,70,0
2025-02-25,21730,7,4.25,true,,62,0
2025-02-26,21730,7,4.25,true,,55,0
2025-02-27,21730,8,4.25,true,,48,0
2025-02-28,21730,8,4.25,true,,40,129
2025-03-01,21730,9,4.25,true,,161,0
2025-03-02,21730,9,4.25,true,,152,0
2025-03-03,21730,9,4.25,true,,143,0
2025-03-04,21730,9,4.25,true,,134,0
2025-03-05,21730,9,4.25,true,,125,0
2025-03-06,21730,9,4.25,true,,116,0
2025-03-07,21730,9,4.25,true,,107,0
2025-03-08,21730,9,4.25,true,,98,0
2025-03-09,21730,10,4.25,true,,89,0
2025-03-10,21730,6,4.25,true,,79,0
2025-03-11,21730,8,4.25,true,,73,0
2025-03-12,21730,8,4.25,true,,65,0
2025-03-13,21730,9,4.25,true,,57,0
2025-03-14,21730,8,4.25,true,,48,0
2025-03-15,21730,10,4.25,true,,40,127
2025-03-16,21730,9,4.25,true,,157,0
2025-03-17,21730,8,4.25,true,,148,0
2025-03-18,21730,7,4.25,true,,140,0
2025-03-19,21730,8,4.25,true,,133,0
2025-03-20,21730,9,4.25,true,,125,0
2025-03-21,21730,8,4.25,true,,116,0
2025-03-22,21730,9,4.25,true,,108,0
2025-03-23,21730,9,4.25,true,,99,0
2025-03-24,21730,7,4.25,true,,90,0
2025-03-25,21730,9,4.25,true,,83,0
2025-03-26,21730,8,4.25,true,,74,0
2025-03-27,21730,8,4.25,true,,66,0
2025-03-28,21730,10,4.25,true,,58,0
2025-03-29,21730,9,4.25,true,,48,119
2025-03-30,21730,9,4.25,true,,158,0
2025-03-31,21730,8,4.25,true,,149,0
2025-04-01,21730,7,4.25,true,,141,0
2025-04-02,21730,8,4.25,true,,134,0
2025-04-03,21730,8,4.25,true,,126,0
2025-04-04,21730,8,4.25,true,,118,0
2025-04-05,21730,10,4.25,true,,110,0
2025-04-06,21730,10,4.25,true,,100,0
2025-04-07,21730,8,4.25,true,,90,0
2025-04-08,21730,9,4.25,true,,82,0
2025-04-09,21730,8,4.25,true,,73,0
2025-04-10,21730,7,4.25,true,,65,0
2025-04-11,21730,10,4.25,true,,58,0
2025-04-12,21730,10,4.25,true,,48,115
2025-04-13,21730,10,4.25,true,,153,0
2025-04-14,21730,7,4.25,true,,143,0
2025-04-15,21730,7,4.25,true,,136,0
2025-04-16,21730,9,4.25,true,,129,0
2025-04-17,21730,8,4.25,true,,120,0
2025-04-18,21730,9,4.25,true,,112,0
2025-04-19,21730,9,4.25,true,,103,0
2025-04-20,21730,9,4.25,true,,94,0
2025-04-21,21730,8,4.25,true,,85,0
2025-04-22,21730,7,4.25,true,,77,0
2025-04-23,21730,6,4.25,true,,70,0
2025-04-24,21730,8,4.25,true,,64,0
2025-04-25,21730,8,4.25,true,,56,0
2025-04-26,21730,9,4.25,true,,48,118
2025-04-27,21730,10,4.25,true,,157,0
2025-04-28,21730,8,4.25,true,,147,0
2025-04-29,21730,8,4.25,true,,139,0
2025-04-30,21730,7,4.25,true,,131,0
2025-05-01,21730,7,4.25,true,,124,0
2025-05-02,21730,9,4.25,true,,117,0
2025-05-03,21730,10,4.25,true,,108,0
2025-05-04,21730,10,4.25,true,,98,0
2025-05-05,21730,6,4.25,true,,88,0
2025-05-06,21730,8,4.25,true,,82,0
2025-05-07,21730,8,4.25,true,,74,0
2025-05-08,21730,9,4.25,true,,66,0
2025-05-09,21730,9,4.25,true,,57,0
2025-05-10,21730,9,4.25,true,,48,111
2025-05-11,21730,10,4.25,true,,150,0
2025-05-12,21730,7,4.25,true,,140,0
2025-05-13,21730,6,4.25,true,,133,0
2025-05-14,21730,8,4.25,true,,127,0
2025-05-15,21730,7,4.25,true,,119,0
2025-05-16,21730,8,4.25,true,,112,0
2025-05-17,21730,10,4.25,true,,104,0
2025-05-18,21730,10,4.25,true,,94,0
2025-05-19,21730,6,4.25,true,,84,0
2025-05-20,21730,7,4.25,true,,78,0
2025-05-21,21730,8,4.25,true,,71,0
2025-05-22,21730,8,4.25,true,,63,0
2025-05-23,21730,7,4.25,true,,55,0
2025-05-24,21730,8,4.25,true,,48,0
2025-05-25,21730,9,4.25,true,,40,119
2025-05-26,21730,7,4.25,true,,150,0
2025-05-27,21730,8,4.25,true,,143,0
2025-05-28,21730,6,4.25,true,,135,0
2025-05-29,21730,7,4.25,true,,129,0
2025-05-30,21730,8,4.25,true,,122,0
2025-05-31,21730,10,4.25,true,,114,0
2025-06-01,21730,10,4.25,true,,104,0
2025-06-02,21730,6,4.25,true,,94,0
2025-06-03,21730,8,4.25,true,,88,0
2025-06-04,21730,8,4.25,true,,80,0
2025-06-05,21730,8,4.25,true,,72,0
2025-06-06,21730,7,4.25,true,,64,0
2025-06-07,21730,9,4.25,true,,57,0
2025-06-08,21730,9,4.25,true,,48,108
2025-06-09,21730,8,4.25,true,,147,0
2025-06-10,21730,6,4.25,true,,139,0
2025-06-11,21730,6,4.25,true,,133,0
2025-06-12,21730,7,4.25,true,,127,0
2025-06-13,21730,7,4.25,true,,120,0
2025-06-14,21730,9,4.25,true,,113,0
2025-06-15,21730,7,4.25,true,,104,0
2025-06-16,21730,7,4.25,true,,97,0
2025-06-17,21730,8,4.25,true,,90,0
2025-06-18,21730,7,4.25,true,,82,0
2025-06-19,21730,8,4.25,true,,75,0
2025-06-20,21730,9,4.25,true,,67,0
2025-06-21,21730,10,4.25,true,,58,0
2025-06-22,21730,10,4.25,true,,48,114
2025-06-23,21730,6,4.25,true,,152,0
2025-06-24,21730,8,4.25,true,,146,0
2025-06-25,21730,7,4.25,true,,138,0
2025-06-26,21730,7,4.25,true,,131,0
2025-06-27,21730,9,4.25,true,,124,0
2025-06-28,21730,10,4.25,true,,115,0
2025-06-29,21730,9,4.25,true,,105,0
2025-06-30,21730,8,4.25,true,,96,0
2025-07-01,21730,7,4.25,true,,88,0
2025-07-02,21730,7,4.25,true,,81,0
2025-07-03,21730,9,4.25,true,,74,0
2025-07-04,21730,8,4.25,true,,65,0
2025-07-05,21730,9,4.25,true,,57,0
2025-07-06,21730,8,4.25,true,,48,0
2025-07-07,21730,6,4.25,true,,40,120
2025-07-08,21730,8,4.25,true,,154,0
2025-07-09,21730,9,4.25,true,,146,0
2025-07-10,21730,7,4.25,true,,137,0
2025-07-11,21730,8,4.25,true,,130,0
2025-07-12,21730,10,4.25,true,,122,0
2025-07-13,21730,9,4.25,true,,112,0
2025-07-14,21730,6,4.25,true,,103,0
2025-07-15,21730,7,4.25,true,,97,0
2025-07-16,21730,7,4.25,true,,90,0
2025-07-17,21730,9,4.25,true,,83,0
2025-07-18,21730,8,4.25,true,,74,0
2025-07-19,21730,10,4.25,true,,66,0
2025-07-20,21730,8,4.25,true,,56,0
2025-07-21,21730,7,4.25,true,,48,0
2025-07-22,21730,8,4.25,true,,41,123
2025-07-23,21730,9,4.25,true,,156,0
2025-07-24,21730,9,4.25,true,,147,0
2025-07-25,21730,9,4.25,true,,138,0
2025-07-26,21730,8,4.25,true,,129,0
2025-07-27,21730,10,4.25,true,,121,0
2025-07-28,21730,7,4.25,true,,111,0
2025-07-29,21730,7,4.25,true,,104,0
2025-07-30,21730,8,4.25,true,,97,0
2025-07-31,21730,7,4.25,true,,89,0
2025-08-01,21730,9,4.25,true,,82,0
2025-08-02,21730,10,4.25,true,,73,0
2025-08-03,21730,8,4.25,true,,63,0
2025-08-04,21730,7,4.25,true,,55,0
2025-08-05,21730,8,4.25,true,,48,0
2025-08-06,21730,8,4.25,true,,40,123
2025-08-07,21730,8,4.25,true,,155,0
2025-08-08,21730,9,4.25,true,,147,0
2025-08-09,21730,10,4.25,true,,138,0
2025-08-10,21730,9,4.25,true,,128,0
2025-08-11,21730,8,4.25,true,,119,0
2025-08-12,21730,8,4.25,true,,111,0
2025-08-13,21730,7,4.25,true,,103,0
2025-08-14,21730,8,4.25,true,,96,0
2025-08-15,21730,7,4.25,true,,88,0
2025-08-16,21730,9,4.25,true,,81,0
2025-08-17,21730,9,4.25,true,,72,0
2025-08-18,21730,8,4.25,true,,63,0
2025-08-19,21730,7,4.25,true,,55,0
2025-08-20,21730,7,4.25,true,,48,0
2025-08-21,21730,8,4.25,true,,41,126
2025-08-22,21730,8,4.25,true,,159,0
2025-08-23,21730,10,4.25,true,,151,0
2025-08-24,21730,10,4.25,true,,141,0
2025-08-25,21730,8,4.25,true,,131,0
2025-08-26,21730,7,4.25,true,,123,0
2025-08-27,21730,7,4.25,true,,116,0
2025-08-28,21730,8,4.25,true,,109,0
2025-08-29,21730,8,4.25,true,,101,0
2025-08-30,21730,10,4.25,true,,93,0
2025-08-31,21730,10,4.25,true,,83,0
2025-09-01,21730,7,4.25,true,,73,0
2025-09-02,21730,9,4.25,true,,66,0
2025-09-03,21730,9,4.25,true,,57,0
2025-09-04,21730,7,4.25,true,,48,0
2025-09-05,21730,8,4.25,true,,41,130
2025-09-06,21730,10,4.25,true,,163,0
2025-09-07,21730,9,4.25,true,,153,0
2025-09-08,21730,7,4.25,true,,144,0
2025-09-09,21730,9,4.25,true,,137,0
2025-09-10,21730,8,4.25,true,,128,0
2025-09-11,21730,9,4.25,true,,120,0
2025-09-12,21730,9,4.25,true,,111,0
2025-09-13,21730,10,4.25,true,,102,0
2025-09-14,21730,10,4.25,true,,92,0
2025-09-15,21730,9,4.25,true,,82,0
2025-09-16,21730,8,4.25,true,,73,0
2025-09-17,21730,9,4.25,true,,65,0
2025-09-18,21730,8,4.25,true,,56,0
2025-09-19,21730,10,4.25,true,,48,127
2025-09-20,21730,10,4.25,true,,165,0
2025-09-21,21730,9,4.25,true,,155,0
2025-09-22,21730,7,4.25,true,,146,0
2025-09-23,21730,8,4.25,true,,139,0
2025-09-24,21730,9,4.25,true,,131,0
2025-09-25,21730,9,4.25,true,,122,0
2025-09-26,21730,10,4.25,true,,113,0
2025-09-27,21730,10,4.25,true,,103,0
2025-09-28,21730,10,4.25,true,,93,0
2025-09-29,21730,9,4.25,true,,83,0
2025-09-30,21730,9,4.25,true,,74,0
2025-10-01,21730,8,4.25,true,,65,0
2025-10-02,21730,9,4.25,true,,57,0
2025-10-03,21730,9,4.25,true,,48,124
2025-10-04,21730,11,4.25,true,,163,0
2025-10-05,21730,9,4.25,true,,152,0
2025-10-06,21730,8,4.25,true,,143,0
2025-10-07,21730,8,4.25,true,,135,0
2025-10-08,21730,7,4.25,true,,127,0
2025-10-09,21730,9,4.25,true,,120,0
2025-10-10,21730,10,4.25,true,,111,0
2025-10-11,21730,10,4.25,true,,101,0
2025-10-12,21730,11,4.25,true,,91,0
2025-10-13,21730,8,4.25,true,,80,0
2025-10-14,21730,7,4.25,true,,72,0
2025-10-15,21730,9,4.25,true,,65,0
2025-10-16,21730,8,4.25,true,,56,0
2025-10-17,21730,10,4.25,true,,48,121
2025-10-18,21730,10,4.25,true,,159,0
2025-10-19,21730,10,4.25,true,,149,0
2025-10-20,21730,7,4.25,true,,139,0
2025-10-21,21730,8,4.25,true,,132,0
2025-10-22,21730,9,4.25,true,,124,0
2025-10-23,21730,7,4.25,true,,115,0
2025-10-24,21730,9,4.25,true,,108,0
2025-10-25,21730,10,4.25,true,,99,0
2025-10-26,21730,9,4.25,true,,89,0
2025-10-27,21730,7,4.25,true,,80,0
2025-10-28,21730,8,4.25,true,,73,0
2025-10-29,21730,9,4.25,true,,65,0
2025-10-30,21730,8,4.25,true,,56,0
2025-10-31,21730,10,4.25,true,,48,127
2025-11-01,21730,11,4.25,true,,165,0
2025-11-02,21730,9,4.25,true,,154,0
2025-11-03,21730,7,4.25,true,,145,0
2025-11-04,21730,9,4.25,true,,138,0
2025-11-05,21730,8,4.25,true,,129,0
2025-11-06,21730,8,4.25,true,,121,0
2025-11-07,21730,10,4.25,true,,113,0
2025-11-08,21730,10,4.25,true,,103,0
2025-11-09,21730,11,4.25,true,,93,0
2025-11-10,21730,9,4.25,true,,82,0
2025-11-11,21730,8,4.25,true,,73,0
2025-11-12,21730,9,4.25,true,,65,0
2025-11-13,21730,8,4.25,true,,56,0
2025-11-14,21730,9,4.25,true,,48,125
2025-11-15,21730,12,4.25,true,,164,0
2025-11-16,21730,9,4.25,true,,152,0
2025-11-17,21730,8,4.25,true,,143,0
2025-11-18,21730,7,4.25,true,,135,0
2025-11-19,21730,9,4.25,true,,128,0
2025-11-20,21730,8,4.25,true,,119,0
2025-11-21,21730,9,4.25,true,,111,0
2025-11-22,21730,11,4.25,true,,102,0
2025-11-23,21730,10,4.25,true,,91,0
2025-11-24,21730,8,4.25,true,,81,0
2025-11-25,21730,8,4.25,true,,73,0
2025-11-26,21730,8,4.25,true,,65,0
2025-11-27,21730,9,4.25,true,,57,0
2025-11-28,21730,9,4.25,true,,48,126
2025-11-29,21730,10,4.25,true,,165,0
2025-11-30,21730,10,4.25,true,,155,0
2025-12-01,21730,8,4.25,true,,145,0
2025-12-02,21730,9,4.25,true,,137,0
2025-12-03,21730,10,4.25,true,,128,0
2025-12-04,21730,8,4.25,true,,118,0
2025-12-05,21730,10,4.25,true,,110,0
2025-12-06,21730,10,4.25,true,,100,0
2025-12-07,21730,9,4.25,true,,90,0
2025-12-08,21730,8,4.25,true,,81,0
2025-12-09,21730,9,4.25,true,,73,0
2025-12-10,21730,8,4.25,true,,64,0
2025-12-11,21730,8,4.25,true,,56,0
2025-12-12,21730,9,4.25,true,,48,124
2025-12-13,21730,11,4.25,true,,163,0
2025-12-14,21730,9,4.25,true,,152,0
2025-12-15,21730,7,4.25,true,,143,0
2025-12-16,21730,8,4.25,true,,136,0
2025-12-17,21730,9,4.25,true,,128,0
2025-12-18,21730,10,4.25,true,,119,0
2025-12-19,21730,8,4.25,true,,109,0
2025-12-20,21730,11,4.25,true,,101,0
2025-12-21,21730,10,4.25,true,,90,0
2025-12-22,21730,7,4.25,true,,80,0
2025-12-23,21730,9,4.25,true,,73,0
2025-12-24,21730,7,4.25,true,,64,0
2025-12-25,21730,9,4.25,true,,57,0
2025-12-26,21730,10,4.25,true,,48,126
2025-12-27,21730,11,4.25,true,,164,0
2025-12-28,21730,10,4.25,true,,153,0
2025-12-29,21730,7,4.25,true,,143,0
2025-12-30,21730,8,4.25,true,,136,0
2025-12-31,21730,9,4.25,true,,128,0
2026-01-01,21730,9,4.25,true,,119,0
2026-01-02,21730,9,4.25,true,,110,0
2026-01-03,21730,10,4.25,true,,101,0
2026-01-04,21730,9,4.25,true,,91,0
2026-01-05,21730,9,4.25,true,,82,0
2026-01-06,21730,7,4.25,true,,73,0
2026-01-07,21730,10,4.25,true,,66,0
2026-01-08,21730,8,4.25,true,,56,0
2026-01-09,21730,8,4.25,true,,48,0
2026-01-10,21730,11,4.25,true,,40,133
2026-01-11,21730,10,4.25,true,,162,0
2026-01-12,21730,7,4.25,true,,152,0
2026-01-13,21730,8,4.25,true,,145,0
2026-01-14,21730,8,4.25,true,,137,0
2026-01-15,21730,7,4.25,true,,129,0
2026-01-16,21730,8,4.25,true,,122,0
2026-01-17,21730,12,4.25,true,,114,0
2026-01-18,21730,10,4.25,true,,102,0
2026-01-19,21730,8,4.25,true,,92,0
2026-01-20,21730,7,4.25,true,,84,0
2026-01-21,21730,10,4.25,true,,77,0
2026-01-22,21730,10,4.25,true,,67,0
2026-01-23,21730,9,4.25,true,,57,0
2026-01-24,21730,11,4.25,true,,48,128
2026-01-25,21730,11,4.25,true,,165,0
2026-01-26,21730,8,4.25,true,,154,0
2026-01-27,21730,9,4.25,true,,146,0
2026-01-28,21730,9,4.25,true,,137,0
2026-01-29,21730,8,4.25,true,,128,0
2026-01-30,21730,10,4.25,true,,120,0
2026-01-31,21730,10,4.25,true,,110,0
2026-02-01,21730,10,4.25,true,,100,0
2026-02-02,21730,8,4.25,true,,90,0
2026-02-03,21730,8,4.25,true,,82,0
2026-02-04,21730,8,4.25,true,,74,0
2026-02-05,21730,9,4.25,true,,66,0
2026-02-06,21730,9,4.25,true,,57,0
2026-02-07,21730,9,4.25,true,,48,123
2026-02-08,21730,9,4.25,true,,162,0
2026-02-09,21730,8,4.25,true,,153,0
2026-02-10,21730,9,4.25,true,,145,0
2026-02-11,21730,7,4.25,true,,136,0
2026-02-12,21730,9,4.25,true,,129,0
2026-02-13,21730,10,4.25,true,,120,0
2026-02-14,21730,10,4.25,true,,110,0
2026-02-15,21730,10,4.25,true,,100,0
2026-02-16,21730,8,4.25,true,,90,0
2026-02-17,21730,8,4.25,true,,82,0
2026-02-18,21730,8,4.25,true,,74,0
2026-02-19,21730,8,4.25,true,,66,0
2026-02-20,21730,10,4.25,true,,58,0
2026-02-21,21730,10,4.25,true,,48,118
2026-02-22,21730,10,4.25,true,,156,0
2026-02-23,21730,7,4.25,true,,146,0
2026-02-24,21730,8,4.25,true,,139,0
2026-02-25,21730,7,4.25,true,,131,0
2026-02-26,21730,8,4.25,true,,124,0
2026-02-27,21730,10,4.25,true,,116,0
2026-02-28,21730,9,4.25,true,,106,0
2026-03-01,21730,9,4.25,true,,97,0
2026-03-02,21730,7,4.25,true,,88,0
2026-03-03,21730,9,4.25,true,,81,0
2026-03-04,21730,7,4.25,true,,72,0
2026-03-05,21730,9,4.25,true,,65,0
2026-03-06,21730,8,4.25,true,,56,0
2026-03-07,21730,9,4.25,true,,48,123
2026-03-08,21730,8,4.25,true,,162,0
2026-03-09,21730,9,4.25,true,,154,0
2026-03-10,21730,7,4.25,true,,145,0
2026-03-11,21730,8,4.25,true,,138,0
2026-03-12,21730,8,4.25,true,,130,0
2026-03-13,21730,8,4.25,true,,122,0
2026-03-14,21730,11,4.25,true,,114,0
2026-03-15,21730,10,4.25,true,,103,0
2026-03-16,21730,9,4.25,true,,93,0
2026-03-17,21730,9,4.25,true,,84,0
2026-03-18,21730,9,4.25,true,,75,0
2026-03-19,21730,9,4.25,true,,66,0
2026-03-20,21730,9,4.25,true,,57,0
2026-03-21,21730,10,4.25,true,,48,118
2026-03-22,21730,9,4.25,true,,156,0
2026-03-23,21730,8,4.25,true,,147,0
2026-03-24,21730,8,4.25,true,,139,0
2026-03-25,21730,8,4.25,true,,131,0
2026-03-26,21730,9,4.25,true,,123,0
2026-03-27,21730,9,4.25,true,,114,0
2026-03-28,21730,9,4.25,true,,105,0
2026-03-29,21730,9,4.25,true,,96,0
2026-03-30,21730,8,4.25,true,,87,0
2026-03-31,21730,7,4.25,true,,79,0
2026-04-01,21730,9,4.25,true,,72,0
2026-04-02,21730,7,4.25,true,,63,0
2026-04-03,21730,8,4.25,true,,56,0
2026-04-04,21730,10,4.25,true,,48,113
2026-04-05,21730,8,4.25,true,,151,0
2026-04-06,21730,8,4.25,true,,143,0
2026-04-07,21730,8,4.25,true,,135,0
2026-04-08,21730,7,4.25,true,,127,0
2026-04-09,21730,7,4.25,true,,120,0
2026-04-10,21730,9,4.25,true,,113,0
2026-04-11,21730,9,4.25,true,,104,0
2026-04-12,21730,10,4.25,true,,95,0
2026-04-13,21730,7,4.25,true,,85,0
2026-04-14,21730,8,4.25,true,,78,0
2026-04-15,21730,7,4.25,true,,70,0
2026-04-16,21730,7,4.25,true,,63,0
2026-04-17,21730,8,4.25,true,,56,0
2026-04-18,21730,9,4.25,true,,48,117
2026-04-19,21730,8,4.25,true,,156,0
2026-04-20,21730,8,4.25,true,,148,0
2026-04-21,21730,8,4.25,true,,140,0
2026-04-22,21730,8,4.25,true,,132,0
2026-04-23,21730,8,4.25,true,,124,0
2026-04-24,21730,10,4.25,true,,116,0
2026-04-25,21730,9,4.25,true,,106,0
2026-04-26,21730,8,4.25,true,,97,0
2026-04-27,21730,7,4.25,true,,89,0
2026-04-28,21730,9,4.25,true,,82,0
2026-04-29,21730,8,4.25,true,,73,0
2026-04-30,21730,8,4.25,true,,65,0
2026-05-01,21730,9,4.25,true,,57,0
2026-05-02,21730,10,4.25,true,,48,116
2026-05-03,21730,9,4.25,true,,154,0
2026-05-04,21730,8,4.25,true,,145,0
2026-05-05,21730,8,4.25,true,,137,0
2026-05-06,21730,7,4.25,true,,129,0
2026-05-07,21730,8,4.25,true,,122,0
2026-05-08,21730,10,4.25,true,,114,0
2026-05-09,21730,10,4.25,true,,104,0
2026-05-10,21730,10,4.25,true,,94,0
2026-05-11,21730,6,4.25,true,,84,0
2026-05-12,21730,6,4.25,true,,78,0
2026-05-13,21730,8,4.25,true,,72,0
2026-05-14,21730,7,4.25,true,,64,0
2026-05-15,21730,9,4.25,true,,57,0
2026-05-16,21730,9,4.25,true,,48,111
2026-05-17,21730,8,4.25,true,,150,0
2026-05-18,21730,8,4.25,true,,142,0
2026-05-19,21730,9,4.25,true,,134,0
2026-05-20,21730,6,4.25,true,,125,0
2026-05-21,21730,8,4.25,true,,119,0
2026-05-22,21730,7,4.25,true,,111,0
2026-05-23,21730,10,4.25,true,,104,0
2026-05-24,21730,9,4.25,true,,94,0
2026-05-25,21730,7,4.25,true,,85,0
2026-05-26,21730,7,4.25,true,,78,0
2026-05-27,21730,7,4.25,true,,71,0
2026-05-28,21730,9,4.25,true,,64,0
2026-05-29,21730,7,4.25,true,,55,0
2026-05-30,21730,9,4.25,true,,48,108
2026-05-31,21730,10,4.25,true,,147,0
2026-06-01,21730,6,4.25,true,,137,0
2026-06-02,21730,6,4.25,true,,131,0
2026-06-03,21730,8,4.25,true,,125,0
2026-06-04,21730,8,4.25,true,,117,0
2026-06-05,21730,8,4.25,true,,109,0
2026-06-06,21730,10,4.25,true,,101,0
2026-06-07,21730,8,4.25,true,,91,0
2026-06-08,21730,8,4.25,true,,83,0
2026-06-09,21730,6,4.25,true,,75,0
2026-06-10,21730,6,4.25,true,,69,0
2026-06-11,21730,7,4.25,true,,63,0
2026-06-12,21730,8,4.25,true,,56,0
2026-06-13,21730,9,4.25,true,,48,113
2026-06-14,21730,8,4.25,true,,152,0
2026-06-15,21730,8,4.25,true,,144,0
2026-06-16,21730,7,4.25,true,,136,0
2026-06-17,21730,6,4.25,true,,129,0
2026-06-18,21730,8,4.25,true,,123,0
2026-06-19,21730,9,4.25,true,,115,0
2026-06-20,21730,8,4.25,true,,106,0
2026-06-21,21730,9,4.25,true,,98,0
2026-06-22,21730,8,4.25,true,,89,0
2026-06-23,21730,8,4.25,true,,81,0
2026-06-24,21730,8,4.25,true,,73,0
2026-06-25,21730,8,4.25,true,,65,0
2026-06-26,21730,9,4.25,true,,57,0
2026-06-27,21730,9,4.25,true,,48,105
2026-06-28,21730,8,4.25,true,,144,0
2026-06-29,21730,6,4.25,true,,136,0
2026-06-30,21730,7,4.25,true,,130,0
2026-07-01,21730,7,4.25,true,,123,0
2026-07-02,21730,7,4.25,true,,116,0
2026-07-03,21730,9,4.25,true,,109,0
2026-07-04,21730,9,4.25,true,,100,0
2026-07-05,21730,9,4.25,true,,91,0
2026-07-06,21730,6,4.25,true,,82,0
2026-07-07,21730,8,4.25,true,,76,0
2026-07-08,21730,6,4.25,true,,68,0
2026-07-09,21730,6,4.25,true,,62,0
2026-07-10,21730,8,4.25,true,,56,0
2026-07-11,21730,9,4.25,true,,48,116
2026-07-12,21730,9,4.25,true,,155,0
2026-07-13,21730,7,4.25,true,,146,0
2026-07-14,21730,7,4.25,true,,139,0
2026-07-15,21730,9,4.25,true,,132,0
2026-07-16,21730,8,4.25,true,,123,0
2026-07-17,21730,8,4.25,true,,115,0
2026-07-18,21730,10,4.25,true,,107,0
2026-07-19,21730,8,4.25,true,,97,0
2026-07-20,21730,8,4.25,true,,89,0
2026-07-21,21730,7,4.25,true,,81,0
2026-07-22,21730,9,4.25,true,,74,0
2026-07-23,21730,8,4.25,true,,65,0
2026-07-24,21730,9,4.25,true,,57,0
2026-07-25,21730,10,4.25,true,,48,113
2026-07-26,21730,9,4.25,true,,151,0
2026-07-27,21730,8,4.25,true,,142,0
2026-07-28,21730,7,4.25,true,,134,0
2026-07-29,21730,8,4.25,true,,127,0
2026-07-30,21730,7,4.25,true,,119,0
2026-07-31,21730,8,4.25,true,,112,0
2026-08-01,21730,9,4.25,true,,104,0
2026-08-02,21730,9,4.25,true,,95,0
2026-08-03,21730,7,4.25,true,,86,0
2026-08-04,21730,7,4.25,true,,79,0
2026-08-05,21730,9,4.25,true,,72,0
2026-08-06,21730,8,4.25,true,,63,0
2026-08-07,21730,7,4.25,true,,55,0
2026-08-08,21730,10,4.25,true,,48,118
2026-08-09,21730,10,4.25,true,,156,0
2026-08-10,21730,8,4.25,true,,146,0
2026-08-11,21730,8,4.25,true,,138,0
2026-08-12,21730,9,4.25,true,,130,0
2026-08-13,21730,8,4.25,true,,121,0
2026-08-14,21730,10,4.25,true,,113,0
2026-08-15,21730,8,4.25,true,,103,0
2026-08-16,21730,8,4.25,true,,95,0
2026-08-17,21730,6,4.25,true,,87,0
2026-08-18,21730,9,4.25,true,,81,0
2026-08-19,21730,8,4.25,true,,72,0
2026-08-20,21730,8,4.25,true,,64,0
2026-08-21,21730,8,4.25,true,,56,0
2026-08-22,21730,10,4.25,true,,48,19
2026-08-23,21730,9,4.25,true,,57,0
2026-08-24,21730,7,4.25,true,,48,292
2026-08-25,21730,7,4.25,true,,333,0
2026-08-26,21730,8,4.25,true,,326,0
2026-08-27,21730,9,4.25,true,,318,0
2026-08-28,21730,10,4.25,true,,309,0
2026-08-29,21730,11,4.25,true,,299,0
2026-08-30,21730,9,4.25,true,,288,0
2026-08-31,21730,7,4.25,true,,279,0
2026-09-01,21730,8,4.25,true,,272,0
2026-09-02,21730,9,4.25,true,,264,0
2026-09-03,21730,8,4.25,true,,255,0
2026-09-04,21730,10,4.25,true,,247,0
2026-09-05,21730,11,4.25,true,,237,0
2026-09-06,21730,9,4.25,true,,226,0
2026-09-07,21730,9,4.25,true,,217,0
2026-09-08,21730,7,4.25,true,,208,0
2026-09-09,21730,9,4.25,true,,201,0
2026-09-10,21730,9,4.25,true,,192,0
2026-09-11,21730,8,4.25,true,,183,0
2026-09-12,21730,10,4.25,true,,175,0
2026-09-13,21730,10,4.25,true,,165,0
2024-09-14,22633,12,1.85,true,,338,0
2024-09-15,22633,13,1.85,true,,326,0
2024-09-16,22633,10,1.85,true,,313,0
2024-09-17,22633,11,1.85,true,,303,0
2024-09-18,22633,11,1.85,true,,292,0
2024-09-19,22633,10,1.85,true,,281,0
2024-09-20,22633,13,1.85,true,,271,0
2024-09-21,22633,14,1.85,true,,258,0
2024-09-22,22633,14,1.85,true,,244,0
2024-09-23,22633,12,1.85,true,,230,0
2024-09-24,22633,10,1.85,true,,218,0
2024-09-25,22633,11,1.85,true,,208,0
2024-09-26,22633,12,1.85,true,,197,0
2024-09-27,22633,12,1.85,true,,185,0
2024-09-28,22633,14,1.85,true,,173,0
2024-09-29,22633,14,1.85,true,,159,0
2024-09-30,22633,11,1.85,true,,145,0
2024-10-01,22633,10,1.85,true,,134,0
2024-10-02,22633,12,1.85,true,,124,0
2024-10-03,22633,11,1.85,true,,112,0
2024-10-04,22633,13,1.85,true,,101,0
2024-10-05,22633,14,1.85,true,,88,0
2024-10-06,22633,13,1.85,true,,74,0
2024-10-07,22633,10,1.85,true,,61,173
2024-10-08,22633,11,1.85,true,,224,0
2024-10-09,22633,11,1.85,true,,213,0
2024-10-10,22633,11,1.85,true,,202,0
2024-10-11,22633,13,1.85,true,,191,0
2024-10-12,22633,14,1.85,true,,178,0
2024-10-13,22633,13,1.85,true,,164,0
2024-10-14,22633,12,1.85,true,,151,0
2024-10-15,22633,11,1.85,true,,139,0
2024-10-16,22633,11,1.85,true,,128,0
2024-10-17,22633,10,1.85,true,,117,0
2024-10-18,22633,13,1.85,true,,107,0
2024-10-19,22633,14,1.85,true,,94,0
2024-10-20,22633,14,1.85,true,,80,0
2024-10-21,22633,9,1.85,true,,66,0
2024-10-22,22633,11,1.85,true,,57,182
2024-10-23,22633,11,1.85,true,,228,0
2024-10-24,22633,13,1.85,true,,217,0
2024-10-25,22633,12,1.85,true,,204,0
2024-10-26,22633,14,1.85,true,,192,0
2024-10-27,22633,13,1.85,true,,178,0
2024-10-28,22633,12,1.85,true,,165,0
2024-10-29,22633,11,1.85,true,,153,0
2024-10-30,22633,12,1.85,true,,142,0
2024-10-31,22633,12,1.85,true,,130,0
2024-11-01,22633,12,1.85,true,,118,0
2024-11-02,22633,15,1.85,true,,106,0
2024-11-03,22633,14,1.85,true,,91,0
2024-11-04,22633,11,1.85,true,,77,0
2024-11-05,22633,12,1.85,true,,66,177
2024-11-06,22633,11,1.85,true,,231,0
2024-11-07,22633,13,1.85,true,,220,0
2024-11-08,22633,13,1.85,true,,207,0
2024-11-09,22633,13,1.85,true,,194,0
2024-11-10,22633,15,1.85,true,,181,0
2024-11-11,22633,11,1.85,true,,166,0
2024-11-12,22633,12,1.85,true,,155,0
2024-11-13,22633,12,1.85,true,,143,0
2024-11-14,22633,12,1.85,true,,131,0
2024-11-15,22633,14,1.85,true,,119,0
2024-11-16,22633,15,1.85,true,,105,0
2024-11-17,22633,14,1.85,true,,90,0
2024-11-18,22633,10,1.85,true,,76,0
2024-11-19,22633,11,1.85,true,,66,0
2024-11-20,22633,11,1.85,true,,55,181
2024-11-21,22633,12,1.85,true,,225,0
2024-11-22,22633,13,1.85,true,,213,0
2024-11-23,22633,15,1.85,true,,200,0
2024-11-24,22633,14,1.85,true,,185,0
2024-11-25,22633,10,1.85,true,,171,0
2024-11-26,22633,10,1.85,true,,161,0
2024-11-27,22633,11,1.85,true,,151,0
2024-11-28,22633,13,1.85,true,,140,0
2024-11-29,22633,13,1.85,true,,127,0
2024-11-30,22633,13,1.85,true,,114,0
2024-12-01,22633,13,1.85,true,,101,0
2024-12-02,22633,12,1.85,true,,88,0
2024-12-03,22633,10,1.85,true,,76,0
2024-12-04,22633,11,1.85,true,,66,0
2024-12-05,22633,11,1.85,true,,55,185
2024-12-06,22633,14,1.85,true,,229,0
2024-12-07,22633,14,1.85,true,,215,0
2024-12-08,22633,13,1.85,true,,201,0
2024-12-09,22633,11,1.85,true,,188,0
2024-12-10,22633,12,1.85,true,,177,0
2024-12-11,22633,13,1.85,true,,165,0
2024-12-12,22633,13,1.85,true,,152,0
2024-12-13,22633,12,1.85,true,,139,0
2024-12-14,22633,15,1.85,true,,127,0
2024-12-15,22633,13,1.85,true,,112,0
2024-12-16,22633,12,1.85,true,,99,0
2024-12-17,22633,10,1.85,true,,87,0
2024-12-18,22633,11,1.85,true,,77,0
2024-12-19,22633,11,1.85,true,,66,0
2024-12-20,22633,14,1.85,true,,55,187
2024-12-21,22633,14,1.85,true,,228,0
2024-12-22,22633,14,1.85,true,,214,0
2024-12-23,22633,11,1.85,true,,200,0
2024-12-24,22633,11,1.85,true,,189,0
2024-12-25,22633,11,1.85,true,,178,0
2024-12-26,22633,13,1.85,true,,167,0
2024-12-27,22633,12,1.85,true,,154,0
2024-12-28,22633,15,1.85,true,,142,0
2024-12-29,22633,14,1.85,true,,127,0
2024-12-30,22633,12,1.85,true,,113,0
2024-12-31,22633,11,1.85,true,,101,0
2025-01-01,22633,11,1.85,true,,90,0
2025-01-02,22633,13,1.85,true,,79,0
2025-01-03,22633,12,1.85,true,,66,170
2025-01-04,22633,15,1.85,true,,224,0
2025-01-05,22633,13,1.85,true,,209,0
2025-01-06,22633,10,1.85,true,,196,0
2025-01-07,22633,10,1.85,true,,186,0
2025-01-08,22633,12,1.85,true,,176,0
2025-01-09,22633,11,1.85,true,,164,0
2025-01-10,22633,12,1.85,true,,153,0
2025-01-11,22633,15,1.85,true,,141,0
2025-01-12,22633,15,1.85,true,,126,0
2025-01-13,22633,12,1.85,true,,111,0
2025-01-14,22633,10,1.85,true,,99,0
2025-01-15,22633,12,1.85,true,,89,0
2025-01-16,22633,11,1.85,true,,77,0
2025-01-17,22633,13,1.85,true,,66,174
2025-01-18,22633,15,1.85,true,,227,0
2025-01-19,22633,14,1.85,true,,212,0
2025-01-20,22633,11,1.85,true,,198,0
2025-01-21,22633,11,1.85,true,,187,0
2025-01-22,22633,13,1.85,true,,176,0
2025-01-23,22633,11,1.85,true,,163,0
2025-01-24,22633,13,1.85,true,,152,0
2025-01-25,22633,14,1.85,true,,139,0
2025-01-26,22633,14,1.85,true,,125,0
2025-01-27,22633,11,1.85,true,,111,0
2025-01-28,22633,10,1.85,true,,100,0
2025-01-29,22633,13,1.85,true,,90,0
2025-01-30,22633,11,1.85,true,,77,0
2025-01-31,22633,12,1.85,true,,66,172
2025-02-01,22633,13,1.85,true,,226,0
2025-02-02,22633,15,1.85,true,,213,0
2025-02-03,22633,10,1.85,true,,198,0
2025-02-04,22633,12,1.85,true,,188,0
2025-02-05,22633,12,1.85,true,,176,0
2025-02-06,22633,12,1.85,true,,164,0
2025-02-07,22633,13,1.85,true,,152,0
2025-02-08,22633,15,1.85,true,,139,0
2025-02-09,22633,13,1.85,true,,124,0
2025-02-10,22633,10,1.85,true,,111,0
2025-02-11,22633,11,1.85,true,,101,0
2025-02-12,22633,11,1.85,true,,90,0
2025-02-13,22633,13,1.85,true,,79,0
2025-02-14,22633,13,1.85,true,,66,168
2025-02-15,22633,14,1.85,true,,221,0
2025-02-16,22633,12,1.85,true,,207,0
2025-02-17,22633,9,1.85,true,,195,0
2025-02-18,22633,10,1.85,true,,186,0
2025-02-19,22633,12,1.85,true,,176,0
2025-02-20,22633,11,1.85,true,,164,0
2025-02-21,22633,12,1.85,true,,153,0
2025-02-22,22633,15,1.85,true,,141,0
2025-02-23,22633,14,1.85,true,,126,0
2025-02-24,22633,11,1.85,true,,112,0
2025-02-25,22633,12,1.85,true,,101,0
2025-02-26,22633,12,1.85,true,,89,0
2025-02-27,22633,11,1.85,true,,77,0
2025-02-28,22633,12,1.85,true,,66,169
2025-03-01,22633,13,1.85,true,,223,0
2025-03-02,22633,13,1.85,true,,210,0
2025-03-03,22633,11,1.85,true,,197,0
2025-03-04,22633,12,1.85,true,,186,0
2025-03-05,22633,12,1.85,true,,174,0
2025-03-06,22633,12,1.85,true,,162,0
2025-03-07,22633,11,1.85,true,,150,0
2025-03-08,22633,14,1.85,true,,139,0
2025-03-09,22633,13,1.85,true,,125,0
2025-03-10,22633,11,1.85,true,,112,0
2025-03-11,22633,11,1.85,true,,101,0
2025-03-12,22633,12,1.85,true,,90,0
2025-03-13,22633,12,1.85,true,,78,0
2025-03-14,22633,12,1.85,true,,66,165
2025-03-15,22633,14,1.85,true,,219,0
2025-03-16,22633,13,1.85,true,,205,0
2025-03-17,22633,11,1.85,true,,192,0
2025-03-18,22633,10,1.85,true,,181,0
2025-03-19,22633,12,1.85,true,,171,0
2025-03-20,22633,11,1.85,true,,159,0
2025-03-21,22633,12,1.85,true,,148,0
2025-03-22,22633,15,1.85,true,,136,0
2025-03-23,22633,12,1.85,true,,121,0
2025-03-24,22633,10,1.85,true,,109,0
2025-03-25,22633,11,1.85,true,,99,0
2025-03-26,22633,12,1.85,true,,88,0
2025-03-27,22633,10,1.85,true,,76,0
2025-03-28,22633,11,1.85,true,,66,0
2025-03-29,22633,14,1.85,true,,55,171
2025-03-30,22633,12,1.85,true,,212,0
2025-03-31,22633,10,1.85,true,,200,0
2025-04-01,22633,11,1.85,true,,190,0
2025-04-02,22633,10,1.85,true,,179,0
2025-04-03,22633,11,1.85,true,,169,0
2025-04-04,22633,11,1.85,true,,158,0
2025-04-05,22633,14,1.85,true,,147,0
2025-04-06,22633,12,1.85,true,,133,0
2025-04-07,22633,11,1.85,true,,121,0
2025-04-08,22633,11,1.85,true,,110,0
2025-04-09,22633,11,1.85,true,,99,0
2025-04-10,22633,11,1.85,true,,88,0
2025-04-11,22633,11,1.85,true,,77,0
2025-04-12,22633,12,1.85,true,,66,157
2025-04-13,22633,13,1.85,true,,211,0
2025-04-14,22633,10,1.85,true,,198,0
2025-04-15,22633,11,1.85,true,,188,0
2025-04-16,22633,11,1.85,true,,177,0
2025-04-17,22633,11,1.85,true,,166,0
2025-04-18,22633,12,1.85,true,,155,0
2025-04-19,22633,14,1.85,true,,143,0
2025-04-20,22633,13,1.85,true,,129,0
2025-04-21,22633,10,1.85,true,,116,0
2025-04-22,22633,10,1.85,true,,106,0
2025-04-23,22633,9,1.85,true,,96,0
2025-04-24,22633,10,1.85,true,,87,0
2025-04-25,22633,11,1.85,true,,77,0
2025-04-26,22633,13,1.85,true,,66,156
2025-04-27,22633,12,1.85,true,,209,0
2025-04-28,22633,11,1.85,true,,197,0
2025-04-29,22633,9,1.85,true,,186,0
2025-04-30,22633,10,1.85,true,,177,0
2025-05-01,22633,11,1.85,true,,167,0
2025-05-02,22633,11,1.85,true,,156,0
2025-05-03,22633,12,1.85,true,,145,0
2025-05-04,22633,14,1.85,true,,133,0
2025-05-05,22633,11,1.85,true,,119,0
2025-05-06,22633,10,1.85,true,,108,0
2025-05-07,22633,11,1.85,true,,98,0
2025-05-08,22633,10,1.85,true,,87,0
2025-05-09,22633,11,1.85,true,,77,0
2025-05-10,22633,13,1.85,true,,66,153
2025-05-11,22633,13,1.85,true,,206,0
2025-05-12,22633,10,1.85,true,,193,0
2025-05-13,22633,11,1.85,true,,183,0
2025-05-14,22633,10,1.85,true,,172,0
2025-05-15,22633,10,1.85,true,,162,0
2025-05-16,22633,11,1.85,true,,152,0
2025-05-17,22633,13,1.85,true,,141,0
2025-05-18,22633,12,1.85,true,,128,0
2025-05-19,22633,9,1.85,true,,116,0
2025-05-20,22633,9,1.85,true,,107,0
2025-05-21,22633,10,1.85,true,,98,0
2025-05-22,22633,11,1.85,true,,88,0
2025-05-23,22633,11,1.85,true,,77,0
2025-05-24,22633,13,1.85,true,,66,151
2025-05-25,22633,12,1.85,true,,204,0
2025-05-26,22633,9,1.85,true,,192,0
2025-05-27,22633,9,1.85,true,,183,0
2025-05-28,22633,11,1.85,true,,174,0
2025-05-29,22633,10,1.85,true,,163,0
2025-05-30,22633,11,1.85,true,,153,0
2025-05-31,22633,14,1.85,true,,142,0
2025-06-01,22633,11,1.85,true,,128,0
2025-06-02,22633,10,1.85,true,,117,0
2025-06-03,22633,10,1.85,true,,107,0
2025-06-04,22633,10,1.85,true,,97,0
2025-06-05,22633,10,1.85,true,,87,0
2025-06-06,22633,11,1.85,true,,77,0
2025-06-07,22633,13,1.85,true,,66,148
2025-06-08,22633,11,1.85,true,,201,0
2025-06-09,22633,9,1.85,true,,190,0
2025-06-10,22633,10,1.85,true,,181,0
2025-06-11,22633,9,1.85,true,,171,0
2025-06-12,22633,10,1.85,true,,162,0
2025-06-13,22633,12,1.85,true,,152,0
2025-06-14,22633,14,1.85,true,,140,0
2025-06-15,22633,11,1.85,true,,126,0
2025-06-16,22633,9,1.85,true,,115,0
2025-06-17,22633,9,1.85,true,,106,0
2025-06-18,22633,10,1.85,true,,97,0
2025-06-19,22633,11,1.85,true,,87,0
2025-06-20,22633,10,1.85,true,,76,0
2025-06-21,22633,13,1.85,true,,66,153
2025-06-22,22633,12,1.85,true,,206,0
2025-06-23,22633,9,1.85,true,,194,0
2025-06-24,22633,10,1.85,true,,185,0
2025-06-25,22633,12,1.85,true,,175,0
2025-06-26,22633,11,1.85,true,,163,0
2025-06-27,22633,11,1.85,true,,152,0
2025-06-28,22633,12,1.85,true,,141,0
2025-06-29,22633,12,1.85,true,,129,0
2025-06-30,22633,9,1.85,true,,117,0
2025-07-01,22633,9,1.85,true,,108,0
2025-07-02,22633,11,1.85,true,,99,0
2025-07-03,22633,11,1.85,true,,88,0
2025-07-04,22633,11,1.85,true,,77,0
2025-07-05,22633,12,1.85,true,,66,153
2025-07-06,22633,11,1.85,true,,207,0
2025-07-07,22633,10,1.85,true,,196,0
2025-07-08,22633,9,1.85,true,,186,0
2025-07-09,22633,11,1.85,true,,177,0
2025-07-10,22633,11,1.85,true,,166,0
2025-07-11,22633,12,1.85,true,,155,0
2025-07-12,22633,13,1.85,true,,143,0
2025-07-13,22633,12,1.85,true,,130,0
2025-07-14,22633,10,1.85,true,,118,0
2025-07-15,22633,11,1.85,true,,108,0
2025-07-16,22633,11,1.85,true,,97,0
2025-07-17,22633,10,1.85,true,,86,0
2025-07-18,22633,10,1.85,true,,76,0
2025-07-19,22633,12,1.85,true,,66,153
2025-07-20,22633,13,1.85,true,,207,0
2025-07-21,22633,11,1.85,true,,194,0
2025-07-22,22633,10,1.85,true,,183,0
2025-07-23,22633,11,1.85,true,,173,0
2025-07-24,22633,11,1.85,true,,162,0
2025-07-25,22633,11,1.85,true,,151,0
2025-07-26,22633,13,1.85,true,,140,0
2025-07-27,22633,12,1.85,true,,127,0
2025-07-28,22633,10,1.85,true,,115,0
2025-07-29,22633,9,1.85,true,,105,0
2025-07-30,22633,10,1.85,true,,96,0
2025-07-31,22633,10,1.85,true,,86,0
2025-08-01,22633,10,1.85,true,,76,0
2025-08-02,22633,13,1.85,true,,66,158
2025-08-03,22633,12,1.85,true,,211,0
2025-08-04,22633,10,1.85,true,,199,0
2025-08-05,22633,11,1.85,true,,189,0
2025-08-06,22633,10,1.85,true,,178,0
2025-08-07,22633,10,1.85,true,,168,0
2025-08-08,22633,12,1.85,true,,158,0
2025-08-09,22633,13,1.85,true,,146,0
2025-08-10,22633,12,1.85,true,,133,0
2025-08-11,22633,9,1.85,true,,121,0
2025-08-12,22633,11,1.85,true,,112,0
2025-08-13,22633,12,1.85,true,,101,0
2025-08-14,22633,11,1.85,true,,89,0
2025-08-15,22633,12,1.85,true,,78,0
2025-08-16,22633,14,1.85,true,,66,165
2025-08-17,22633,14,1.85,true,,217,0
2025-08-18,22633,10,1.85,true,,203,0
2025-08-19,22633,10,1.85,true,,193,0
2025-08-20,22633,11,1.85,true,,183,0
2025-08-21,22633,10,1.85,true,,172,0
2025-08-22,22633,13,1.85,true,,162,0
2025-08-23,22633,14,1.85,true,,149,0
2025-08-24,22633,12,1.85,true,,135,0
2025-08-25,22633,11,1.85,true,,123,0
2025-08-26,22633,12,1.85,true,,112,0
2025-08-27,22633,11,1.85,true,,100,0
2025-08-28,22633,11,1.85,true,,89,0
2025-08-29,22633,12,1.85,true,,78,0
2025-08-30,22633,13,1.85,true,,66,160
2025-08-31,22633,12,1.85,true,,213,0
2025-09-01,22633,11,1.85,true,,201,0
2025-09-02,22633,12,1.85,true,,190,0
2025-09-03,22633,10,1.85,true,,178,0
2025-09-04,22633,11,1.85,true,,168,0
2025-09-05,22633,12,1.85,true,,157,0
2025-09-06,22633,14,1.85,true,,145,0
2025-09-07,22633,12,1.85,true,,131,0
2025-09-08,22633,9,1.85,true,,119,0
2025-09-09,22633,11,1.85,true,,110,0
2025-09-10,22633,11,1.85,true,,99,0
2025-09-11,22633,11,1.85,true,,88,0
2025-09-12,22633,11,1.85,true,,77,0
2025-09-13,22633,13,1.85,true,,66,164
2025-09-14,22633,13,1.85,true,,217,0
2025-09-15,22633,10,1.85,true,,204,0
2025-09-16,22633,10,1.85,true,,194,0
2025-09-17,22633,12,1.85,true,,184,0
2025-09-18,22633,11,1.85,true,,172,0
2025-09-19,22633,11,1.85,true,,161,0
2025-09-20,22633,15,1.85,true,,150,0
2025-09-21,22633,14,1.85,true,,135,0
2025-09-22,22633,11,1.85,true,,121,0
2025-09-23,22633,11,1.85,true,,110,0
2025-09-24,22633,11,1.85,true,,99,0
2025-09-25,22633,10,1.85,true,,88,0
2025-09-26,22633,12,1.85,true,,78,0
2025-09-27,22633,14,1.85,true,,66,166
2025-09-28,22633,12,1.85,true,,218,0
2025-09-29,22633,10,1.85,true,,206,0
2025-09-30,22633,12,1.85,true,,196,0
2025-10-01,22633,11,1.85,true,,184,0
2025-10-02,22633,11,1.85,true,,173,0
2025-10-03,22633,12,1.85,true,,162,0
2025-10-04,22633,13,1.85,true,,150,0
2025-10-05,22633,14,1.85,true,,137,0
2025-10-06,22633,11,1.85,true,,123,0
2025-10-07,22633,11,1.85,true,,112,0
2025-10-08,22633,11,1.85,true,,101,0
2025-10-09,22633,11,1.85,true,,90,0
2025-10-10,22633,13,1.85,true,,79,0
2025-10-11,22633,14,1.85,true,,66,169
2025-10-12,22633,13,1.85,true,,221,0
2025-10-13,22633,10,1.85,true,,208,0
2025-10-14,22633,12,1.85,true,,198,0
2025-10-15,22633,13,1.85,true,,186,0
2025-10-16,22633,12,1.85,true,,173,0
2025-10-17,22633,14,1.85,true,,161,0
2025-10-18,22633,13,1.85,true,,147,0
2025-10-19,22633,12,1.85,true,,134,0
2025-10-20,22633,12,1.85,true,,122,0
2025-10-21,22633,10,1.85,true,,110,0
2025-10-22,22633,10,1.85,true,,100,0
2025-10-23,22633,11,1.85,true,,90,0
2025-10-24,22633,13,1.85,true,,79,0
2025-10-25,22633,14,1.85,true,,66,173
2025-10-26,22633,13,1.85,true,,225,0
2025-10-27,22633,11,1.85,true,,212,0
2025-10-28,22633,11,1.85,true,,201,0
2025-10-29,22633,12,1.85,true,,190,0
2025-10-30,22633,11,1.85,true,,178,0
2025-10-31,22633,12,1.85,true,,167,0
2025-11-01,22633,14,1.85,true,,155,0
2025-11-02,22633,14,1.85,true,,141,0
2025-11-03,22633,12,1.85,true,,127,0
2025-11-04,22633,12,1.85,true,,115,0
2025-11-05,22633,13,1.85,true,,103,0
2025-11-06,22633,12,1.85,true,,90,0
2025-11-07,22633,12,1.85,true,,78,0
2025-11-08,22633,14,1.85,true,,66,171
2025-11-09,22633,13,1.85,true,,223,0
2025-11-10,22633,11,1.85,true,,210,0
2025-11-11,22633,12,1.85,true,,199,0
2025-11-12,22633,12,1.85,true,,187,0
2025-11-13,22633,11,1.85,true,,175,0
2025-11-14,22633,12,1.85,true,,164,0
2025-11-15,22633,14,1.85,true,,152,0
2025-11-16,22633,13,1.85,true,,138,0
2025-11-17,22633,12,1.85,true,,125,0
2025-11-18,22633,12,1.85,true,,113,0
2025-11-19,22633,12,1.85,true,,101,0
2025-11-20,22633,11,1.85,true,,89,0
2025-11-21,22633,12,1.85,true,,78,0
2025-11-22,22633,15,1.85,true,,66,175
2025-11-23,22633,15,1.85,true,,226,0
2025-11-24,22633,11,1.85,true,,211,0
2025-11-25,22633,12,1.85,true,,200,0
2025-11-26,22633,12,1.85,true,,188,0
2025-11-27,22633,13,1.85,true,,176,0
2025-11-28,22633,13,1.85,true,,163,0
2025-11-29,22633,14,1.85,true,,150,0
2025-11-30,22633,13,1.85,true,,136,0
2025-12-01,22633,10,1.85,true,,123,0
2025-12-02,22633,10,1.85,true,,113,0
2025-12-03,22633,13,1.85,true,,103,0
2025-12-04,22633,12,1.85,true,,90,0
2025-12-05,22633,12,1.85,true,,78,0
2025-12-06,22633,14,1.85,true,,66,175
2025-12-07,22633,14,1.85,true,,227,0
2025-12-08,22633,11,1.85,true,,213,0
2025-12-09,22633,12,1.85,true,,202,0
2025-12-10,22633,12,1.85,true,,190,0
2025-12-11,22633,11,1.85,true,,178,0
2025-12-12,22633,12,1.85,true,,167,0
2025-12-13,22633,15,1.85,true,,155,0
2025-12-14,22633,15,1.85,true,,140,0
2025-12-15,22633,11,1.85,true,,125,0
2025-12-16,22633,12,1.85,true,,114,0
2025-12-17,22633,11,1.85,true,,102,0
2025-12-18,22633,12,1.85,true,,91,0
2025-12-19,22633,13,1.85,true,,79,0
2025-12-20,22633,15,1.85,true,,66,175
2025-12-21,22633,14,1.85,true,,226,0
2025-12-22,22633,12,1.85,true,,212,0
2025-12-23,22633,11,1.85,true,,200,0
2025-12-24,22633,11,1.85,true,,189,0
2025-12-25,22633,13,1.85,true,,178,0
2025-12-26,22633,13,1.85,true,,165,0
2025-12-27,22633,16,1.85,true,,152,0
2025-12-28,22633,13,1.85,true,,136,0
2025-12-29,22633,10,1.85,true,,123,0
2025-12-30,22633,11,1.85,true,,113,0
2025-12-31,22633,11,1.85,true,,102,0
2026-01-01,22633,11,1.85,true,,91,0
2026-01-02,22633,14,1.85,true,,80,0
2026-01-03,22633,14,1.85,true,,66,174
2026-01-04,22633,13,1.85,true,,226,0
2026-01-05,22633,11,1.85,true,,213,0
2026-01-06,22633,10,1.85,true,,202,0
2026-01-07,22633,12,1.85,true,,192,0
2026-01-08,22633,12,1.85,true,,180,0
2026-01-09,22633,13,1.85,true,,168,0
2026-01-10,22633,14,1.85,true,,155,0
2026-01-11,22633,13,1.85,true,,141,0
2026-01-12,22633,12,1.85,true,,128,0
2026-01-13,22633,12,1.85,true,,116,0
2026-01-14,22633,12,1.85,true,,104,0
2026-01-15,22633,12,1.85,true,,92,0
2026-01-16,22633,14,1.85,true,,80,0
2026-01-17,22633,15,1.85,true,,66,169
2026-01-18,22633,13,1.85,true,,220,0
2026-01-19,22633,11,1.85,true,,207,0
2026-01-20,22633,10,1.85,true,,196,0
2026-01-21,22633,11,1.85,true,,186,0
2026-01-22,22633,13,1.85,true,,175,0
2026-01-23,22633,12,1.85,true,,162,0
2026-01-24,22633,14,1.85,true,,150,0
2026-01-25,22633,13,1.85,true,,136,0
2026-01-26,22633,12,1.85,true,,123,0
2026-01-27,22633,10,1.85,true,,111,0
2026-01-28,22633,12,1.85,true,,101,0
2026-01-29,22633,11,1.85,true,,89,0
2026-01-30,22633,12,1.85,true,,78,0
2026-01-31,22633,14,1.85,true,,66,174
2026-02-01,22633,13,1.85,true,,226,0
2026-02-02,22633,11,1.85,true,,213,0
2026-02-03,22633,12,1.85,true,,202,0
2026-02-04,22633,12,1.85,true,,190,0
2026-02-05,22633,12,1.85,true,,178,0
2026-02-06,22633,13,1.85,true,,166,0
2026-02-07,22633,14,1.85,true,,153,0
2026-02-08,22633,14,1.85,true,,139,0
2026-02-09,22633,11,1.85,true,,125,0
2026-02-10,22633,12,1.85,true,,114,0
2026-02-11,22633,12,1.85,true,,102,0
2026-02-12,22633,12,1.85,true,,90,0
2026-02-13,22633,12,1.85,true,,78,0
2026-02-14,22633,14,1.85,true,,66,171
2026-02-15,22633,14,1.85,true,,223,0
2026-02-16,22633,9,1.85,true,,209,0
2026-02-17,22633,10,1.85,true,,200,0
2026-02-18,22633,11,1.85,true,,190,0
2026-02-19,22633,13,1.85,true,,179,0
2026-02-20,22633,14,1.85,true,,166,0
2026-02-21,22633,15,1.85,true,,152,0
2026-02-22,22633,14,1.85,true,,137,0
2026-02-23,22633,11,1.85,true,,123,0
2026-02-24,22633,11,1.85,true,,112,0
2026-02-25,22633,12,1.85,true,,101,0
2026-02-26,22633,11,1.85,true,,89,0
2026-02-27,22633,12,1.85,true,,78,0
2026-02-28,22633,15,1.85,true,,66,167
2026-03-01,22633,13,1.85,true,,218,0
2026-03-02,22633,12,1.85,true,,205,0
2026-03-03,22633,10,1.85,true,,193,0
2026-03-04,22633,12,1.85,true,,183,0
2026-03-05,22633,10,1.85,true,,171,0
2026-03-06,22633,13,1.85,true,,161,0
2026-03-07,22633,13,1.85,true,,148,0
2026-03-08,22633,14,1.85,true,,135,0
2026-03-09,22633,10,1.85,true,,121,0
2026-03-10,22633,11,1.85,true,,111,0
2026-03-11,22633,10,1.85,true,,100,0
2026-03-12,22633,12,1.85,true,,90,0
2026-03-13,22633,12,1.85,true,,78,0
2026-03-14,22633,13,1.85,true,,66,167
2026-03-15,22633,14,1.85,true,,220,0
2026-03-16,22633,11,1.85,true,,206,0
2026-03-17,22633,11,1.85,true,,195,0
2026-03-18,22633,11,1.85,true,,184,0
2026-03-19,22633,11,1.85,true,,173,0
2026-03-20,22633,13,1.85,true,,162,0
2026-03-21,22633,15,1.85,true,,149,0
2026-03-22,22633,13,1.85,true,,134,0
2026-03-23,22633,10,1.85,true,,121,0
2026-03-24,22633,10,1.85,true,,111,0
2026-03-25,22633,11,1.85,true,,101,0
2026-03-26,22633,12,1.85,true,,90,0
2026-03-27,22633,12,1.85,true,,78,0
2026-03-28,22633,15,1.85,true,,66,164
2026-03-29,22633,12,1.85,true,,215,0
2026-03-30,22633,10,1.85,true,,203,0
2026-03-31,22633,9,1.85,true,,193,0
2026-04-01,22633,11,1.85,true,,184,0
2026-04-02,22633,11,1.85,true,,173,0
2026-04-03,22633,13,1.85,true,,162,0
2026-04-04,22633,14,1.85,true,,149,0
2026-04-05,22633,12,1.85,true,,135,0
2026-04-06,22633,11,1.85,true,,123,0
2026-04-07,22633,12,1.85,true,,112,0
2026-04-08,22633,11,1.85,true,,100,0
2026-04-09,22633,12,1.85,true,,89,0
2026-04-10,22633,11,1.85,true,,77,0
2026-04-11,22633,12,1.85,true,,66,151
2026-04-12,22633,13,1.85,true,,205,0
2026-04-13,22633,10,1.85,true,,192,0
2026-04-14,22633,9,1.85,true,,182,0
2026-04-15,22633,10,1.85,true,,173,0
2026-04-16,22633,10,1.85,true,,163,0
2026-04-17,22633,10,1.85,true,,153,0
2026-04-18,22633,14,1.85,true,,143,0
2026-04-19,22633,12,1.85,true,,129,0
2026-04-20,22633,10,1.85,true,,117,0
2026-04-21,22633,10,1.85,true,,107,0
2026-04-22,22633,10,1.85,true,,97,0
2026-04-23,22633,10,1.85,true,,87,0
2026-04-24,22633,11,1.85,true,,77,0
2026-04-25,22633,14,1.85,true,,66,156
2026-04-26,22633,12,1.85,true,,208,0
2026-04-27,22633,9,1.85,true,,196,0
2026-04-28,22633,9,1.85,true,,187,0
2026-04-29,22633,12,1.85,true,,178,0
2026-04-30,22633,12,1.85,true,,166,0
2026-05-01,22633,11,1.85,true,,154,0
2026-05-02,22633,14,1.85,true,,143,0
2026-05-03,22633,13,1.85,true,,129,0
2026-05-04,22633,9,1.85,true,,116,0
2026-05-05,22633,9,1.85,true,,107,0
2026-05-06,22633,10,1.85,true,,98,0
2026-05-07,22633,10,1.85,true,,88,0
2026-05-08,22633,12,1.85,true,,78,0
2026-05-09,22633,13,1.85,true,,66,151
2026-05-10,22633,12,1.85,true,,204,0
2026-05-11,22633,8,1.85,true,,192,0
2026-05-12,22633,10,1.85,true,,184,0
2026-05-13,22633,10,1.85,true,,174,0
2026-05-14,22633,10,1.85,true,,164,0
2026-05-15,22633,11,1.85,true,,154,0
2026-05-16,22633,12,1.85,true,,143,0
2026-05-17,22633,12,1.85,true,,131,0
2026-05-18,22633,10,1.85,true,,119,0
2026-05-19,22633,11,1.85,true,,109,0
2026-05-20,22633,11,1.85,true,,98,0
2026-05-21,22633,10,1.85,true,,87,0
2026-05-22,22633,11,1.85,true,,77,0
2026-05-23,22633,12,1.85,true,,66,150
2026-05-24,22633,13,1.85,true,,204,0
2026-05-25,22633,9,1.85,true,,191,0
2026-05-26,22633,9,1.85,true,,182,0
2026-05-27,22633,10,1.85,true,,173,0
2026-05-28,22633,11,1.85,true,,163,0
2026-05-29,22633,12,1.85,true,,152,0
2026-05-30,22633,13,1.85,true,,140,0
2026-05-31,22633,11,1.85,true,,127,0
2026-06-01,22633,10,1.85,true,,116,0
2026-06-02,22633,9,1.85,true,,106,0
2026-06-03,22633,10,1.85,true,,97,0
2026-06-04,22633,11,1.85,true,,87,0
2026-06-05,22633,10,1.85,true,,76,0
2026-06-06,22633,14,1.85,true,,66,156
2026-06-07,22633,13,1.85,true,,208,0
2026-06-08,22633,8,1.85,true,,195,0
2026-06-09,22633,10,1.85,true,,187,0
2026-06-10,22633,11,1.85,true,,177,0
2026-06-11,22633,10,1.85,true,,166,0
2026-06-12,22633,12,1.85,true,,156,0
2026-06-13,22633,13,1.85,true,,144,0
2026-06-14,22633,12,1.85,true,,131,0
2026-06-15,22633,10,1.85,true,,119,0
2026-06-16,22633,11,1.85,true,,109,0
2026-06-17,22633,10,1.85,true,,98,0
2026-06-18,22633,11,1.85,true,,88,0
2026-06-19,22633,11,1.85,true,,77,0
2026-06-20,22633,13,1.85,true,,66,153
2026-06-21,22633,12,1.85,true,,206,0
2026-06-22,22633,9,1.85,true,,194,0
2026-06-23,22633,9,1.85,true,,185,0
2026-06-24,22633,10,1.85,true,,176,0
2026-06-25,22633,10,1.85,true,,166,0
2026-06-26,22633,11,1.85,true,,156,0
2026-06-27,22633,12,1.85,true,,145,0
2026-06-28,22633,11,1.85,true,,133,0
2026-06-29,22633,11,1.85,true,,122,0
2026-06-30,22633,10,1.85,true,,111,0
2026-07-01,22633,11,1.85,true,,101,0
2026-07-02,22633,12,1.85,true,,90,0
2026-07-03,22633,12,1.85,true,,78,0
2026-07-04,22633,14,1.85,true,,66,153
2026-07-05,22633,13,1.85,true,,205,0
2026-07-06,22633,8,1.85,true,,192,0
2026-07-07,22633,10,1.85,true,,184,0
2026-07-08,22633,10,1.85,true,,174,0
2026-07-09,22633,10,1.85,true,,164,0
2026-07-10,22633,10,1.85,true,,154,0
2026-07-11,22633,13,1.85,true,,144,0
2026-07-12,22633,13,1.85,true,,131,0
2026-07-13,22633,9,1.85,true,,118,0
2026-07-14,22633,11,1.85,true,,109,0
2026-07-15,22633,10,1.85,true,,98,0
2026-07-16,22633,10,1.85,true,,88,0
2026-07-17,22633,12,1.85,true,,78,0
2026-07-18,22633,13,1.85,true,,66,152
2026-07-19,22633,12,1.85,true,,205,0
2026-07-20,22633,9,1.85,true,,193,0
2026-07-21,22633,9,1.85,true,,184,0
2026-07-22,22633,11,1.85,true,,175,0
2026-07-23,22633,10,1.85,true,,164,0
2026-07-24,22633,12,1.85,true,,154,0
2026-07-25,22633,12,1.85,true,,142,0
2026-07-26,22633,11,1.85,true,,130,0
2026-07-27,22633,9,1.85,true,,119,0
2026-07-28,22633,10,1.85,true,,110,0
2026-07-29,22633,11,1.85,true,,100,0
2026-07-30,22633,11,1.85,true,,89,0
2026-07-31,22633,12,1.85,true,,78,0
2026-08-01,22633,14,1.85,true,,66,158
2026-08-02,22633,12,1.85,true,,210,0
2026-08-03,22633,11,1.85,true,,198,0
2026-08-04,22633,10,1.85,true,,187,0
2026-08-05,22633,11,1.85,true,,177,0
2026-08-06,22633,10,1.85,true,,166,0
2026-08-07,22633,12,1.85,true,,156,0
2026-08-08,22633,14,1.85,true,,144,0
2026-08-09,22633,13,1.85,true,,130,0
2026-08-10,22633,9,1.85,true,,117,0
2026-08-11,22633,9,1.85,true,,108,0
2026-08-12,22633,12,1.85,true,,99,0
2026-08-13,22633,10,1.85,true,,87,0
2026-08-14,22633,11,1.85,true,,77,0
2026-08-15,22633,14,1.85,true,,66,108
2026-08-16,22633,12,1.85,true,,160,0
2026-08-17,22633,10,1.85,true,,148,0
2026-08-18,22633,11,1.85,true,,138,0
2026-08-19,22633,10,1.85,true,,127,0
2026-08-20,22633,12,1.85,true,,117,0
2026-08-21,22633,11,1.85,true,,105,0
2026-08-22,22633,14,1.85,true,,94,0
2026-08-23,22633,14,1.85,true,,80,0
2026-08-24,22633,11,1.85,true,,66,185
2026-08-25,22633,11,1.85,true,,240,0
2026-08-26,22633,11,1.85,true,,229,0
2026-08-27,22633,12,1.85,true,,218,0
2026-08-28,22633,11,1.85,true,,206,0
2026-08-29,22633,14,1.85,true,,195,0
2026-08-30,22633,12,1.85,true,,181,0
2026-08-31,22633,10,1.85,true,,169,0
2026-09-01,22633,11,1.85,true,,159,0
2026-09-02,22633,10,1.85,true,,148,0
2026-09-03,22633,11,1.85,true,,138,0
2026-09-04,22633,13,1.85,true,,127,0
2026-09-05,22633,14,1.85,true,,114,0
2026-09-06,22633,13,1.85,true,,100,0
2026-09-07,22633,11,1.85,true,,87,0
2026-09-08,22633,10,1.85,true,,76,0
2026-09-09,22633,12,1.85,true,,66,0
2026-09-10,22633,13,1.85,true,,54,0
2026-09-11,22633,13,1.85,true,,41,0
2026-09-12,22633,15,1.85,true,,28,0
2026-09-13,22633,13,1.85,true,,13,0
2024-09-14,22632,20,1.85,true,,493,0
2024-09-15,22632,21,1.85,true,,473,0
2024-09-16,22632,17,1.85,true,,452,0
2024-09-17,22632,17,1.85,true,,435,0
2024-09-18,22632,16,1.85,true,,418,0
2024-09-19,22632,17,1.85,true,,402,0
2024-09-20,22632,20,1.85,true,,385,0
2024-09-21,22632,21,1.85,true,,365,0
2024-09-22,22632,20,1.85,true,,344,0
2024-09-23,22632,16,1.85,true,,324,0
2024-09-24,22632,16,1.85,true,,308,0
2024-09-25,22632,16,1.85,true,,292,0
2024-09-26,22632,16,1.85,true,,276,0
2024-09-27,22632,20,1.85,true,,260,0
2024-09-28,22632,20,1.85,true,,240,0
2024-09-29,22632,20,1.85,true,,220,0
2024-09-30,22632,17,1.85,true,,200,0
2024-10-01,22632,17,1.85,true,,183,0
2024-10-02,22632,17,1.85,true,,166,0
2024-10-03,22632,19,1.85,true,,149,0
2024-10-04,22632,18,1.85,true,,130,0
2024-10-05,22632,21,1.85,true,,112,0
2024-10-06,22632,20,1.85,true,,91,0
2024-10-07,22632,15,1.85,true,,71,268
2024-10-08,22632,15,1.85,true,,324,0
2024-10-09,22632,18,1.85,true,,309,0
2024-10-10,22632,18,1.85,true,,291,0
2024-10-11,22632,19,1.85,true,,273,0
2024-10-12,22632,20,1.85,true,,254,0
2024-10-13,22632,19,1.85,true,,234,0
2024-10-14,22632,17,1.85,true,,215,0
2024-10-15,22632,17,1.85,true,,198,0
2024-10-16,22632,18,1.85,true,,181,0
2024-10-17,22632,18,1.85,true,,163,0
2024-10-18,22632,20,1.85,true,,145,0
2024-10-19,22632,22,1.85,true,,125,0
2024-10-20,22632,19,1.85,true,,103,0
2024-10-21,22632,15,1.85,true,,84,255
2024-10-22,22632,16,1.85,true,,324,0
2024-10-23,22632,18,1.85,true,,308,0
2024-10-24,22632,17,1.85,true,,290,0
2024-10-25,22632,18,1.85,true,,273,0
2024-10-26,22632,22,1.85,true,,255,0
2024-10-27,22632,21,1.85,true,,233,0
2024-10-28,22632,15,1.85,true,,212,0
2024-10-29,22632,18,1.85,true,,197,0
2024-10-30,22632,16,1.85,true,,179,0
2024-10-31,22632,17,1.85,true,,163,0
2024-11-01,22632,19,1.85,true,,146,0
2024-11-02,22632,22,1.85,true,,127,0
2024-11-03,22632,21,1.85,true,,105,0
2024-11-04,22632,15,1.85,true,,84,255
2024-11-05,22632,17,1.85,true,,324,0
2024-11-06,22632,17,1.85,true,,307,0
2024-11-07,22632,17,1.85,true,,290,0
2024-11-08,22632,20,1.85,true,,273,0
2024-11-09,22632,21,1.85,true,,253,0
2024-11-10,22632,20,1.85,true,,232,0
2024-11-11,22632,17,1.85,true,,212,0
2024-11-12,22632,16,1.85,true,,195,0
2024-11-13,22632,17,1.85,true,,179,0
2024-11-14,22632,19,1.85,true,,162,0
2024-11-15,22632,19,1.85,true,,143,0
2024-11-16,22632,20,1.85,true,,124,0
2024-11-17,22632,20,1.85,true,,104,0
2024-11-18,22632,16,1.85,true,,84,257
2024-11-19,22632,18,1.85,true,,325,0
2024-11-20,22632,17,1.85,true,,307,0
2024-11-21,22632,18,1.85,true,,290,0
2024-11-22,22632,18,1.85,true,,272,0
2024-11-23,22632,21,1.85,true,,254,0
2024-11-24,22632,21,1.85,true,,233,0
2024-11-25,22632,16,1.85,true,,212,0
2024-11-26,22632,17,1.85,true,,196,0
2024-11-27,22632,17,1.85,true,,179,0
2024-11-28,22632,18,1.85,true,,162,0
2024-11-29,22632,18,1.85,true,,144,0
2024-11-30,22632,21,1.85,true,,126,0
2024-12-01,22632,21,1.85,true,,105,0
2024-12-02,22632,15,1.85,true,,84,256
2024-12-03,22632,17,1.85,true,,325,0
2024-12-04,22632,17,1.85,true,,308,0
2024-12-05,22632,19,1.85,true,,291,0
2024-12-06,22632,20,1.85,true,,272,0
2024-12-07,22632,20,1.85,true,,252,0
2024-12-08,22632,21,1.85,true,,232,0
2024-12-09,22632,17,1.85,true,,211,0
2024-12-10,22632,15,1.85,true,,194,0
2024-12-11,22632,16,1.85,true,,179,0
2024-12-12,22632,17,1.85,true,,163,0
2024-12-13,22632,19,1.85,true,,146,0
2024-12-14,22632,22,1.85,true,,127,0
2024-12-15,22632,21,1.85,true,,105,0
2024-12-16,22632,17,1.85,true,,84,252
2024-12-17,22632,16,1.85,true,,319,0
2024-12-18,22632,17,1.85,true,,303,0
2024-12-19,22632,18,1.85,true,,286,0
2024-12-20,22632,18,1.85,true,,268,0
2024-12-21,22632,21,1.85,true,,250,0
2024-12-22,22632,21,1.85,true,,229,0
2024-12-23,22632,15,1.85,true,,208,0
2024-12-24,22632,18,1.85,true,,193,0
2024-12-25,22632,16,1.85,true,,175,0
2024-12-26,22632,16,1.85,true,,159,0
2024-12-27,22632,18,1.85,true,,143,0
2024-12-28,22632,22,1.85,true,,125,0
2024-12-29,22632,19,1.85,true,,103,0
2024-12-30,22632,16,1.85,true,,84,249
2024-12-31,22632,15,1.85,true,,317,0
2025-01-01,22632,17,1.85,true,,302,0
2025-01-02,22632,17,1.85,true,,285,0
2025-01-03,22632,18,1.85,true,,268,0
2025-01-04,22632,21,1.85,true,,250,0
2025-01-05,22632,21,1.85,true,,229,0
2025-01-06,22632,16,1.85,true,,208,0
2025-01-07,22632,16,1.85,true,,192,0
2025-01-08,22632,17,1.85,true,,176,0
2025-01-09,22632,18,1.85,true,,159,0
2025-01-10,22632,18,1.85,true,,141,0
2025-01-11,22632,20,1.85,true,,123,0
2025-01-12,22632,19,1.85,true,,103,0
2025-01-13,22632,15,1.85,true,,84,244
2025-01-14,22632,15,1.85,true,,313,0
2025-01-15,22632,15,1.85,true,,298,0
2025-01-16,22632,16,1.85,true,,283,0
2025-01-17,22632,18,1.85,true,,267,0
2025-01-18,22632,21,1.85,true,,249,0
2025-01-19,22632,20,1.85,true,,228,0
2025-01-20,22632,16,1.85,true,,208,0
2025-01-21,22632,17,1.85,true,,192,0
2025-01-22,22632,16,1.85,true,,175,0
2025-01-23,22632,17,1.85,true,,159,0
2025-01-24,22632,18,1.85,true,,142,0
2025-01-25,22632,20,1.85,true,,124,0
2025-01-26,22632,20,1.85,true,,104,0
2025-01-27,22632,15,1.85,true,,84,244
2025-01-28,22632,17,1.85,true,,313,0
2025-01-29,22632,17,1.85,true,,296,0
2025-01-30,22632,16,1.85,true,,279,0
2025-01-31,22632,17,1.85,true,,263,0
2025-02-01,22632,21,1.85,true,,246,0
2025-02-02,22632,19,1.85,true,,225,0
2025-02-03,22632,16,1.85,true,,206,0
2025-02-04,22632,15,1.85,true,,190,0
2025-02-05,22632,16,1.85,true,,175,0
2025-02-06,22632,17,1.85,true,,159,0
2025-02-07,22632,18,1.85,true,,142,0
2025-02-08,22632,21,1.85,true,,124,0
2025-02-09,22632,19,1.85,true,,103,0
2025-02-10,22632,16,1.85,true,,84,239
2025-02-11,22632,15,1.85,true,,307,0
2025-02-12,22632,16,1.85,true,,292,0
2025-02-13,22632,17,1.85,true,,276,0
2025-02-14,22632,19,1.85,true,,259,0
2025-02-15,22632,20,1.85,true,,240,0
2025-02-16,22632,18,1.85,true,,220,0
2025-02-17,22632,16,1.85,true,,202,0
2025-02-18,22632,16,1.85,true,,186,0
2025-02-19,22632,17,1.85,true,,170,0
2025-02-20,22632,15,1.85,true,,153,0
2025-02-21,22632,16,1.85,true,,138,0
2025-02-22,22632,19,1.85,true,,122,0
2025-02-23,22632,19,1.85,true,,103,0
2025-02-24,22632,14,1.85,true,,84,0
2025-02-25,22632,14,1.85,true,,70,244
2025-02-26,22632,15,1.85,true,,300,0
2025-02-27,22632,16,1.85,true,,285,0
2025-02-28,22632,17,1.85,true,,269,0
2025-03-01,22632,19,1.85,true,,252,0
2025-03-02,22632,18,1.85,true,,233,0
2025-03-03,22632,13,1.85,true,,215,0
2025-03-04,22632,16,1.85,true,,202,0
2025-03-05,22632,17,1.85,true,,186,0
2025-03-06,22632,17,1.85,true,,169,0
2025-03-07,22632,18,1.85,true,,152,0
2025-03-08,22632,19,1.85,true,,134,0
2025-03-09,22632,17,1.85,true,,115,0
2025-03-10,22632,14,1.85,true,,98,0
2025-03-11,22632,16,1.85,true,,84,225
2025-03-12,22632,14,1.85,true,,293,0
2025-03-13,22632,15,1.85,true,,279,0
2025-03-14,22632,18,1.85,true,,264,0
2025-03-15,22632,19,1.85,true,,246,0
2025-03-16,22632,18,1.85,true,,227,0
2025-03-17,22632,15,1.85,true,,209,0
2025-03-18,22632,14,1.85,true,,194,0
2025-03-19,22632,15,1.85,true,,180,0
2025-03-20,22632,15,1.85,true,,165,0
2025-03-21,22632,16,1.85,true,,150,0
2025-03-22,22632,18,1.85,true,,134,0
2025-03-23,22632,18,1.85,true,,116,0
2025-03-24,22632,14,1.85,true,,98,0
2025-03-25,22632,15,1.85,true,,84,222
2025-03-26,22632,15,1.85,true,,291,0
2025-03-27,22632,15,1.85,true,,276,0
2025-03-28,22632,16,1.85,true,,261,0
2025-03-29,22632,18,1.85,true,,245,0
2025-03-30,22632,18,1.85,true,,227,0
2025-03-31,22632,14,1.85,true,,209,0
2025-04-01,22632,15,1.85,true,,195,0
2025-04-02,22632,16,1.85,true,,180,0
2025-04-03,22632,15,1.85,true,,164,0
2025-04-04,22632,17,1.85,true,,149,0
2025-04-05,22632,18,1.85,true,,132,0
2025-04-06,22632,16,1.85,true,,114,0
2025-04-07,22632,14,1.85,true,,98,0
2025-04-08,22632,14,1.85,true,,84,0
2025-04-09,22632,14,1.85,true,,70,230
2025-04-10,22632,15,1.85,true,,286,0
2025-04-11,22632,16,1.85,true,,271,0
2025-04-12,22632,17,1.85,true,,255,0
2025-04-13,22632,16,1.85,true,,238,0
2025-04-14,22632,14,1.85,true,,222,0
2025-04-15,22632,13,1.85,true,,208,0
2025-04-16,22632,14,1.85,true,,195,0
2025-04-17,22632,15,1.85,true,,181,0
2025-04-18,22632,17,1.85,true,,166,0
2025-04-19,22632,19,1.85,true,,149,0
2025-04-20,22632,18,1.85,true,,130,0
2025-04-21,22632,15,1.85,true,,112,0
2025-04-22,22632,13,1.85,true,,97,0
2025-04-23,22632,13,1.85,true,,84,0
2025-04-24,22632,14,1.85,true,,71,225
2025-04-25,22632,16,1.85,true,,282,0
2025-04-26,22632,17,1.85,true,,266,0
2025-04-27,22632,17,1.85,true,,249,0
2025-04-28,22632,14,1.85,true,,232,0
2025-04-29,22632,13,1.85,true,,218,0
2025-04-30,22632,15,1.85,true,,205,0
2025-05-01,22632,15,1.85,true,,190,0
2025-05-02,22632,16,1.85,true,,175,0
2025-05-03,22632,19,1.85,true,,159,0
2025-05-04,22632,17,1.85,true,,140,0
2025-05-05,22632,14,1.85,true,,123,0
2025-05-06,22632,12,1.85,true,,109,0
2025-05-07,22632,13,1.85,true,,97,0
2025-05-08,22632,16,1.85,true,,84,207
2025-05-09,22632,16,1.85,true,,275,0
2025-05-10,22632,16,1.85,true,,259,0
2025-05-11,22632,17,1.85,true,,243,0
2025-05-12,22632,14,1.85,true,,226,0
2025-05-13,22632,14,1.85,true,,212,0
2025-05-14,22632,13,1.85,true,,198,0
2025-05-15,22632,15,1.85,true,,185,0
2025-05-16,22632,14,1.85,true,,170,0
2025-05-17,22632,17,1.85,true,,156,0
2025-05-18,22632,16,1.85,true,,139,0
2025-05-19,22632,13,1.85,true,,123,0
2025-05-20,22632,12,1.85,true,,110,0
2025-05-21,22632,14,1.85,true,,98,0
2025-05-22,22632,14,1.85,true,,84,0
2025-05-23,22632,15,1.85,true,,70,220
2025-05-24,22632,17,1.85,true,,275,0
2025-05-25,22632,16,1.85,true,,258,0
2025-05-26,22632,13,1.85,true,,242,0
2025-05-27,22632,13,1.85,true,,229,0
2025-05-28,22632,13,1.85,true,,216,0
2025-05-29,22632,15,1.85,true,,203,0
2025-05-30,22632,16,1.85,true,,188,0
2025-05-31,22632,17,1.85,true,,172,0
2025-06-01,22632,17,1.85,true,,155,0
2025-06-02,22632,12,1.85,true,,138,0
2025-06-03,22632,13,1.85,true,,126,0
2025-06-04,22632,15,1.85,true,,113,0
2025-06-05,22632,14,1.85,true,,98,0
2025-06-06,22632,14,1.85,true,,84,0
2025-06-07,22632,18,1.85,true,,70,219
2025-06-08,22632,16,1.85,true,,271,0
2025-06-09,22632,13,1.85,true,,255,0
2025-06-10,22632,13,1.85,true,,242,0
2025-06-11,22632,14,1.85,true,,229,0
2025-06-12,22632,14,1.85,true,,215,0
2025-06-13,22632,15,1.85,true,,201,0
2025-06-14,22632,18,1.85,true,,186,0
2025-06-15,22632,16,1.85,true,,168,0
2025-06-16,22632,13,1.85,true,,152,0
2025-06-17,22632,13,1.85,true,,139,0
2025-06-18,22632,14,1.85,true,,126,0
2025-06-19,22632,13,1.85,true,,112,0
2025-06-20,22632,15,1.85,true,,99,0
2025-06-21,22632,17,1.85,true,,84,199
2025-06-22,22632,16,1.85,true,,266,0
2025-06-23,22632,12,1.85,true,,250,0
2025-06-24,22632,12,1.85,true,,238,0
2025-06-25,22632,12,1.85,true,,226,0
2025-06-26,22632,14,1.85,true,,214,0
2025-06-27,22632,15,1.85,true,,200,0
2025-06-28,22632,18,1.85,true,,185,0
2025-06-29,22632,16,1.85,true,,167,0
2025-06-30,22632,14,1.85,true,,151,0
2025-07-01,22632,13,1.85,true,,137,0
2025-07-02,22632,13,1.85,true,,124,0
2025-07-03,22632,13,1.85,true,,111,0
2025-07-04,22632,14,1.85,true,,98,0
2025-07-05,22632,17,1.85,true,,84,200
2025-07-06,22632,16,1.85,true,,267,0
2025-07-07,22632,14,1.85,true,,251,0
2025-07-08,22632,13,1.85,true,,237,0
2025-07-09,22632,13,1.85,true,,224,0
2025-07-10,22632,13,1.85,true,,211,0
2025-07-11,22632,16,1.85,true,,198,0
2025-07-12,22632,17,1.85,true,,182,0
2025-07-13,22632,16,1.85,true,,165,0
2025-07-14,22632,12,1.85,true,,149,0
2025-07-15,22632,12,1.85,true,,137,0
2025-07-16,22632,13,1.85,true,,125,0
2025-07-17,22632,14,1.85,true,,112,0
2025-07-18,22632,14,1.85,true,,98,0
2025-07-19,22632,17,1.85,true,,84,203
2025-07-20,22632,17,1.85,true,,270,0
2025-07-21,22632,13,1.85,true,,253,0
2025-07-22,22632,13,1.85,true,,240,0
2025-07-23,22632,13,1.85,true,,227,0
2025-07-24,22632,14,1.85,true,,214,0
2025-07-25,22632,14,1.85,true,,200,0
2025-07-26,22632,16,1.85,true,,186,0
2025-07-27,22632,15,1.85,true,,170,0
2025-07-28,22632,14,1.85,true,,155,0
2025-07-29,22632,13,1.85,true,,141,0
2025-07-30,22632,14,1.85,true,,128,0
2025-07-31,22632,14,1.85,true,,114,0
2025-08-01,22632,16,1.85,true,,100,0
2025-08-02,22632,18,1.85,true,,84,201
2025-08-03,22632,15,1.85,true,,267,0
2025-08-04,22632,13,1.85,true,,252,0
2025-08-05,22632,13,1.85,true,,239,0
2025-08-06,22632,14,1.85,true,,226,0
2025-08-07,22632,14,1.85,true,,212,0
2025-08-08,22632,15,1.85,true,,198,0
2025-08-09,22632,18,1.85,true,,183,0
2025-08-10,22632,15,1.85,true,,165,0
2025-08-11,22632,12,1.85,true,,150,0
2025-08-12,22632,12,1.85,true,,138,0
2025-08-13,22632,14,1.85,true,,126,0
2025-08-14,22632,14,1.85,true,,112,0
2025-08-15,22632,14,1.85,true,,98,0
2025-08-16,22632,18,1.85,true,,84,207
2025-08-17,22632,15,1.85,true,,273,0
2025-08-18,22632,13,1.85,true,,258,0
2025-08-19,22632,14,1.85,true,,245,0
2025-08-20,22632,15,1.85,true,,231,0
2025-08-21,22632,13,1.85,true,,216,0
2025-08-22,22632,15,1.85,true,,203,0
2025-08-23,22632,17,1.85,true,,188,0
2025-08-24,22632,17,1.85,true,,171,0
2025-08-25,22632,14,1.85,true,,154,0
2025-08-26,22632,14,1.85,true,,140,0
2025-08-27,22632,13,1.85,true,,126,0
2025-08-28,22632,13,1.85,true,,113,0
2025-08-29,22632,16,1.85,true,,100,0
2025-08-30,22632,18,1.85,true,,84,203
2025-08-31,22632,16,1.85,true,,269,0
2025-09-01,22632,13,1.85,true,,253,0
2025-09-02,22632,14,1.85,true,,240,0
2025-09-03,22632,13,1.85,true,,226,0
2025-09-04,22632,14,1.85,true,,213,0
2025-09-05,22632,15,1.85,true,,199,0
2025-09-06,22632,16,1.85,true,,184,0
2025-09-07,22632,16,1.85,true,,168,0
2025-09-08,22632,13,1.85,true,,152,0
2025-09-09,22632,13,1.85,true,,139,0
2025-09-10,22632,13,1.85,true,,126,0
2025-09-11,22632,13,1.85,true,,113,0
2025-09-12,22632,16,1.85,true,,100,0
2025-09-13,22632,17,1.85,true,,84,206
2025-09-14,22632,15,1.85,true,,273,0
2025-09-15,22632,14,1.85,true,,258,0
2025-09-16,22632,14,1.85,true,,244,0
2025-09-17,22632,13,1.85,true,,230,0
2025-09-18,22632,15,1.85,true,,217,0
2025-09-19,22632,16,1.85,true,,202,0
2025-09-20,22632,17,1.85,true,,186,0
2025-09-21,22632,17,1.85,true,,169,0
2025-09-22,22632,14,1.85,true,,152,0
2025-09-23,22632,12,1.85,true,,138,0
2025-09-24,22632,13,1.85,true,,126,0
2025-09-25,22632,14,1.85,true,,113,0
2025-09-26,22632,15,1.85,true,,99,0
2025-09-27,22632,17,1.85,true,,84,210
2025-09-28,22632,17,1.85,true,,277,0
2025-09-29,22632,13,1.85,true,,260,0
2025-09-30,22632,13,1.85,true,,247,0
2025-10-01,22632,13,1.85,true,,234,0
2025-10-02,22632,13,1.85,true,,221,0
2025-10-03,22632,15,1.85,true,,208,0
2025-10-04,22632,18,1.85,true,,193,0
2025-10-05,22632,17,1.85,true,,175,0
2025-10-06,22632,14,1.85,true,,158,0
2025-10-07,22632,15,1.85,true,,144,0
2025-10-08,22632,15,1.85,true,,129,0
2025-10-09,22632,14,1.85,true,,114,0
2025-10-10,22632,16,1.85,true,,100,0
2025-10-11,22632,16,1.85,true,,84,207
2025-10-12,22632,15,1.85,true,,275,0
2025-10-13,22632,13,1.85,true,,260,0
2025-10-14,22632,15,1.85,true,,247,0
2025-10-15,22632,14,1.85,true,,232,0
2025-10-16,22632,15,1.85,true,,218,0
2025-10-17,22632,16,1.85,true,,203,0
2025-10-18,22632,17,1.85,true,,187,0
2025-10-19,22632,17,1.85,true,,170,0
2025-10-20,22632,12,1.85,true,,153,0
2025-10-21,22632,12,1.85,true,,141,0
2025-10-22,22632,15,1.85,true,,129,0
2025-10-23,22632,14,1.85,true,,114,0
2025-10-24,22632,16,1.85,true,,100,0
2025-10-25,22632,17,1.85,true,,84,210
2025-10-26,22632,16,1.85,true,,277,0
2025-10-27,22632,13,1.85,true,,261,0
2025-10-28,22632,13,1.85,true,,248,0
2025-10-29,22632,15,1.85,true,,235,0
2025-10-30,22632,15,1.85,true,,220,0
2025-10-31,22632,15,1.85,true,,205,0
2025-11-01,22632,17,1.85,true,,190,0
2025-11-02,22632,17,1.85,true,,173,0
2025-11-03,22632,14,1.85,true,,156,0
2025-11-04,22632,14,1.85,true,,142,0
2025-11-05,22632,14,1.85,true,,128,0
2025-11-06,22632,14,1.85,true,,114,0
2025-11-07,22632,16,1.85,true,,100,0
2025-11-08,22632,17,1.85,true,,84,210
2025-11-09,22632,17,1.85,true,,277,0
2025-11-10,22632,12,1.85,true,,260,0
2025-11-11,22632,14,1.85,true,,248,0
2025-11-12,22632,14,1.85,true,,234,0
2025-11-13,22632,15,1.85,true,,220,0
2025-11-14,22632,16,1.85,true,,205,0
2025-11-15,22632,17,1.85,true,,189,0
2025-11-16,22632,17,1.85,true,,172,0
2025-11-17,22632,14,1.85,true,,155,0
2025-11-18,22632,13,1.85,true,,141,0
2025-11-19,22632,15,1.85,true,,128,0
2025-11-20,22632,15,1.85,true,,113,0
2025-11-21,22632,14,1.85,true,,98,0
2025-11-22,22632,18,1.85,true,,84,204
2025-11-23,22632,16,1.85,true,,270,0
2025-11-24,22632,14,1.85,true,,254,0
2025-11-25,22632,13,1.85,true,,240,0
2025-11-26,22632,14,1.85,true,,227,0
2025-11-27,22632,14,1.85,true,,213,0
2025-11-28,22632,15,1.85,true,,199,0
2025-11-29,22632,16,1.85,true,,184,0
2025-11-30,22632,16,1.85,true,,168,0
2025-12-01,22632,12,1.85,true,,152,0
2025-12-02,22632,13,1.85,true,,140,0
2025-12-03,22632,14,1.85,true,,127,0
2025-12-04,22632,14,1.85,true,,113,0
2025-12-05,22632,15,1.85,true,,99,0
2025-12-06,22632,18,1.85,true,,84,206
2025-12-07,22632,17,1.85,true,,272,0
2025-12-08,22632,13,1.85,true,,255,0
2025-12-09,22632,14,1.85,true,,242,0
2025-12-10,22632,15,1.85,true,,228,0
2025-12-11,22632,13,1.85,true,,213,0
2025-12-12,22632,16,1.85,true,,200,0
2025-12-13,22632,16,1.85,true,,184,0
2025-12-14,22632,16,1.85,true,,168,0
2025-12-15,22632,12,1.85,true,,152,0
2025-12-16,22632,12,1.85,true,,140,0
2025-12-17,22632,14,1.85,true,,128,0
2025-12-18,22632,14,1.85,true,,114,0
2025-12-19,22632,16,1.85,true,,100,0
2025-12-20,22632,18,1.85,true,,84,207
2025-12-21,22632,17,1.85,true,,273,0
2025-12-22,22632,13,1.85,true,,256,0
2025-12-23,22632,14,1.85,true,,243,0
2025-12-24,22632,15,1.85,true,,229,0
2025-12-25,22632,13,1.85,true,,214,0
2025-12-26,22632,16,1.85,true,,201,0
2025-12-27,22632,17,1.85,true,,185,0
2025-12-28,22632,17,1.85,true,,168,0
2025-12-29,22632,13,1.85,true,,151,0
2025-12-30,22632,12,1.85,true,,138,0
2025-12-31,22632,14,1.85,true,,126,0
2026-01-01,22632,13,1.85,true,,112,0
2026-01-02,22632,15,1.85,true,,99,0
2026-01-03,22632,16,1.85,true,,84,198
2026-01-04,22632,15,1.85,true,,266,0
2026-01-05,22632,12,1.85,true,,251,0
2026-01-06,22632,14,1.85,true,,239,0
2026-01-07,22632,12,1.85,true,,225,0
2026-01-08,22632,15,1.85,true,,213,0
2026-01-09,22632,14,1.85,true,,198,0
2026-01-10,22632,16,1.85,true,,184,0
2026-01-11,22632,15,1.85,true,,168,0
2026-01-12,22632,13,1.85,true,,153,0
2026-01-13,22632,13,1.85,true,,140,0
2026-01-14,22632,14,1.85,true,,127,0
2026-01-15,22632,15,1.85,true,,113,0
2026-01-16,22632,14,1.85,true,,98,0
2026-01-17,22632,16,1.85,true,,84,202
2026-01-18,22632,17,1.85,true,,270,0
2026-01-19,22632,13,1.85,true,,253,0
2026-01-20,22632,14,1.85,true,,240,0
2026-01-21,22632,14,1.85,true,,226,0
2026-01-22,22632,13,1.85,true,,212,0
2026-01-23,22632,15,1.85,true,,199,0
2026-01-24,22632,16,1.85,true,,184,0
2026-01-25,22632,15,1.85,true,,168,0
2026-01-26,22632,14,1.85,true,,153,0
2026-01-27,22632,14,1.85,true,,139,0
2026-01-28,22632,13,1.85,true,,125,0
2026-01-29,22632,14,1.85,true,,112,0
2026-01-30,22632,14,1.85,true,,98,0
2026-01-31,22632,17,1.85,true,,84,196
2026-02-01,22632,17,1.85,true,,263,0
2026-02-02,22632,12,1.85,true,,246,0
2026-02-03,22632,12,1.85,true,,234,0
2026-02-04,22632,14,1.85,true,,222,0
2026-02-05,22632,13,1.85,true,,208,0
2026-02-06,22632,15,1.85,true,,195,0
2026-02-07,22632,17,1.85,true,,180,0
2026-02-08,22632,15,1.85,true,,163,0
2026-02-09,22632,11,1.85,true,,148,0
2026-02-10,22632,13,1.85,true,,137,0
2026-02-11,22632,13,1.85,true,,124,0
2026-02-12,22632,14,1.85,true,,111,0
2026-02-13,22632,13,1.85,true,,97,0
2026-02-14,22632,17,1.85,true,,84,190
2026-02-15,22632,14,1.85,true,,257,0
2026-02-16,22632,11,1.85,true,,243,0
2026-02-17,22632,12,1.85,true,,232,0
2026-02-18,22632,13,1.85,true,,220,0
2026-02-19,22632,13,1.85,true,,207,0
2026-02-20,22632,15,1.85,true,,194,0
2026-02-21,22632,16,1.85,true,,179,0
2026-02-22,22632,14,1.85,true,,163,0
2026-02-23,22632,12,1.85,true,,149,0
2026-02-24,22632,11,1.85,true,,137,0
2026-02-25,22632,13,1.85,true,,126,0
2026-02-26,22632,14,1.85,true,,113,0
2026-02-27,22632,15,1.85,true,,99,0
2026-02-28,22632,16,1.85,true,,84,179
2026-03-01,22632,14,1.85,true,,247,0
2026-03-02,22632,13,1.85,true,,233,0
2026-03-03,22632,11,1.85,true,,220,0
2026-03-04,22632,11,1.85,true,,209,0
2026-03-05,22632,12,1.85,true,,198,0
2026-03-06,22632,14,1.85,true,,186,0
2026-03-07,22632,14,1.85,true,,172,0
2026-03-08,22632,14,1.85,true,,158,0
2026-03-09,22632,12,1.85,true,,144,0
2026-03-10,22632,11,1.85,true,,132,0
2026-03-11,22632,11,1.85,true,,121,0
2026-03-12,22632,13,1.85,true,,110,0
2026-03-13,22632,13,1.85,true,,97,0
2026-03-14,22632,15,1.85,true,,84,174
2026-03-15,22632,15,1.85,true,,243,0
2026-03-16,22632,11,1.85,true,,228,0
2026-03-17,22632,12,1.85,true,,217,0
2026-03-18,22632,11,1.85,true,,205,0
2026-03-19,22632,12,1.85,true,,194,0
2026-03-20,22632,13,1.85,true,,182,0
2026-03-21,22632,14,1.85,true,,169,0
2026-03-22,22632,14,1.85,true,,155,0
2026-03-23,22632,11,1.85,true,,141,0
2026-03-24,22632,11,1.85,true,,130,0
2026-03-25,22632,11,1.85,true,,119,0
2026-03-26,22632,12,1.85,true,,108,0
2026-03-27,22632,12,1.85,true,,96,0
2026-03-28,22632,14,1.85,true,,84,0
2026-03-29,22632,14,1.85,true,,70,189
2026-03-30,22632,12,1.85,true,,245,0
2026-03-31,22632,10,1.85,true,,233,0
2026-04-01,22632,10,1.85,true,,223,0
2026-04-02,22632,13,1.85,true,,213,0
2026-04-03,22632,13,1.85,true,,200,0
2026-04-04,22632,14,1.85,true,,187,0
2026-04-05,22632,15,1.85,true,,173,0
2026-04-06,22632,11,1.85,true,,158,0
2026-04-07,22632,10,1.85,true,,147,0
2026-04-08,22632,13,1.85,true,,137,0
2026-04-09,22632,11,1.85,true,,124,0
2026-04-10,22632,14,1.85,true,,113,0
2026-04-11,22632,15,1.85,true,,99,0
2026-04-12,22632,14,1.85,true,,84,0
2026-04-13,22632,10,1.85,true,,70,184
2026-04-14,22632,12,1.85,true,,244,0
2026-04-15,22632,12,1.85,true,,232,0
2026-04-16,22632,13,1.85,true,,220,0
2026-04-17,22632,13,1.85,true,,207,0
2026-04-18,22632,13,1.85,true,,194,0
2026-04-19,22632,14,1.85,true,,181,0
2026-04-20,22632,10,1.85,true,,167,0
2026-04-21,22632,11,1.85,true,,157,0
2026-04-22,22632,12,1.85,true,,146,0
2026-04-23,22632,11,1.85,true,,134,0
2026-04-24,22632,13,1.85,true,,123,0
2026-04-25,22632,13,1.85,true,,110,0
2026-04-26,22632,13,1.85,true,,97,0
2026-04-27,22632,10,1.85,true,,84,0
2026-04-28,22632,10,1.85,true,,74,178
2026-04-29,22632,12,1.85,true,,242,0
2026-04-30,22632,13,1.85,true,,230,0
2026-05-01,22632,12,1.85,true,,217,0
2026-05-02,22632,13,1.85,true,,205,0
2026-05-03,22632,13,1.85,true,,192,0
2026-05-04,22632,11,1.85,true,,179,0
2026-05-05,22632,10,1.85,true,,168,0
2026-05-06,22632,11,1.85,true,,158,0
2026-05-07,22632,11,1.85,true,,147,0
2026-05-08,22632,13,1.85,true,,136,0
2026-05-09,22632,15,1.85,true,,123,0
2026-05-10,22632,13,1.85,true,,108,0
2026-05-11,22632,11,1.85,true,,95,0
2026-05-12,22632,11,1.85,true,,84,0
2026-05-13,22632,10,1.85,true,,73,174
2026-05-14,22632,11,1.85,true,,237,0
2026-05-15,22632,13,1.85,true,,226,0
2026-05-16,22632,14,1.85,true,,213,0
2026-05-17,22632,12,1.85,true,,199,0
2026-05-18,22632,9,1.85,true,,187,0
2026-05-19,22632,11,1.85,true,,178,0
2026-05-20,22632,11,1.85,true,,167,0
2026-05-21,22632,12,1.85,true,,156,0
2026-05-22,22632,13,1.85,true,,144,0
2026-05-23,22632,12,1.85,true,,131,0
2026-05-24,22632,14,1.85,true,,119,0
2026-05-25,22632,10,1.85,true,,105,0
2026-05-26,22632,11,1.85,true,,95,0
2026-05-27,22632,10,1.85,true,,84,0
2026-05-28,22632,10,1.85,true,,74,166
2026-05-29,22632,12,1.85,true,,230,0
2026-05-30,22632,12,1.85,true,,218,0
2026-05-31,22632,12,1.85,true,,206,0
2026-06-01,22632,10,1.85,true,,194,0
2026-06-02,22632,10,1.85,true,,184,0
2026-06-03,22632,10,1.85,true,,174,0
2026-06-04,22632,11,1.85,true,,164,0
2026-06-05,22632,12,1.85,true,,153,0
2026-06-06,22632,14,1.85,true,,141,0
2026-06-07,22632,13,1.85,true,,127,0
2026-06-08,22632,10,1.85,true,,114,0
2026-06-09,22632,10,1.85,true,,104,0
2026-06-10,22632,10,1.85,true,,94,0
2026-06-11,22632,11,1.85,true,,84,0
2026-06-12,22632,12,1.85,true,,73,168
2026-06-13,22632,14,1.85,true,,229,0
2026-06-14,22632,13,1.85,true,,215,0
2026-06-15,22632,9,1.85,true,,202,0
2026-06-16,22632,10,1.85,true,,193,0
2026-06-17,22632,11,1.85,true,,183,0
2026-06-18,22632,11,1.85,true,,172,0
2026-06-19,22632,12,1.85,true,,161,0
2026-06-20,22632,13,1.85,true,,149,0
2026-06-21,22632,11,1.85,true,,136,0
2026-06-22,22632,10,1.85,true,,125,0
2026-06-23,22632,11,1.85,true,,115,0
2026-06-24,22632,10,1.85,true,,104,0
2026-06-25,22632,10,1.85,true,,94,0
2026-06-26,22632,12,1.85,true,,84,0
2026-06-27,22632,13,1.85,true,,72,169
2026-06-28,22632,13,1.85,true,,228,0
2026-06-29,22632,9,1.85,true,,215,0
2026-06-30,22632,9,1.85,true,,206,0
2026-07-01,22632,12,1.85,true,,197,0
2026-07-02,22632,11,1.85,true,,185,0
2026-07-03,22632,10,1.85,true,,174,0
2026-07-04,22632,14,1.85,true,,164,0
2026-07-05,22632,13,1.85,true,,150,0
2026-07-06,22632,9,1.85,true,,137,0
2026-07-07,22632,10,1.85,true,,128,0
2026-07-08,22632,12,1.85,true,,118,0
2026-07-09,22632,10,1.85,true,,106,0
2026-07-10,22632,12,1.85,true,,96,0
2026-07-11,22632,13,1.85,true,,84,0
2026-07-12,22632,13,1.85,true,,71,167
2026-07-13,22632,8,1.85,true,,225,0
2026-07-14,22632,10,1.85,true,,217,0
2026-07-15,22632,10,1.85,true,,207,0
2026-07-16,22632,12,1.85,true,,197,0
2026-07-17,22632,12,1.85,true,,185,0
2026-07-18,22632,13,1.85,true,,173,0
2026-07-19,22632,11,1.85,true,,160,0
2026-07-20,22632,11,1.85,true,,149,0
2026-07-21,22632,11,1.85,true,,138,0
2026-07-22,22632,9,1.85,true,,127,0
2026-07-23,22632,10,1.85,true,,118,0
2026-07-24,22632,12,1.85,true,,108,0
2026-07-25,22632,12,1.85,true,,96,0
2026-07-26,22632,12,1.85,true,,84,0
2026-07-27,22632,10,1.85,true,,72,164
2026-07-28,22632,10,1.85,true,,226,0
2026-07-29,22632,10,1.85,true,,216,0
2026-07-30,22632,9,1.85,true,,206,0
2026-07-31,22632,11,1.85,true,,197,0
2026-08-01,22632,14,1.85,true,,186,0
2026-08-02,22632,11,1.85,true,,172,0
2026-08-03,22632,11,1.85,true,,161,0
2026-08-04,22632,11,1.85,true,,150,0
2026-08-05,22632,9,1.85,true,,139,0
2026-08-06,22632,11,1.85,true,,130,0
2026-08-07,22632,11,1.85,true,,119,0
2026-08-08,22632,12,1.85,true,,108,0
2026-08-09,22632,12,1.85,true,,96,0
2026-08-10,22632,10,1.85,true,,84,0
2026-08-11,22632,9,1.85,true,,74,152
2026-08-12,22632,10,1.85,true,,217,0
2026-08-13,22632,11,1.85,true,,207,0
2026-08-14,22632,12,1.85,true,,196,0
2026-08-15,22632,12,1.85,true,,184,0
2026-08-16,22632,12,1.85,true,,172,0
2026-08-17,22632,9,1.85,true,,160,0
2026-08-18,22632,9,1.85,true,,151,0
2026-08-19,22632,11,1.85,true,,142,0
2026-08-20,22632,10,1.85,true,,131,0
2026-08-21,22632,12,1.85,true,,121,0
2026-08-22,22632,14,1.85,true,,109,0
2026-08-23,22632,11,1.85,true,,95,0
2026-08-24,22632,9,1.85,true,,84,765
2026-08-25,22632,9,1.85,true,,840,0
2026-08-26,22632,12,1.85,true,,831,0
2026-08-27,22632,11,1.85,true,,819,0
2026-08-28,22632,11,1.85,true,,808,0
2026-08-29,22632,14,1.85,true,,797,0
2026-08-30,22632,13,1.85,true,,783,0
2026-08-31,22632,9,1.85,true,,770,0
2026-09-01,22632,10,1.85,true,,761,0
2026-09-02,22632,10,1.85,true,,751,0
2026-09-03,22632,11,1.85,true,,741,0
2026-09-04,22632,10,1.85,true,,730,0
2026-09-05,22632,14,1.85,true,,720,0
2026-09-06,22632,12,1.85,true,,706,0
2026-09-07,22632,10,1.85,true,,694,0
2026-09-08,22632,10,1.85,true,,684,0
2026-09-09,22632,10,1.85,true,,674,0
2026-09-10,22632,11,1.85,true,,664,0
2026-09-11,22632,13,1.85,true,,653,0
2026-09-12,22632,12,1.85,true,,640,0
2026-09-13,22632,14,1.85,true,,628,0
2024-09-14,84879,21,1.69,true,,520,0
2024-09-15,84879,19,1.69,true,,499,0
2024-09-16,84879,15,1.69,true,,480,0
2024-09-17,84879,16,1.69,true,,465,0
2024-09-18,84879,17,1.69,true,,449,0
2024-09-19,84879,18,1.69,true,,432,0
2024-09-20,84879,18,1.69,true,,414,0
2024-09-21,84879,22,1.69,true,,396,0
2024-09-22,84879,20,1.69,true,,374,0
2024-09-23,84879,17,1.69,true,,354,0
2024-09-24,84879,16,1.69,true,,337,0
2024-09-25,84879,18,1.69,true,,321,0
2024-09-26,84879,19,1.69,true,,303,0
2024-09-27,84879,18,1.69,true,,284,0
2024-09-28,84879,23,1.69,true,,266,0
2024-09-29,84879,20,1.69,true,,243,0
2024-09-30,84879,15,1.69,true,,223,0
2024-10-01,84879,17,1.69,true,,208,0
2024-10-02,84879,18,1.69,true,,191,0
2024-10-03,84879,17,1.69,true,,173,0
2024-10-04,84879,20,1.69,true,,156,0
2024-10-05,84879,22,1.69,true,,136,0
2024-10-06,84879,20,1.69,true,,114,0
2024-10-07,84879,16,1.69,true,,94,267
2024-10-08,84879,16,1.69,true,,345,0
2024-10-09,84879,17,1.69,true,,329,0
2024-10-10,84879,17,1.69,true,,312,0
2024-10-11,84879,18,1.69,true,,295,0
2024-10-12,84879,22,1.69,true,,277,0
2024-10-13,84879,20,1.69,true,,255,0
2024-10-14,84879,17,1.69,true,,235,0
2024-10-15,84879,16,1.69,true,,218,0
2024-10-16,84879,18,1.69,true,,202,0
2024-10-17,84879,19,1.69,true,,184,0
2024-10-18,84879,19,1.69,true,,165,0
2024-10-19,84879,23,1.69,true,,146,0
2024-10-20,84879,21,1.69,true,,123,0
2024-10-21,84879,15,1.69,true,,102,0
2024-10-22,84879,16,1.69,true,,87,275
2024-10-23,84879,18,1.69,true,,346,0
2024-10-24,84879,19,1.69,true,,328,0
2024-10-25,84879,19,1.69,true,,309,0
2024-10-26,84879,22,1.69,true,,290,0
2024-10-27,84879,20,1.69,true,,268,0
2024-10-28,84879,17,1.69,true,,248,0
2024-10-29,84879,16,1.69,true,,231,0
2024-10-30,84879,18,1.69,true,,215,0
2024-10-31,84879,18,1.69,true,,197,0
2024-11-01,84879,19,1.69,true,,179,0
2024-11-02,84879,21,1.69,true,,160,0
2024-11-03,84879,20,1.69,true,,139,0
2024-11-04,84879,17,1.69,true,,119,0
2024-11-05,84879,18,1.69,true,,102,268
2024-11-06,84879,19,1.69,true,,352,0
2024-11-07,84879,19,1.69,true,,333,0
2024-11-08,84879,19,1.69,true,,314,0
2024-11-09,84879,22,1.69,true,,295,0
2024-11-10,84879,20,1.69,true,,273,0
2024-11-11,84879,17,1.69,true,,253,0
2024-11-12,84879,18,1.69,true,,236,0
2024-11-13,84879,17,1.69,true,,218,0
2024-11-14,84879,19,1.69,true,,201,0
2024-11-15,84879,21,1.69,true,,182,0
2024-11-16,84879,22,1.69,true,,161,0
2024-11-17,84879,20,1.69,true,,139,0
2024-11-18,84879,17,1.69,true,,119,0
2024-11-19,84879,19,1.69,true,,102,273
2024-11-20,84879,19,1.69,true,,356,0
2024-11-21,84879,18,1.69,true,,337,0
2024-11-22,84879,19,1.69,true,,319,0
2024-11-23,84879,23,1.69,true,,300,0
2024-11-24,84879,22,1.69,true,,277,0
2024-11-25,84879,16,1.69,true,,255,0
2024-11-26,84879,18,1.69,true,,239,0
2024-11-27,84879,19,1.69,true,,221,0
2024-11-28,84879,19,1.69,true,,202,0
2024-11-29,84879,20,1.69,true,,183,0
2024-11-30,84879,22,1.69,true,,163,0
2024-12-01,84879,22,1.69,true,,141,0
2024-12-02,84879,17,1.69,true,,119,0
2024-12-03,84879,17,1.69,true,,102,0
2024-12-04,84879,17,1.69,true,,85,289
2024-12-05,84879,19,1.69,true,,357,0
2024-12-06,84879,20,1.69,true,,338,0
2024-12-07,84879,24,1.69,true,,318,0
2024-12-08,84879,21,1.69,true,,294,0
2024-12-09,84879,16,1.69,true,,273,0
2024-12-10,84879,19,1.69,true,,257,0
2024-12-11,84879,17,1.69,true,,238,0
2024-12-12,84879,18,1.69,true,,221,0
2024-12-13,84879,21,1.69,true,,203,0
2024-12-14,84879,23,1.69,true,,182,0
2024-12-15,84879,21,1.69,true,,159,0
2024-12-16,84879,17,1.69,true,,138,0
2024-12-17,84879,19,1.69,true,,121,0
2024-12-18,84879,18,1.69,true,,102,270
2024-12-19,84879,19,1.69,true,,354,0
2024-12-20,84879,21,1.69,true,,335,0
2024-12-21,84879,23,1.69,true,,314,0
2024-12-22,84879,21,1.69,true,,291,0
2024-12-23,84879,16,1.69,true,,270,0
2024-12-24,84879,18,1.69,true,,254,0
2024-12-25,84879,17,1.69,true,,236,0
2024-12-26,84879,18,1.69,true,,219,0
2024-12-27,84879,21,1.69,true,,201,0
2024-12-28,84879,23,1.69,true,,180,0
2024-12-29,84879,22,1.69,true,,157,0
2024-12-30,84879,16,1.69,true,,135,0
2024-12-31,84879,17,1.69,true,,119,0
2025-01-01,84879,17,1.69,true,,102,0
2025-01-02,84879,18,1.69,true,,85,286
2025-01-03,84879,20,1.69,true,,353,0
2025-01-04,84879,23,1.69,true,,333,0
2025-01-05,84879,22,1.69,true,,310,0
2025-01-06,84879,16,1.69,true,,288,0
2025-01-07,84879,17,1.69,true,,272,0
2025-01-08,84879,19,1.69,true,,255,0
2025-01-09,84879,20,1.69,true,,236,0
2025-01-10,84879,19,1.69,true,,216,0
2025-01-11,84879,23,1.69,true,,197,0
2025-01-12,84879,22,1.69,true,,174,0
2025-01-13,84879,16,1.69,true,,152,0
2025-01-14,84879,17,1.69,true,,136,0
2025-01-15,84879,17,1.69,true,,119,0
2025-01-16,84879,18,1.69,true,,102,261
2025-01-17,84879,21,1.69,true,,345,0
2025-01-18,84879,21,1.69,true,,324,0
2025-01-19,84879,21,1.69,true,,303,0
2025-01-20,84879,16,1.69,true,,282,0
2025-01-21,84879,17,1.69,true,,266,0
2025-01-22,84879,17,1.69,true,,249,0
2025-01-23,84879,18,1.69,true,,232,0
2025-01-24,84879,21,1.69,true,,214,0
2025-01-25,84879,21,1.69,true,,193,0
2025-01-26,84879,20,1.69,true,,172,0
2025-01-27,84879,16,1.69,true,,152,0
2025-01-28,84879,17,1.69,true,,136,0
2025-01-29,84879,17,1.69,true,,119,0
2025-01-30,84879,18,1.69,true,,102,266
2025-01-31,84879,19,1.69,true,,350,0
2025-02-01,84879,22,1.69,true,,331,0
2025-02-02,84879,22,1.69,true,,309,0
2025-02-03,84879,16,1.69,true,,287,0
2025-02-04,84879,17,1.69,true,,271,0
2025-02-05,84879,18,1.69,true,,254,0
2025-02-06,84879,17,1.69,true,,236,0
2025-02-07,84879,20,1.69,true,,219,0
2025-02-08,84879,22,1.69,true,,199,0
2025-02-09,84879,22,1.69,true,,177,0
2025-02-10,84879,17,1.69,true,,155,0
2025-02-11,84879,18,1.69,true,,138,0
2025-02-12,84879,18,1.69,true,,120,0
2025-02-13,84879,19,1.69,true,,102,260
2025-02-14,84879,20,1.69,true,,343,0
2025-02-15,84879,22,1.69,true,,323,0
2025-02-16,84879,20,1.69,true,,301,0
2025-02-17,84879,17,1.69,true,,281,0
2025-02-18,84879,18,1.69,true,,264,0
2025-02-19,84879,16,1.69,true,,246,0
2025-02-20,84879,19,1.69,true,,230,0
2025-02-21,84879,19,1.69,true,,211,0
2025-02-22,84879,22,1.69,true,,192,0
2025-02-23,84879,19,1.69,true,,170,0
2025-02-24,84879,15,1.69,true,,151,0
2025-02-25,84879,16,1.69,true,,136,0
2025-02-26,84879,18,1.69,true,,120,0
2025-02-27,84879,17,1.69,true,,102,0
2025-02-28,84879,19,1.69,true,,85,277
2025-03-01,84879,23,1.69,true,,343,0
2025-03-02,84879,22,1.69,true,,320,0
2025-03-03,84879,15,1.69,true,,298,0
2025-03-04,84879,17,1.69,true,,283,0
2025-03-05,84879,16,1.69,true,,266,0
2025-03-06,84879,17,1.69,true,,250,0
2025-03-07,84879,19,1.69,true,,233,0
2025-03-08,84879,21,1.69,true,,214,0
2025-03-09,84879,21,1.69,true,,193,0
2025-03-10,84879,16,1.69,true,,172,0
2025-03-11,84879,18,1.69,true,,156,0
2025-03-12,84879,18,1.69,true,,138,0
2025-03-13,84879,18,1.69,true,,120,0
2025-03-14,84879,20,1.69,true,,102,250
2025-03-15,84879,20,1.69,true,,332,0
2025-03-16,84879,19,1.69,true,,312,0
2025-03-17,84879,15,1.69,true,,293,0
2025-03-18,84879,16,1.69,true,,278,0
2025-03-19,84879,18,1.69,true,,262,0
2025-03-20,84879,17,1.69,true,,244,0
2025-03-21,84879,20,1.69,true,,227,0
2025-03-22,84879,21,1.69,true,,207,0
2025-03-23,84879,20,1.69,true,,186,0
2025-03-24,84879,16,1.69,true,,166,0
2025-03-25,84879,15,1.69,true,,150,0
2025-03-26,84879,16,1.69,true,,135,0
2025-03-27,84879,17,1.69,true,,119,0
2025-03-28,84879,17,1.69,true,,102,0
2025-03-29,84879,20,1.69,true,,85,266
2025-03-30,84879,19,1.69,true,,331,0
2025-03-31,84879,16,1.69,true,,312,0
2025-04-01,84879,17,1.69,true,,296,0
2025-04-02,84879,17,1.69,true,,279,0
2025-04-03,84879,18,1.69,true,,262,0
2025-04-04,84879,19,1.69,true,,244,0
2025-04-05,84879,21,1.69,true,,225,0
2025-04-06,84879,19,1.69,true,,204,0
2025-04-07,84879,16,1.69,true,,185,0
2025-04-08,84879,15,1.69,true,,169,0
2025-04-09,84879,17,1.69,true,,154,0
2025-04-10,84879,17,1.69,true,,137,0
2025-04-11,84879,18,1.69,true,,120,0
2025-04-12,84879,20,1.69,true,,102,247
2025-04-13,84879,21,1.69,true,,329,0
2025-04-14,84879,15,1.69,true,,308,0
2025-04-15,84879,15,1.69,true,,293,0
2025-04-16,84879,18,1.69,true,,278,0
2025-04-17,84879,17,1.69,true,,260,0
2025-04-18,84879,18,1.69,true,,243,0
2025-04-19,84879,20,1.69,true,,225,0
2025-04-20,84879,19,1.69,true,,205,0
2025-04-21,84879,15,1.69,true,,186,0
2025-04-22,84879,16,1.69,true,,171,0
2025-04-23,84879,16,1.69,true,,155,0
2025-04-24,84879,18,1.69,true,,139,0
2025-04-25,84879,19,1.69,true,,121,0
2025-04-26,84879,20,1.69,true,,102,236
2025-04-27,84879,18,1.69,true,,318,0
2025-04-28,84879,15,1.69,true,,300,0
2025-04-29,84879,15,1.69,true,,285,0
2025-04-30,84879,16,1.69,true,,270,0
2025-05-01,84879,16,1.69,true,,254,0
2025-05-02,84879,17,1.69,true,,238,0
2025-05-03,84879,20,1.69,true,,221,0
2025-05-04,84879,18,1.69,true,,201,0
2025-05-05,84879,15,1.69,true,,183,0
2025-05-06,84879,16,1.69,true,,168,0
2025-05-07,84879,17,1.69,true,,152,0
2025-05-08,84879,16,1.69,true,,135,0
2025-05-09,84879,17,1.69,true,,119,0
2025-05-10,84879,20,1.69,true,,102,240
2025-05-11,84879,18,1.69,true,,322,0
2025-05-12,84879,16,1.69,true,,304,0
2025-05-13,84879,15,1.69,true,,288,0
2025-05-14,84879,17,1.69,true,,273,0
2025-05-15,84879,16,1.69,true,,256,0
2025-05-16,84879,18,1.69,true,,240,0
2025-05-17,84879,20,1.69,true,,222,0
2025-05-18,84879,18,1.69,true,,202,0
2025-05-19,84879,15,1.69,true,,184,0
2025-05-20,84879,15,1.69,true,,169,0
2025-05-21,84879,16,1.69,true,,154,0
2025-05-22,84879,17,1.69,true,,138,0
2025-05-23,84879,19,1.69,true,,121,0
2025-05-24,84879,18,1.69,true,,102,233
2025-05-25,84879,19,1.69,true,,317,0
2025-05-26,84879,15,1.69,true,,298,0
2025-05-27,84879,15,1.69,true,,283,0
2025-05-28,84879,15,1.69,true,,268,0
2025-05-29,84879,17,1.69,true,,253,0
2025-05-30,84879,16,1.69,true,,236,0
2025-05-31,84879,20,1.69,true,,220,0
2025-06-01,84879,19,1.69,true,,200,0
2025-06-02,84879,16,1.69,true,,181,0
2025-06-03,84879,16,1.69,true,,165,0
2025-06-04,84879,15,1.69,true,,149,0
2025-06-05,84879,16,1.69,true,,134,0
2025-06-06,84879,16,1.69,true,,118,0
2025-06-07,84879,21,1.69,true,,102,234
2025-06-08,84879,18,1.69,true,,315,0
2025-06-09,84879,14,1.69,true,,297,0
2025-06-10,84879,15,1.69,true,,283,0
2025-06-11,84879,15,1.69,true,,268,0
2025-06-12,84879,16,1.69,true,,253,0
2025-06-13,84879,17,1.69,true,,237,0
2025-06-14,84879,20,1.69,true,,220,0
2025-06-15,84879,20,1.69,true,,200,0
2025-06-16,84879,15,1.69,true,,180,0
2025-06-17,84879,15,1.69,true,,165,0
2025-06-18,84879,15,1.69,true,,150,0
2025-06-19,84879,17,1.69,true,,135,0
2025-06-20,84879,16,1.69,true,,118,0
2025-06-21,84879,20,1.69,true,,102,237
2025-06-22,84879,19,1.69,true,,319,0
2025-06-23,84879,14,1.69,true,,300,0
2025-06-24,84879,16,1.69,true,,286,0
2025-06-25,84879,16,1.69,true,,270,0
2025-06-26,84879,16,1.69,true,,254,0
2025-06-27,84879,18,1.69,true,,238,0
2025-06-28,84879,20,1.69,true,,220,0
2025-06-29,84879,19,1.69,true,,200,0
2025-06-30,84879,15,1.69,true,,181,0
2025-07-01,84879,15,1.69,true,,166,0
2025-07-02,84879,16,1.69,true,,151,0
2025-07-03,84879,15,1.69,true,,135,0
2025-07-04,84879,18,1.69,true,,120,0
2025-07-05,84879,20,1.69,true,,102,240
2025-07-06,84879,18,1.69,true,,322,0
2025-07-07,84879,16,1.69,true,,304,0
2025-07-08,84879,15,1.69,true,,288,0
2025-07-09,84879,17,1.69,true,,273,0
2025-07-10,84879,16,1.69,true,,256,0
2025-07-11,84879,18,1.69,true,,240,0
2025-07-12,84879,21,1.69,true,,222,0
2025-07-13,84879,19,1.69,true,,201,0
2025-07-14,84879,16,1.69,true,,182,0
2025-07-15,84879,15,1.69,true,,166,0
2025-07-16,84879,16,1.69,true,,151,0
2025-07-17,84879,16,1.69,true,,135,0
2025-07-18,84879,17,1.69,true,,119,0
2025-07-19,84879,19,1.69,true,,102,239
2025-07-20,84879,19,1.69,true,,322,0
2025-07-21,84879,15,1.69,true,,303,0
2025-07-22,84879,14,1.69,true,,288,0
2025-07-23,84879,15,1.69,true,,274,0
2025-07-24,84879,16,1.69,true,,259,0
2025-07-25,84879,19,1.69,true,,243,0
2025-07-26,84879,20,1.69,true,,224,0
2025-07-27,84879,20,1.69,true,,204,0
2025-07-28,84879,15,1.69,true,,184,0
2025-07-29,84879,16,1.69,true,,169,0
2025-07-30,84879,16,1.69,true,,153,0
2025-07-31,84879,18,1.69,true,,137,0
2025-08-01,84879,17,1.69,true,,119,0
2025-08-02,84879,21,1.69,true,,102,246
2025-08-03,84879,20,1.69,true,,327,0
2025-08-04,84879,15,1.69,true,,307,0
2025-08-05,84879,16,1.69,true,,292,0
2025-08-06,84879,17,1.69,true,,276,0
2025-08-07,84879,16,1.69,true,,259,0
2025-08-08,84879,17,1.69,true,,243,0
2025-08-09,84879,21,1.69,true,,226,0
2025-08-10,84879,20,1.69,true,,205,0
2025-08-11,84879,15,1.69,true,,185,0
2025-08-12,84879,16,1.69,true,,170,0
2025-08-13,84879,16,1.69,true,,154,0
2025-08-14,84879,18,1.69,true,,138,0
2025-08-15,84879,18,1.69,true,,120,0
2025-08-16,84879,19,1.69,true,,102,240
2025-08-17,84879,18,1.69,true,,323,0
2025-08-18,84879,15,1.69,true,,305,0
2025-08-19,84879,16,1.69,true,,290,0
2025-08-20,84879,17,1.69,true,,274,0
2025-08-21,84879,16,1.69,true,,257,0
2025-08-22,84879,19,1.69,true,,241,0
2025-08-23,84879,20,1.69,true,,222,0
2025-08-24,84879,18,1.69,true,,202,0
2025-08-25,84879,15,1.69,true,,184,0
2025-08-26,84879,15,1.69,true,,169,0
2025-08-27,84879,17,1.69,true,,154,0
2025-08-28,84879,17,1.69,true,,137,0
2025-08-29,84879,18,1.69,true,,120,0
2025-08-30,84879,20,1.69,true,,102,249
2025-08-31,84879,19,1.69,true,,331,0
2025-09-01,84879,17,1.69,true,,312,0
2025-09-02,84879,17,1.69,true,,295,0
2025-09-03,84879,18,1.69,true,,278,0
2025-09-04,84879,17,1.69,true,,260,0
2025-09-05,84879,18,1.69,true,,243,0
2025-09-06,84879,21,1.69,true,,225,0
2025-09-07,84879,19,1.69,true,,204,0
2025-09-08,84879,15,1.69,true,,185,0
2025-09-09,84879,16,1.69,true,,170,0
2025-09-10,84879,16,1.69,true,,154,0
2025-09-11,84879,17,1.69,true,,138,0
2025-09-12,84879,19,1.69,true,,121,0
2025-09-13,84879,22,1.69,true,,102,261
2025-09-14,84879,19,1.69,true,,341,0
2025-09-15,84879,17,1.69,true,,322,0
2025-09-16,84879,17,1.69,true,,305,0
2025-09-17,84879,17,1.69,true,,288,0
2025-09-18,84879,19,1.69,true,,271,0
2025-09-19,84879,18,1.69,true,,252,0
2025-09-20,84879,22,1.69,true,,234,0
2025-09-21,84879,20,1.69,true,,212,0
2025-09-22,84879,17,1.69,true,,192,0
2025-09-23,84879,18,1.69,true,,175,0
2025-09-24,84879,17,1.69,true,,157,0
2025-09-25,84879,18,1.69,true,,140,0
2025-09-26,84879,20,1.69,true,,122,0
2025-09-27,84879,20,1.69,true,,102,265
2025-09-28,84879,20,1.69,true,,347,0
2025-09-29,84879,17,1.69,true,,327,0
2025-09-30,84879,18,1.69,true,,310,0
2025-10-01,84879,19,1.69,true,,292,0
2025-10-02,84879,17,1.69,true,,273,0
2025-10-03,84879,18,1.69,true,,256,0
2025-10-04,84879,23,1.69,true,,238,0
2025-10-05,84879,21,1.69,true,,215,0
2025-10-06,84879,17,1.69,true,,194,0
2025-10-07,84879,18,1.69,true,,177,0
2025-10-08,84879,18,1.69,true,,159,0
2025-10-09,84879,19,1.69,true,,141,0
2025-10-10,84879,20,1.69,true,,122,0
2025-10-11,84879,21,1.69,true,,102,265
2025-10-12,84879,20,1.69,true,,346,0
2025-10-13,84879,17,1.69,true,,326,0
2025-10-14,84879,17,1.69,true,,309,0
2025-10-15,84879,18,1.69,true,,292,0
2025-10-16,84879,19,1.69,true,,274,0
2025-10-17,84879,19,1.69,true,,255,0
2025-10-18,84879,22,1.69,true,,236,0
2025-10-19,84879,22,1.69,true,,214,0
2025-10-20,84879,17,1.69,true,,192,0
2025-10-21,84879,16,1.69,true,,175,0
2025-10-22,84879,17,1.69,true,,159,0
2025-10-23,84879,19,1.69,true,,142,0
2025-10-24,84879,21,1.69,true,,123,0
2025-10-25,84879,23,1.69,true,,102,269
2025-10-26,84879,22,1.69,true,,348,0
2025-10-27,84879,18,1.69,true,,326,0
2025-10-28,84879,17,1.69,true,,308,0
2025-10-29,84879,19,1.69,true,,291,0
2025-10-30,84879,18,1.69,true,,272,0
2025-10-31,84879,20,1.69,true,,254,0
2025-11-01,84879,21,1.69,true,,234,0
2025-11-02,84879,22,1.69,true,,213,0
2025-11-03,84879,16,1.69,true,,191,0
2025-11-04,84879,17,1.69,true,,175,0
2025-11-05,84879,18,1.69,true,,158,0
2025-11-06,84879,19,1.69,true,,140,0
2025-11-07,84879,19,1.69,true,,121,0
2025-11-08,84879,23,1.69,true,,102,274
2025-11-09,84879,22,1.69,true,,353,0
2025-11-10,84879,17,1.69,true,,331,0
2025-11-11,84879,19,1.69,true,,314,0
2025-11-12,84879,18,1.69,true,,295,0
2025-11-13,84879,18,1.69,true,,277,0
2025-11-14,84879,21,1.69,true,,259,0
2025-11-15,84879,22,1.69,true,,238,0
2025-11-16,84879,21,1.69,true,,216,0
2025-11-17,84879,18,1.69,true,,195,0
2025-11-18,84879,18,1.69,true,,177,0
2025-11-19,84879,18,1.69,true,,159,0
2025-11-20,84879,19,1.69,true,,141,0
2025-11-21,84879,20,1.69,true,,122,0
2025-11-22,84879,22,1.69,true,,102,274
2025-11-23,84879,23,1.69,true,,354,0
2025-11-24,84879,17,1.69,true,,331,0
2025-11-25,84879,19,1.69,true,,314,0
2025-11-26,84879,18,1.69,true,,295,0
2025-11-27,84879,18,1.69,true,,277,0
2025-11-28,84879,19,1.69,true,,259,0
2025-11-29,84879,22,1.69,true,,240,0
2025-11-30,84879,22,1.69,true,,218,0
2025-12-01,84879,18,1.69,true,,196,0
2025-12-02,84879,17,1.69,true,,178,0
2025-12-03,84879,19,1.69,true,,161,0
2025-12-04,84879,19,1.69,true,,142,0
2025-12-05,84879,21,1.69,true,,123,0
2025-12-06,84879,24,1.69,true,,102,275
2025-12-07,84879,22,1.69,true,,353,0
2025-12-08,84879,16,1.69,true,,331,0
2025-12-09,84879,19,1.69,true,,315,0
2025-12-10,84879,17,1.69,true,,296,0
2025-12-11,84879,19,1.69,true,,279,0
2025-12-12,84879,21,1.69,true,,260,0
2025-12-13,84879,22,1.69,true,,239,0
2025-12-14,84879,21,1.69,true,,217,0
2025-12-15,84879,17,1.69,true,,196,0
2025-12-16,84879,19,1.69,true,,179,0
2025-12-17,84879,18,1.69,true,,160,0
2025-12-18,84879,19,1.69,true,,142,0
2025-12-19,84879,21,1.69,true,,123,0
2025-12-20,84879,21,1.69,true,,102,267
2025-12-21,84879,21,1.69,true,,348,0
2025-12-22,84879,16,1.69,true,,327,0
2025-12-23,84879,18,1.69,true,,311,0
2025-12-24,84879,19,1.69,true,,293,0
2025-12-25,84879,18,1.69,true,,274,0
2025-12-26,84879,20,1.69,true,,256,0
2025-12-27,84879,23,1.69,true,,236,0
2025-12-28,84879,21,1.69,true,,213,0
2025-12-29,84879,18,1.69,true,,192,0
2025-12-30,84879,17,1.69,true,,174,0
2025-12-31,84879,17,1.69,true,,157,0
2026-01-01,84879,18,1.69,true,,140,0
2026-01-02,84879,20,1.69,true,,122,0
2026-01-03,84879,23,1.69,true,,102,267
2026-01-04,84879,22,1.69,true,,346,0
2026-01-05,84879,16,1.69,true,,324,0
2026-01-06,84879,17,1.69,true,,308,0
2026-01-07,84879,17,1.69,true,,291,0
2026-01-08,84879,18,1.69,true,,274,0
2026-01-09,84879,19,1.69,true,,256,0
2026-01-10,84879,22,1.69,true,,237,0
2026-01-11,84879,21,1.69,true,,215,0
2026-01-12,84879,18,1.69,true,,194,0
2026-01-13,84879,18,1.69,true,,176,0
2026-01-14,84879,17,1.69,true,,158,0
2026-01-15,84879,19,1.69,true,,141,0
2026-01-16,84879,20,1.69,true,,122,0
2026-01-17,84879,23,1.69,true,,102,267
2026-01-18,84879,22,1.69,true,,346,0
2026-01-19,84879,16,1.69,true,,324,0
2026-01-20,84879,17,1.69,true,,308,0
2026-01-21,84879,17,1.69,true,,291,0
2026-01-22,84879,19,1.69,true,,274,0
2026-01-23,84879,19,1.69,true,,255,0
2026-01-24,84879,23,1.69,true,,236,0
2026-01-25,84879,20,1.69,true,,213,0
2026-01-26,84879,16,1.69,true,,193,0
2026-01-27,84879,19,1.69,true,,177,0
2026-01-28,84879,19,1.69,true,,158,0
2026-01-29,84879,18,1.69,true,,139,0
2026-01-30,84879,19,1.69,true,,121,0
2026-01-31,84879,21,1.69,true,,102,260
2026-02-01,84879,22,1.69,true,,341,0
2026-02-02,84879,17,1.69,true,,319,0
2026-02-03,84879,17,1.69,true,,302,0
2026-02-04,84879,17,1.69,true,,285,0
2026-02-05,84879,17,1.69,true,,268,0
2026-02-06,84879,19,1.69,true,,251,0
2026-02-07,84879,21,1.69,true,,232,0
2026-02-08,84879,20,1.69,true,,211,0
2026-02-09,84879,16,1.69,true,,191,0
2026-02-10,84879,17,1.69,true,,175,0
2026-02-11,84879,19,1.69,true,,158,0
2026-02-12,84879,17,1.69,true,,139,0
2026-02-13,84879,20,1.69,true,,122,0
2026-02-14,84879,22,1.69,true,,102,263
2026-02-15,84879,21,1.69,true,,343,0
2026-02-16,84879,17,1.69,true,,322,0
2026-02-17,84879,18,1.69,true,,305,0
2026-02-18,84879,18,1.69,true,,287,0
2026-02-19,84879,18,1.69,true,,269,0
2026-02-20,84879,20,1.69,true,,251,0
2026-02-21,84879,21,1.69,true,,231,0
2026-02-22,84879,19,1.69,true,,210,0
2026-02-23,84879,17,1.69,true,,191,0
2026-02-24,84879,18,1.69,true,,174,0
2026-02-25,84879,17,1.69,true,,156,0
2026-02-26,84879,19,1.69,true,,139,0
2026-02-27,84879,18,1.69,true,,120,0
2026-02-28,84879,22,1.69,true,,102,257
2026-03-01,84879,21,1.69,true,,337,0
2026-03-02,84879,16,1.69,true,,316,0
2026-03-03,84879,16,1.69,true,,300,0
2026-03-04,84879,17,1.69,true,,284,0
2026-03-05,84879,17,1.69,true,,267,0
2026-03-06,84879,19,1.69,true,,250,0
2026-03-07,84879,20,1.69,true,,231,0
2026-03-08,84879,21,1.69,true,,211,0
2026-03-09,84879,17,1.69,true,,190,0
2026-03-10,84879,17,1.69,true,,173,0
2026-03-11,84879,17,1.69,true,,156,0
2026-03-12,84879,18,1.69,true,,139,0
2026-03-13,84879,19,1.69,true,,121,0
2026-03-14,84879,22,1.69,true,,102,254
2026-03-15,84879,21,1.69,true,,334,0
2026-03-16,84879,17,1.69,true,,313,0
2026-03-17,84879,15,1.69,true,,296,0
2026-03-18,84879,17,1.69,true,,281,0
2026-03-19,84879,17,1.69,true,,264,0
2026-03-20,84879,18,1.69,true,,247,0
2026-03-21,84879,22,1.69,true,,229,0
2026-03-22,84879,20,1.69,true,,207,0
2026-03-23,84879,15,1.69,true,,187,0
2026-03-24,84879,16,1.69,true,,172,0
2026-03-25,84879,18,1.69,true,,156,0
2026-03-26,84879,16,1.69,true,,138,0
2026-03-27,84879,20,1.69,true,,122,0
2026-03-28,84879,20,1.69,true,,102,244
2026-03-29,84879,19,1.69,true,,326,0
2026-03-30,84879,16,1.69,true,,307,0
2026-03-31,84879,16,1.69,true,,291,0
2026-04-01,84879,17,1.69,true,,275,0
2026-04-02,84879,16,1.69,true,,258,0
2026-04-03,84879,18,1.69,true,,242,0
2026-04-04,84879,20,1.69,true,,224,0
2026-04-05,84879,19,1.69,true,,204,0
2026-04-06,84879,16,1.69,true,,185,0
2026-04-07,84879,16,1.69,true,,169,0
2026-04-08,84879,15,1.69,true,,153,0
2026-04-09,84879,18,1.69,true,,138,0
2026-04-10,84879,18,1.69,true,,120,0
2026-04-11,84879,21,1.69,true,,102,250
2026-04-12,84879,19,1.69,true,,331,0
2026-04-13,84879,17,1.69,true,,312,0
2026-04-14,84879,16,1.69,true,,295,0
2026-04-15,84879,15,1.69,true,,279,0
2026-04-16,84879,18,1.69,true,,264,0
2026-04-17,84879,19,1.69,true,,246,0
2026-04-18,84879,20,1.69,true,,227,0
2026-04-19,84879,20,1.69,true,,207,0
2026-04-20,84879,16,1.69,true,,187,0
2026-04-21,84879,17,1.69,true,,171,0
2026-04-22,84879,17,1.69,true,,154,0
2026-04-23,84879,16,1.69,true,,137,0
2026-04-24,84879,19,1.69,true,,121,0
2026-04-25,84879,21,1.69,true,,102,245
2026-04-26,84879,18,1.69,true,,326,0
2026-04-27,84879,15,1.69,true,,308,0
2026-04-28,84879,16,1.69,true,,293,0
2026-04-29,84879,17,1.69,true,,277,0
2026-04-30,84879,18,1.69,true,,260,0
2026-05-01,84879,19,1.69,true,,242,0
2026-05-02,84879,20,1.69,true,,223,0
2026-05-03,84879,20,1.69,true,,203,0
2026-05-04,84879,14,1.69,true,,183,0
2026-05-05,84879,15,1.69,true,,169,0
2026-05-06,84879,15,1.69,true,,154,0
2026-05-07,84879,18,1.69,true,,139,0
2026-05-08,84879,19,1.69,true,,121,0
2026-05-09,84879,21,1.69,true,,102,239
2026-05-10,84879,19,1.69,true,,320,0
2026-05-11,84879,14,1.69,true,,301,0
2026-05-12,84879,15,1.69,true,,287,0
2026-05-13,84879,17,1.69,true,,272,0
2026-05-14,84879,17,1.69,true,,255,0
2026-05-15,84879,19,1.69,true,,238,0
2026-05-16,84879,20,1.69,true,,219,0
2026-05-17,84879,19,1.69,true,,199,0
2026-05-18,84879,15,1.69,true,,180,0
2026-05-19,84879,16,1.69,true,,165,0
2026-05-20,84879,15,1.69,true,,149,0
2026-05-21,84879,15,1.69,true,,134,0
2026-05-22,84879,17,1.69,true,,119,0
2026-05-23,84879,20,1.69,true,,102,234
2026-05-24,84879,19,1.69,true,,316,0
2026-05-25,84879,15,1.69,true,,297,0
2026-05-26,84879,15,1.69,true,,282,0
2026-05-27,84879,16,1.69,true,,267,0
2026-05-28,84879,15,1.69,true,,251,0
2026-05-29,84879,18,1.69,true,,236,0
2026-05-30,84879,19,1.69,true,,218,0
2026-05-31,84879,19,1.69,true,,199,0
2026-06-01,84879,15,1.69,true,,180,0
2026-06-02,84879,15,1.69,true,,165,0
2026-06-03,84879,15,1.69,true,,150,0
2026-06-04,84879,16,1.69,true,,135,0
2026-06-05,84879,17,1.69,true,,119,0
2026-06-06,84879,19,1.69,true,,102,237
2026-06-07,84879,19,1.69,true,,320,0
2026-06-08,84879,15,1.69,true,,301,0
2026-06-09,84879,16,1.69,true,,286,0
2026-06-10,84879,15,1.69,true,,270,0
2026-06-11,84879,17,1.69,true,,255,0
2026-06-12,84879,18,1.69,true,,238,0
2026-06-13,84879,21,1.69,true,,220,0
2026-06-14,84879,18,1.69,true,,199,0
2026-06-15,84879,14,1.69,true,,181,0
2026-06-16,84879,15,1.69,true,,167,0
2026-06-17,84879,16,1.69,true,,152,0
2026-06-18,84879,17,1.69,true,,136,0
2026-06-19,84879,17,1.69,true,,119,0
2026-06-20,84879,18,1.69,true,,102,237
2026-06-21,84879,19,1.69,true,,321,0
2026-06-22,84879,15,1.69,true,,302,0
2026-06-23,84879,16,1.69,true,,287,0
2026-06-24,84879,16,1.69,true,,271,0
2026-06-25,84879,16,1.69,true,,255,0
2026-06-26,84879,18,1.69,true,,239,0
2026-06-27,84879,18,1.69,true,,221,0
2026-06-28,84879,20,1.69,true,,203,0
2026-06-29,84879,15,1.69,true,,183,0
2026-06-30,84879,15,1.69,true,,168,0
2026-07-01,84879,16,1.69,true,,153,0
2026-07-02,84879,18,1.69,true,,137,0
2026-07-03,84879,17,1.69,true,,119,0
2026-07-04,84879,19,1.69,true,,102,237
2026-07-05,84879,18,1.69,true,,320,0
2026-07-06,84879,15,1.69,true,,302,0
2026-07-07,84879,16,1.69,true,,287,0
2026-07-08,84879,15,1.69,true,,271,0
2026-07-09,84879,17,1.69,true,,256,0
2026-07-10,84879,17,1.69,true,,239,0
2026-07-11,84879,20,1.69,true,,222,0
2026-07-12,84879,20,1.69,true,,202,0
2026-07-13,84879,14,1.69,true,,182,0
2026-07-14,84879,16,1.69,true,,168,0
2026-07-15,84879,17,1.69,true,,152,0
2026-07-16,84879,16,1.69,true,,135,0
2026-07-17,84879,17,1.69,true,,119,0
2026-07-18,84879,19,1.69,true,,102,240
2026-07-19,84879,19,1.69,true,,323,0
2026-07-20,84879,14,1.69,true,,304,0
2026-07-21,84879,15,1.69,true,,290,0
2026-07-22,84879,16,1.69,true,,275,0
2026-07-23,84879,17,1.69,true,,259,0
2026-07-24,84879,18,1.69,true,,242,0
2026-07-25,84879,21,1.69,true,,224,0
2026-07-26,84879,20,1.69,true,,203,0
2026-07-27,84879,14,1.69,true,,183,0
2026-07-28,84879,16,1.69,true,,169,0
2026-07-29,84879,16,1.69,true,,153,0
2026-07-30,84879,17,1.69,true,,137,0
2026-07-31,84879,18,1.69,true,,120,0
2026-08-01,84879,20,1.69,true,,102,237
2026-08-02,84879,19,1.69,true,,319,0
2026-08-03,84879,14,1.69,true,,300,0
2026-08-04,84879,17,1.69,true,,286,0
2026-08-05,84879,15,1.69,true,,269,0
2026-08-06,84879,16,1.69,true,,254,0
2026-08-07,84879,17,1.69,true,,238,0
2026-08-08,84879,21,1.69,true,,221,0
2026-08-09,84879,19,1.69,true,,200,0
2026-08-10,84879,14,1.69,true,,181,0
2026-08-11,84879,15,1.69,true,,167,0
2026-08-12,84879,17,1.69,true,,152,0
2026-08-13,84879,16,1.69,true,,135,0
2026-08-14,84879,17,1.69,true,,119,0
2026-08-15,84879,20,1.69,true,,102,162
2026-08-16,84879,19,1.69,true,,244,0
2026-08-17,84879,15,1.69,true,,225,0
2026-08-18,84879,16,1.69,true,,210,0
2026-08-19,84879,16,1.69,true,,194,0
2026-08-20,84879,17,1.69,true,,178,0
2026-08-21,84879,19,1.69,true,,161,0
2026-08-22,84879,21,1.69,true,,142,0
2026-08-23,84879,19,1.69,true,,121,0
2026-08-24,84879,15,1.69,true,,102,485
2026-08-25,84879,15,1.69,true,,572,0
2026-08-26,84879,16,1.69,true,,557,0
2026-08-27,84879,17,1.69,true,,541,0
2026-08-28,84879,19,1.69,true,,524,0
2026-08-29,84879,20,1.69,true,,505,0
2026-08-30,84879,20,1.69,true,,485,0
2026-08-31,84879,16,1.69,true,,465,0
2026-09-01,84879,15,1.69,true,,449,0
2026-09-02,84879,18,1.69,true,,434,0
2026-09-03,84879,17,1.69,true,,416,0
2026-09-04,84879,17,1.69,true,,399,0
2026-09-05,84879,21,1.69,true,,382,0
2026-09-06,84879,21,1.69,true,,361,0
2026-09-07,84879,16,1.69,true,,340,0
2026-09-08,84879,17,1.69,true,,324,0
2026-09-09,84879,17,1.69,true,,307,0
2026-09-10,84879,18,1.69,true,,290,0
2026-09-11,84879,18,1.69,true,,272,0
2026-09-12,84879,21,1.69,true,,254,0
2026-09-13,84879,19,1.69,true,,233,0
2024-09-14,22745,20,2.1,true,,530,0
2024-09-15,22745,19,2.1,true,,510,0
2024-09-16,22745,16,2.1,true,,491,0
2024-09-17,22745,15,2.1,true,,475,0
2024-09-18,22745,16,2.1,true,,460,0
2024-09-19,22745,16,2.1,true,,444,0
2024-09-20,22745,18,2.1,true,,428,0
2024-09-21,22745,20,2.1,true,,410,0
2024-09-22,22745,18,2.1,true,,390,0
2024-09-23,22745,15,2.1,true,,372,0
2024-09-24,22745,16,2.1,true,,357,0
2024-09-25,22745,17,2.1,true,,341,0
2024-09-26,22745,18,2.1,true,,324,0
2024-09-27,22745,19,2.1,true,,306,0
2024-09-28,22745,21,2.1,true,,287,0
2024-09-29,22745,20,2.1,true,,266,0
2024-09-30,22745,16,2.1,true,,246,0
2024-10-01,22745,16,2.1,true,,230,0
2024-10-02,22745,18,2.1,true,,214,0
2024-10-03,22745,17,2.1,true,,196,0
2024-10-04,22745,19,2.1,true,,179,0
2024-10-05,22745,20,2.1,true,,160,0
2024-10-06,22745,20,2.1,true,,140,0
2024-10-07,22745,14,2.1,true,,120,0
2024-10-08,22745,16,2.1,true,,106,268
2024-10-09,22745,16,2.1,true,,358,0
2024-10-10,22745,19,2.1,true,,342,0
2024-10-11,22745,19,2.1,true,,323,0
2024-10-12,22745,22,2.1,true,,304,0
2024-10-13,22745,19,2.1,true,,282,0
2024-10-14,22745,17,2.1,true,,263,0
2024-10-15,22745,16,2.1,true,,246,0
2024-10-16,22745,18,2.1,true,,230,0
2024-10-17,22745,16,2.1,true,,212,0
2024-10-18,22745,17,2.1,true,,196,0
2024-10-19,22745,22,2.1,true,,179,0
2024-10-20,22745,21,2.1,true,,157,0
2024-10-21,22745,16,2.1,true,,136,0
2024-10-22,22745,17,2.1,true,,120,0
2024-10-23,22745,17,2.1,true,,103,273
2024-10-24,22745,18,2.1,true,,359,0
2024-10-25,22745,20,2.1,true,,341,0
2024-10-26,22745,22,2.1,true,,321,0
2024-10-27,22745,20,2.1,true,,299,0
2024-10-28,22745,16,2.1,true,,279,0
2024-10-29,22745,17,2.1,true,,263,0
2024-10-30,22745,17,2.1,true,,246,0
2024-10-31,22745,17,2.1,true,,229,0
2024-11-01,22745,18,2.1,true,,212,0
2024-11-02,22745,22,2.1,true,,194,0
2024-11-03,22745,21,2.1,true,,172,0
2024-11-04,22745,15,2.1,true,,151,0
2024-11-05,22745,16,2.1,true,,136,0
2024-11-06,22745,18,2.1,true,,120,0
2024-11-07,22745,17,2.1,true,,102,278
2024-11-08,22745,21,2.1,true,,363,0
2024-11-09,22745,23,2.1,true,,342,0
2024-11-10,22745,20,2.1,true,,319,0
2024-11-11,22745,16,2.1,true,,299,0
2024-11-12,22745,16,2.1,true,,283,0
2024-11-13,22745,18,2.1,true,,267,0
2024-11-14,22745,18,2.1,true,,249,0
2024-11-15,22745,18,2.1,true,,231,0
2024-11-16,22745,23,2.1,true,,213,0
2024-11-17,22745,20,2.1,true,,190,0
2024-11-18,22745,16,2.1,true,,170,0
2024-11-19,22745,17,2.1,true,,154,0
2024-11-20,22745,17,2.1,true,,137,0
2024-11-21,22745,19,2.1,true,,120,0
2024-11-22,22745,18,2.1,true,,101,287
2024-11-23,22745,22,2.1,true,,370,0
2024-11-24,22745,20,2.1,true,,348,0
2024-11-25,22745,18,2.1,true,,328,0
2024-11-26,22745,18,2.1,true,,310,0
2024-11-27,22745,18,2.1,true,,292,0
2024-11-28,22745,19,2.1,true,,274,0
2024-11-29,22745,20,2.1,true,,255,0
2024-11-30,22745,21,2.1,true,,235,0
2024-12-01,22745,22,2.1,true,,214,0
2024-12-02,22745,18,2.1,true,,192,0
2024-12-03,22745,18,2.1,true,,174,0
2024-12-04,22745,18,2.1,true,,156,0
2024-12-05,22745,18,2.1,true,,138,0
2024-12-06,22745,20,2.1,true,,120,0
2024-12-07,22745,23,2.1,true,,100,287
2024-12-08,22745,20,2.1,true,,364,0
2024-12-09,22745,16,2.1,true,,344,0
2024-12-10,22745,18,2.1,true,,328,0
2024-12-11,22745,17,2.1,true,,310,0
2024-12-12,22745,19,2.1,true,,293,0
2024-12-13,22745,20,2.1,true,,274,0
2024-12-14,22745,22,2.1,true,,254,0
2024-12-15,22745,22,2.1,true,,232,0
2024-12-16,22745,16,2.1,true,,210,0
2024-12-17,22745,18,2.1,true,,194,0
2024-12-18,22745,17,2.1,true,,176,0
2024-12-19,22745,19,2.1,true,,159,0
2024-12-20,22745,20,2.1,true,,140,0
2024-12-21,22745,22,2.1,true,,120,269
2024-12-22,22745,23,2.1,true,,367,0
2024-12-23,22745,17,2.1,true,,344,0
2024-12-24,22745,18,2.1,true,,327,0
2024-12-25,22745,17,2.1,true,,309,0
2024-12-26,22745,18,2.1,true,,292,0
2024-12-27,22745,20,2.1,true,,274,0
2024-12-28,22745,23,2.1,true,,254,0
2024-12-29,22745,22,2.1,true,,231,0
2024-12-30,22745,16,2.1,true,,209,0
2024-12-31,22745,17,2.1,true,,193,0
2025-01-01,22745,19,2.1,true,,176,0
2025-01-02,22745,18,2.1,true,,157,0
2025-01-03,22745,19,2.1,true,,139,0
2025-01-04,22745,23,2.1,true,,120,274
2025-01-05,22745,21,2.1,true,,371,0
2025-01-06,22745,18,2.1,true,,350,0
2025-01-07,22745,17,2.1,true,,332,0
2025-01-08,22745,19,2.1,true,,315,0
2025-01-09,22745,20,2.1,true,,296,0
2025-01-10,22745,21,2.1,true,,276,0
2025-01-11,22745,22,2.1,true,,255,0
2025-01-12,22745,23,2.1,true,,233,0
2025-01-13,22745,16,2.1,true,,210,0
2025-01-14,22745,18,2.1,true,,194,0
2025-01-15,22745,17,2.1,true,,176,0
2025-01-16,22745,18,2.1,true,,159,0
2025-01-17,22745,21,2.1,true,,141,0
2025-01-18,22745,22,2.1,true,,120,272
2025-01-19,22745,21,2.1,true,,370,0
2025-01-20,22745,18,2.1,true,,349,0
2025-01-21,22745,18,2.1,true,,331,0
2025-01-22,22745,17,2.1,true,,313,0
2025-01-23,22745,20,2.1,true,,296,0
2025-01-24,22745,20,2.1,true,,276,0
2025-01-25,22745,23,2.1,true,,256,0
2025-01-26,22745,21,2.1,true,,233,0
2025-01-27,22745,17,2.1,true,,212,0
2025-01-28,22745,19,2.1,true,,195,0
2025-01-29,22745,17,2.1,true,,176,0
2025-01-30,22745,18,2.1,true,,159,0
2025-01-31,22745,21,2.1,true,,141,0
2025-02-01,22745,22,2.1,true,,120,275
2025-02-02,22745,21,2.1,true,,373,0
2025-02-03,22745,18,2.1,true,,352,0
2025-02-04,22745,18,2.1,true,,334,0
2025-02-05,22745,19,2.1,true,,316,0
2025-02-06,22745,19,2.1,true,,297,0
2025-02-07,22745,21,2.1,true,,278,0
2025-02-08,22745,24,2.1,true,,257,0
2025-02-09,22745,21,2.1,true,,233,0
2025-02-10,22745,18,2.1,true,,212,0
2025-02-11,22745,17,2.1,true,,194,0
2025-02-12,22745,18,2.1,true,,177,0
2025-02-13,22745,19,2.1,true,,159,0
2025-02-14,22745,20,2.1,true,,140,0
2025-02-15,22745,24,2.1,true,,120,273
2025-02-16,22745,22,2.1,true,,369,0
2025-02-17,22745,18,2.1,true,,347,0
2025-02-18,22745,19,2.1,true,,329,0
2025-02-19,22745,18,2.1,true,,310,0
2025-02-20,22745,19,2.1,true,,292,0
2025-02-21,22745,19,2.1,true,,273,0
2025-02-22,22745,22,2.1,true,,254,0
2025-02-23,22745,21,2.1,true,,232,0
2025-02-24,22745,17,2.1,true,,211,0
2025-02-25,22745,17,2.1,true,,194,0
2025-02-26,22745,18,2.1,true,,177,0
2025-02-27,22745,18,2.1,true,,159,0
2025-02-28,22745,21,2.1,true,,141,0
2025-03-01,22745,23,2.1,true,,120,267
2025-03-02,22745,21,2.1,true,,364,0
2025-03-03,22745,17,2.1,true,,343,0
2025-03-04,22745,16,2.1,true,,326,0
2025-03-05,22745,19,2.1,true,,310,0
2025-03-06,22745,17,2.1,true,,291,0
2025-03-07,22745,20,2.1,true,,274,0
2025-03-08,22745,22,2.1,true,,254,0
2025-03-09,22745,21,2.1,true,,232,0
2025-03-10,22745,18,2.1,true,,211,0
2025-03-11,22745,17,2.1,true,,193,0
2025-03-12,22745,19,2.1,true,,176,0
2025-03-13,22745,17,2.1,true,,157,0
2025-03-14,22745,20,2.1,true,,140,0
2025-03-15,22745,23,2.1,true,,120,270
2025-03-16,22745,22,2.1,true,,367,0
2025-03-17,22745,17,2.1,true,,345,0
2025-03-18,22745,18,2.1,true,,328,0
2025-03-19,22745,18,2.1,true,,310,0
2025-03-20,22745,19,2.1,true,,292,0
2025-03-21,22745,20,2.1,true,,273,0
2025-03-22,22745,21,2.1,true,,253,0
2025-03-23,22745,21,2.1,true,,232,0
2025-03-24,22745,17,2.1,true,,211,0
2025-03-25,22745,18,2.1,true,,194,0
2025-03-26,22745,18,2.1,true,,176,0
2025-03-27,22745,18,2.1,true,,158,0
2025-03-28,22745,20,2.1,true,,140,0
2025-03-29,22745,23,2.1,true,,120,266
2025-03-30,22745,22,2.1,true,,363,0
2025-03-31,22745,16,2.1,true,,341,0
2025-04-01,22745,17,2.1,true,,325,0
2025-04-02,22745,17,2.1,true,,308,0
2025-04-03,22745,18,2.1,true,,291,0
2025-04-04,22745,19,2.1,true,,273,0
2025-04-05,22745,23,2.1,true,,254,0
2025-04-06,22745,22,2.1,true,,231,0
2025-04-07,22745,16,2.1,true,,209,0
2025-04-08,22745,18,2.1,true,,193,0
2025-04-09,22745,17,2.1,true,,175,0
2025-04-10,22745,19,2.1,true,,158,0
2025-04-11,22745,19,2.1,true,,139,0
2025-04-12,22745,21,2.1,true,,120,262
2025-04-13,22745,21,2.1,true,,361,0
2025-04-14,22745,16,2.1,true,,340,0
2025-04-15,22745,16,2.1,true,,324,0
2025-04-16,22745,19,2.1,true,,308,0
2025-04-17,22745,19,2.1,true,,289,0
2025-04-18,22745,20,2.1,true,,270,0
2025-04-19,22745,21,2.1,true,,250,0
2025-04-20,22745,20,2.1,true,,229,0
2025-04-21,22745,16,2.1,true,,209,0
2025-04-22,22745,16,2.1,true,,193,0
2025-04-23,22745,19,2.1,true,,177,0
2025-04-24,22745,18,2.1,true,,158,0
2025-04-25,22745,20,2.1,true,,140,0
2025-04-26,22745,22,2.1,true,,120,261
2025-04-27,22745,22,2.1,true,,359,0
2025-04-28,22745,16,2.1,true,,337,0
2025-04-29,22745,17,2.1,true,,321,0
2025-04-30,22745,17,2.1,true,,304,0
2025-05-01,22745,19,2.1,true,,287,0
2025-05-02,22745,20,2.1,true,,268,0
2025-05-03,22745,21,2.1,true,,248,0
2025-05-04,22745,20,2.1,true,,227,0
2025-05-05,22745,16,2.1,true,,207,0
2025-05-06,22745,17,2.1,true,,191,0
2025-05-07,22745,17,2.1,true,,174,0
2025-05-08,22745,17,2.1,true,,157,0
2025-05-09,22745,20,2.1,true,,140,0
2025-05-10,22745,21,2.1,true,,120,260
2025-05-11,22745,22,2.1,true,,359,0
2025-05-12,22745,16,2.1,true,,337,0
2025-05-13,22745,16,2.1,true,,321,0
2025-05-14,22745,17,2.1,true,,305,0
2025-05-15,22745,18,2.1,true,,288,0
2025-05-16,22745,19,2.1,true,,270,0
2025-05-17,22745,21,2.1,true,,251,0
2025-05-18,22745,22,2.1,true,,230,0
2025-05-19,22745,16,2.1,true,,208,0
2025-05-20,22745,16,2.1,true,,192,0
2025-05-21,22745,18,2.1,true,,176,0
2025-05-22,22745,19,2.1,true,,158,0
2025-05-23,22745,19,2.1,true,,139,0
2025-05-24,22745,21,2.1,true,,120,261
2025-05-25,22745,22,2.1,true,,360,0
2025-05-26,22745,16,2.1,true,,338,0
2025-05-27,22745,18,2.1,true,,322,0
2025-05-28,22745,17,2.1,true,,304,0
2025-05-29,22745,19,2.1,true,,287,0
2025-05-30,22745,19,2.1,true,,268,0
2025-05-31,22745,21,2.1,true,,249,0
2025-06-01,22745,21,2.1,true,,228,0
2025-06-02,22745,17,2.1,true,,207,0
2025-06-03,22745,18,2.1,true,,190,0
2025-06-04,22745,16,2.1,true,,172,0
2025-06-05,22745,17,2.1,true,,156,0
2025-06-06,22745,19,2.1,true,,139,0
2025-06-07,22745,22,2.1,true,,120,265
2025-06-08,22745,20,2.1,true,,363,0
2025-06-09,22745,16,2.1,true,,343,0
2025-06-10,22745,17,2.1,true,,327,0
2025-06-11,22745,19,2.1,true,,310,0
2025-06-12,22745,18,2.1,true,,291,0
2025-06-13,22745,20,2.1,true,,273,0
2025-06-14,22745,22,2.1,true,,253,0
2025-06-15,22745,21,2.1,true,,231,0
2025-06-16,22745,17,2.1,true,,210,0
2025-06-17,22745,18,2.1,true,,193,0
2025-06-18,22745,17,2.1,true,,175,0
2025-06-19,22745,19,2.1,true,,158,0
2025-06-20,22745,19,2.1,true,,139,0
2025-06-21,22745,21,2.1,true,,120,263
2025-06-22,22745,21,2.1,true,,362,0
2025-06-23,22745,16,2.1,true,,341,0
2025-06-24,22745,17,2.1,true,,325,0
2025-06-25,22745,18,2.1,true,,308,0
2025-06-26,22745,19,2.1,true,,290,0
2025-06-27,22745,21,2.1,true,,271,0
2025-06-28,22745,22,2.1,true,,250,0
2025-06-29,22745,22,2.1,true,,228,0
2025-06-30,22745,16,2.1,true,,206,0
2025-07-01,22745,16,2.1,true,,190,0
2025-07-02,22745,17,2.1,true,,174,0
2025-07-03,22745,18,2.1,true,,157,0
2025-07-04,22745,19,2.1,true,,139,0
2025-07-05,22745,23,2.1,true,,120,273
2025-07-06,22745,21,2.1,true,,370,0
2025-07-07,22745,17,2.1,true,,349,0
2025-07-08,22745,17,2.1,true,,332,0
2025-07-09,22745,19,2.1,true,,315,0
2025-07-10,22745,18,2.1,true,,296,0
2025-07-11,22745,21,2.1,true,,278,0
2025-07-12,22745,23,2.1,true,,257,0
2025-07-13,22745,22,2.1,true,,234,0
2025-07-14,22745,18,2.1,true,,212,0
2025-07-15,22745,18,2.1,true,,194,0
2025-07-16,22745,17,2.1,true,,176,0
2025-07-17,22745,18,2.1,true,,159,0
2025-07-18,22745,21,2.1,true,,141,0
2025-07-19,22745,22,2.1,true,,120,274
2025-07-20,22745,20,2.1,true,,372,0
2025-07-21,22745,18,2.1,true,,352,0
2025-07-22,22745,17,2.1,true,,334,0
2025-07-23,22745,18,2.1,true,,317,0
2025-07-24,22745,18,2.1,true,,299,0
2025-07-25,22745,21,2.1,true,,281,0
2025-07-26,22745,24,2.1,true,,260,0
2025-07-27,22745,22,2.1,true,,236,0
2025-07-28,22745,17,2.1,true,,214,0
2025-07-29,22745,19,2.1,true,,197,0
2025-07-30,22745,18,2.1,true,,178,0
2025-07-31,22745,20,2.1,true,,160,0
2025-08-01,22745,20,2.1,true,,140,0
2025-08-02,22745,23,2.1,true,,120,281
2025-08-03,22745,22,2.1,true,,378,0
2025-08-04,22745,18,2.1,true,,356,0
2025-08-05,22745,19,2.1,true,,338,0
2025-08-06,22745,18,2.1,true,,319,0
2025-08-07,22745,19,2.1,true,,301,0
2025-08-08,22745,21,2.1,true,,282,0
2025-08-09,22745,22,2.1,true,,261,0
2025-08-10,22745,23,2.1,true,,239,0
2025-08-11,22745,18,2.1,true,,216,0
2025-08-12,22745,20,2.1,true,,198,0
2025-08-13,22745,19,2.1,true,,178,0
2025-08-14,22745,18,2.1,true,,159,0
2025-08-15,22745,21,2.1,true,,141,0
2025-08-16,22745,24,2.1,true,,120,287
2025-08-17,22745,22,2.1,true,,383,0
2025-08-18,22745,18,2.1,true,,361,0
2025-08-19,22745,19,2.1,true,,343,0
2025-08-20,22745,18,2.1,true,,324,0
2025-08-21,22745,21,2.1,true,,306,0
2025-08-22,22745,21,2.1,true,,285,0
2025-08-23,22745,23,2.1,true,,264,0
2025-08-24,22745,23,2.1,true,,241,0
2025-08-25,22745,18,2.1,true,,218,0
2025-08-26,22745,19,2.1,true,,200,0
2025-08-27,22745,19,2.1,true,,181,0
2025-08-28,22745,20,2.1,true,,162,0
2025-08-29,22745,22,2.1,true,,142,0
2025-08-30,22745,23,2.1,true,,120,294
2025-08-31,22745,22,2.1,true,,391,0
2025-09-01,22745,19,2.1,true,,369,0
2025-09-02,22745,19,2.1,true,,350,0
2025-09-03,22745,19,2.1,true,,331,0
2025-09-04,22745,20,2.1,true,,312,0
2025-09-05,22745,23,2.1,true,,292,0
2025-09-06,22745,24,2.1,true,,269,0
2025-09-07,22745,24,2.1,true,,245,0
2025-09-08,22745,19,2.1,true,,221,0
2025-09-09,22745,19,2.1,true,,202,0
2025-09-10,22745,21,2.1,true,,183,0
2025-09-11,22745,19,2.1,true,,162,0
2025-09-12,22745,23,2.1,true,,143,0
2025-09-13,22745,24,2.1,true,,120,303
2025-09-14,22745,24,2.1,true,,399,0
2025-09-15,22745,20,2.1,true,,375,0
2025-09-16,22745,19,2.1,true,,355,0
2025-09-17,22745,21,2.1,true,,336,0
2025-09-18,22745,22,2.1,true,,315,0
2025-09-19,22745,22,2.1,true,,293,0
2025-09-20,22745,26,2.1,true,,271,0
2025-09-21,22745,23,2.1,true,,245,0
2025-09-22,22745,20,2.1,true,,222,0
2025-09-23,22745,20,2.1,true,,202,0
2025-09-24,22745,19,2.1,true,,182,0
2025-09-25,22745,21,2.1,true,,163,0
2025-09-26,22745,22,2.1,true,,142,0
2025-09-27,22745,26,2.1,true,,120,307
2025-09-28,22745,23,2.1,true,,401,0
2025-09-29,22745,19,2.1,true,,378,0
2025-09-30,22745,20,2.1,true,,359,0
2025-10-01,22745,20,2.1,true,,339,0
2025-10-02,22745,21,2.1,true,,319,0
2025-10-03,22745,23,2.1,true,,298,0
2025-10-04,22745,25,2.1,true,,275,0
2025-10-05,22745,24,2.1,true,,250,0
2025-10-06,22745,21,2.1,true,,226,0
2025-10-07,22745,19,2.1,true,,205,0
2025-10-08,22745,21,2.1,true,,186,0
2025-10-09,22745,21,2.1,true,,165,0
2025-10-10,22745,24,2.1,true,,144,0
2025-10-11,22745,27,2.1,true,,120,317
2025-10-12,22745,26,2.1,true,,410,0
2025-10-13,22745,21,2.1,true,,384,0
2025-10-14,22745,21,2.1,true,,363,0
2025-10-15,22745,20,2.1,true,,342,0
2025-10-16,22745,23,2.1,true,,322,0
2025-10-17,22745,24,2.1,true,,299,0
2025-10-18,22745,25,2.1,true,,275,0
2025-10-19,22745,25,2.1,true,,250,0
2025-10-20,22745,19,2.1,true,,225,0
2025-10-21,22745,20,2.1,true,,206,0
2025-10-22,22745,21,2.1,true,,186,0
2025-10-23,22745,21,2.1,true,,165,0
2025-10-24,22745,24,2.1,true,,144,0
2025-10-25,22745,26,2.1,true,,120,318
2025-10-26,22745,24,2.1,true,,412,0
2025-10-27,22745,20,2.1,true,,388,0
2025-10-28,22745,21,2.1,true,,368,0
2025-10-29,22745,22,2.1,true,,347,0
2025-10-30,22745,22,2.1,true,,325,0
2025-10-31,22745,23,2.1,true,,303,0
2025-11-01,22745,27,2.1,true,,280,0
2025-11-02,22745,25,2.1,true,,253,0
2025-11-03,22745,20,2.1,true,,228,0
2025-11-04,22745,20,2.1,true,,208,0
2025-11-05,22745,21,2.1,true,,188,0
2025-11-06,22745,23,2.1,true,,167,0
2025-11-07,22745,24,2.1,true,,144,0
2025-11-08,22745,28,2.1,true,,120,326
2025-11-09,22745,25,2.1,true,,418,0
2025-11-10,22745,20,2.1,true,,393,0
2025-11-11,22745,22,2.1,true,,373,0
2025-11-12,22745,21,2.1,true,,351,0
2025-11-13,22745,22,2.1,true,,330,0
2025-11-14,22745,25,2.1,true,,308,0
2025-11-15,22745,28,2.1,true,,283,0
2025-11-16,22745,25,2.1,true,,255,0
2025-11-17,22745,20,2.1,true,,230,0
2025-11-18,22745,22,2.1,true,,210,0
2025-11-19,22745,23,2.1,true,,188,0
2025-11-20,22745,22,2.1,true,,165,0
2025-11-21,22745,23,2.1,true,,143,0
2025-11-22,22745,29,2.1,true,,120,331
2025-11-23,22745,25,2.1,true,,422,0
2025-11-24,22745,21,2.1,true,,397,0
2025-11-25,22745,21,2.1,true,,376,0
2025-11-26,22745,23,2.1,true,,355,0
2025-11-27,22745,22,2.1,true,,332,0
2025-11-28,22745,24,2.1,true,,310,0
2025-11-29,22745,27,2.1,true,,286,0
2025-11-30,22745,26,2.1,true,,259,0
2025-12-01,22745,22,2.1,true,,233,0
2025-12-02,22745,22,2.1,true,,211,0
2025-12-03,22745,22,2.1,true,,189,0
2025-12-04,22745,23,2.1,true,,167,0
2025-12-05,22745,24,2.1,true,,144,0
2025-12-06,22745,29,2.1,true,,120,335
2025-12-07,22745,27,2.1,true,,426,0
2025-12-08,22745,21,2.1,true,,399,0
2025-12-09,22745,21,2.1,true,,378,0
2025-12-10,22745,22,2.1,true,,357,0
2025-12-11,22745,24,2.1,true,,335,0
2025-12-12,22745,23,2.1,true,,311,0
2025-12-13,22745,27,2.1,true,,288,0
2025-12-14,22745,26,2.1,true,,261,0
2025-12-15,22745,21,2.1,true,,235,0
2025-12-16,22745,21,2.1,true,,214,0
2025-12-17,22745,23,2.1,true,,193,0
2025-12-18,22745,24,2.1,true,,170,0
2025-12-19,22745,26,2.1,true,,146,0
2025-12-20,22745,27,2.1,true,,120,337
2025-12-21,22745,27,2.1,true,,430,0
2025-12-22,22745,21,2.1,true,,403,0
2025-12-23,22745,21,2.1,true,,382,0
2025-12-24,22745,23,2.1,true,,361,0
2025-12-25,22745,23,2.1,true,,338,0
2025-12-26,22745,26,2.1,true,,315,0
2025-12-27,22745,28,2.1,true,,289,0
2025-12-28,22745,26,2.1,true,,261,0
2025-12-29,22745,21,2.1,true,,235,0
2025-12-30,22745,22,2.1,true,,214,0
2025-12-31,22745,23,2.1,true,,192,0
2026-01-01,22745,24,2.1,true,,169,0
2026-01-02,22745,25,2.1,true,,145,0
2026-01-03,22745,28,2.1,true,,120,337
2026-01-04,22745,26,2.1,true,,429,0
2026-01-05,22745,21,2.1,true,,403,0
2026-01-06,22745,22,2.1,true,,382,0
2026-01-07,22745,22,2.1,true,,360,0
2026-01-08,22745,22,2.1,true,,338,0
2026-01-09,22745,25,2.1,true,,316,0
2026-01-10,22745,29,2.1,true,,291,0
2026-01-11,22745,27,2.1,true,,262,0
2026-01-12,22745,22,2.1,true,,235,0
2026-01-13,22745,22,2.1,true,,213,0
2026-01-14,22745,23,2.1,true,,191,0
2026-01-15,22745,23,2.1,true,,168,0
2026-01-16,22745,25,2.1,true,,145,0
2026-01-17,22745,28,2.1,true,,120,338
2026-01-18,22745,26,2.1,true,,430,0
2026-01-19,22745,21,2.1,true,,404,0
2026-01-20,22745,22,2.1,true,,383,0
2026-01-21,22745,23,2.1,true,,361,0
2026-01-22,22745,24,2.1,true,,338,0
2026-01-23,22745,26,2.1,true,,314,0
2026-01-24,22745,29,2.1,true,,288,0
2026-01-25,22745,27,2.1,true,,259,0
2026-01-26,22745,21,2.1,true,,232,0
2026-01-27,22745,22,2.1,true,,211,0
2026-01-28,22745,23,2.1,true,,189,0
2026-01-29,22745,22,2.1,true,,166,0
2026-01-30,22745,24,2.1,true,,144,0
2026-01-31,22745,28,2.1,true,,120,337
2026-02-01,22745,27,2.1,true,,429,0
2026-02-02,22745,22,2.1,true,,402,0
2026-02-03,22745,23,2.1,true,,380,0
2026-02-04,22745,22,2.1,true,,357,0
2026-02-05,22745,23,2.1,true,,335,0
2026-02-06,22745,26,2.1,true,,312,0
2026-02-07,22745,28,2.1,true,,286,0
2026-02-08,22745,26,2.1,true,,258,0
2026-02-09,22745,20,2.1,true,,232,0
2026-02-10,22745,22,2.1,true,,212,0
2026-02-11,22745,22,2.1,true,,190,0
2026-02-12,22745,23,2.1,true,,168,0
2026-02-13,22745,25,2.1,true,,145,0
2026-02-14,22745,27,2.1,true,,120,333
2026-02-15,22745,26,2.1,true,,426,0
2026-02-16,22745,21,2.1,true,,400,0
2026-02-17,22745,23,2.1,true,,379,0
2026-02-18,22745,23,2.1,true,,356,0
2026-02-19,22745,24,2.1,true,,333,0
2026-02-20,22745,25,2.1,true,,309,0
2026-02-21,22745,28,2.1,true,,284,0
2026-02-22,22745,27,2.1,true,,256,0
2026-02-23,22745,20,2.1,true,,229,0
2026-02-24,22745,21,2.1,true,,209,0
2026-02-25,22745,21,2.1,true,,188,0
2026-02-26,22745,22,2.1,true,,167,0
2026-02-27,22745,25,2.1,true,,145,0
2026-02-28,22745,28,2.1,true,,120,333
2026-03-01,22745,26,2.1,true,,425,0
2026-03-02,22745,21,2.1,true,,399,0
2026-03-03,22745,21,2.1,true,,378,0
2026-03-04,22745,22,2.1,true,,357,0
2026-03-05,22745,22,2.1,true,,335,0
2026-03-06,22745,24,2.1,true,,313,0
2026-03-07,22745,28,2.1,true,,289,0
2026-03-08,22745,27,2.1,true,,261,0
2026-03-09,22745,22,2.1,true,,234,0
2026-03-10,22745,22,2.1,true,,212,0
2026-03-11,22745,22,2.1,true,,190,0
2026-03-12,22745,23,2.1,true,,168,0
2026-03-13,22745,25,2.1,true,,145,0
2026-03-14,22745,27,2.1,true,,120,324
2026-03-15,22745,26,2.1,true,,417,0
2026-03-16,22745,20,2.1,true,,391,0
2026-03-17,22745,21,2.1,true,,371,0
2026-03-18,22745,21,2.1,true,,350,0
2026-03-19,22745,23,2.1,true,,329,0
2026-03-20,22745,24,2.1,true,,306,0
2026-03-21,22745,26,2.1,true,,282,0
2026-03-22,22745,27,2.1,true,,256,0
2026-03-23,22745,21,2.1,true,,229,0
2026-03-24,22745,21,2.1,true,,208,0
2026-03-25,22745,21,2.1,true,,187,0
2026-03-26,22745,22,2.1,true,,166,0
2026-03-27,22745,24,2.1,true,,144,0
2026-03-28,22745,27,2.1,true,,120,326
2026-03-29,22745,26,2.1,true,,419,0
2026-03-30,22745,20,2.1,true,,393,0
2026-03-31,22745,22,2.1,true,,373,0
2026-04-01,22745,22,2.1,true,,351,0
2026-04-02,22745,22,2.1,true,,329,0
2026-04-03,22745,23,2.1,true,,307,0
2026-04-04,22745,28,2.1,true,,284,0
2026-04-05,22745,26,2.1,true,,256,0
2026-04-06,22745,21,2.1,true,,230,0
2026-04-07,22745,22,2.1,true,,209,0
2026-04-08,22745,20,2.1,true,,187,0
2026-04-09,22745,23,2.1,true,,167,0
2026-04-10,22745,24,2.1,true,,144,0
2026-04-11,22745,26,2.1,true,,120,326
2026-04-12,22745,26,2.1,true,,420,0
2026-04-13,22745,21,2.1,true,,394,0
2026-04-14,22745,21,2.1,true,,373,0
2026-04-15,22745,21,2.1,true,,352,0
2026-04-16,22745,23,2.1,true,,331,0
2026-04-17,22745,24,2.1,true,,308,0
2026-04-18,22745,27,2.1,true,,284,0
2026-04-19,22745,27,2.1,true,,257,0
2026-04-20,22745,21,2.1,true,,230,0
2026-04-21,22745,22,2.1,true,,209,0
2026-04-22,22745,21,2.1,true,,187,0
2026-04-23,22745,23,2.1,true,,166,0
2026-04-24,22745,23,2.1,true,,143,0
2026-04-25,22745,26,2.1,true,,120,322
2026-04-26,22745,26,2.1,true,,416,0
2026-04-27,22745,20,2.1,true,,390,0
2026-04-28,22745,22,2.1,true,,370,0
2026-04-29,22745,22,2.1,true,,348,0
2026-04-30,22745,22,2.1,true,,326,0
2026-05-01,22745,23,2.1,true,,304,0
2026-05-02,22745,26,2.1,true,,281,0
2026-05-03,22745,26,2.1,true,,255,0
2026-05-04,22745,21,2.1,true,,229,0
2026-05-05,22745,20,2.1,true,,208,0
2026-05-06,22745,22,2.1,true,,188,0
2026-05-07,22745,22,2.1,true,,166,0
2026-05-08,22745,24,2.1,true,,144,0
2026-05-09,22745,27,2.1,true,,120,317
2026-05-10,22745,26,2.1,true,,410,0
2026-05-11,22745,21,2.1,true,,384,0
2026-05-12,22745,21,2.1,true,,363,0
2026-05-13,22745,22,2.1,true,,342,0
2026-05-14,22745,22,2.1,true,,320,0
2026-05-15,22745,23,2.1,true,,298,0
2026-05-16,22745,26,2.1,true,,275,0
2026-05-17,22745,24,2.1,true,,249,0
2026-05-18,22745,19,2.1,true,,225,0
2026-05-19,22745,19,2.1,true,,206,0
2026-05-20,22745,21,2.1,true,,187,0
2026-05-21,22745,22,2.1,true,,166,0
2026-05-22,22745,24,2.1,true,,144,0
2026-05-23,22745,26,2.1,true,,120,317
2026-05-24,22745,24,2.1,true,,411,0
2026-05-25,22745,21,2.1,true,,387,0
2026-05-26,22745,20,2.1,true,,366,0
2026-05-27,22745,20,2.1,true,,346,0
2026-05-28,22745,23,2.1,true,,326,0
2026-05-29,22745,24,2.1,true,,303,0
2026-05-30,22745,25,2.1,true,,279,0
2026-05-31,22745,26,2.1,true,,254,0
2026-06-01,22745,20,2.1,true,,228,0
2026-06-02,22745,21,2.1,true,,208,0
2026-06-03,22745,20,2.1,true,,187,0
2026-06-04,22745,23,2.1,true,,167,0
2026-06-05,22745,24,2.1,true,,144,0
2026-06-06,22745,28,2.1,true,,120,315
2026-06-07,22745,24,2.1,true,,407,0
2026-06-08,22745,19,2.1,true,,383,0
2026-06-09,22745,20,2.1,true,,364,0
2026-06-10,22745,21,2.1,true,,344,0
2026-06-11,22745,21,2.1,true,,323,0
2026-06-12,22745,23,2.1,true,,302,0
2026-06-13,22745,28,2.1,true,,279,0
2026-06-14,22745,25,2.1,true,,251,0
2026-06-15,22745,20,2.1,true,,226,0
2026-06-16,22745,20,2.1,true,,206,0
2026-06-17,22745,21,2.1,true,,186,0
2026-06-18,22745,22,2.1,true,,165,0
2026-06-19,22745,23,2.1,true,,143,0
2026-06-20,22745,28,2.1,true,,120,322
2026-06-21,22745,25,2.1,true,,414,0
2026-06-22,22745,20,2.1,true,,389,0
2026-06-23,22745,21,2.1,true,,369,0
2026-06-24,22745,21,2.1,true,,348,0
2026-06-25,22745,23,2.1,true,,327,0
2026-06-26,22745,25,2.1,true,,304,0
2026-06-27,22745,26,2.1,true,,279,0
2026-06-28,22745,27,2.1,true,,253,0
2026-06-29,22745,19,2.1,true,,226,0
2026-06-30,22745,20,2.1,true,,207,0
2026-07-01,22745,22,2.1,true,,187,0
2026-07-02,22745,21,2.1,true,,165,0
2026-07-03,22745,24,2.1,true,,144,0
2026-07-04,22745,27,2.1,true,,120,321
2026-07-05,22745,25,2.1,true,,414,0
2026-07-06,22745,21,2.1,true,,389,0
2026-07-07,22745,20,2.1,true,,368,0
2026-07-08,22745,23,2.1,true,,348,0
2026-07-09,22745,22,2.1,true,,325,0
2026-07-10,22745,24,2.1,true,,303,0
2026-07-11,22745,26,2.1,true,,279,0
2026-07-12,22745,26,2.1,true,,253,0
2026-07-13,22745,19,2.1,true,,227,0
2026-07-14,22745,21,2.1,true,,208,0
2026-07-15,22745,22,2.1,true,,187,0
2026-07-16,22745,22,2.1,true,,165,0
2026-07-17,22745,23,2.1,true,,143,0
2026-07-18,22745,26,2.1,true,,120,336
2026-07-19,22745,26,2.1,true,,430,0
2026-07-20,22745,22,2.1,true,,404,0
2026-07-21,22745,22,2.1,true,,382,0
2026-07-22,22745,23,2.1,true,,360,0
2026-07-23,22745,24,2.1,true,,337,0
2026-07-24,22745,25,2.1,true,,313,0
2026-07-25,22745,28,2.1,true,,288,0
2026-07-26,22745,26,2.1,true,,260,0
2026-07-27,22745,22,2.1,true,,234,0
2026-07-28,22745,22,2.1,true,,212,0
2026-07-29,22745,22,2.1,true,,190,0
2026-07-30,22745,22,2.1,true,,168,0
2026-07-31,22745,26,2.1,true,,146,0
2026-08-01,22745,27,2.1,true,,120,340
2026-08-02,22745,28,2.1,true,,433,0
2026-08-03,22745,22,2.1,true,,405,0
2026-08-04,22745,21,2.1,true,,383,0
2026-08-05,22745,23,2.1,true,,362,0
2026-08-06,22745,23,2.1,true,,339,0
2026-08-07,22745,24,2.1,true,,316,0
2026-08-08,22745,29,2.1,true,,292,0
2026-08-09,22745,27,2.1,true,,263,0
2026-08-10,22745,23,2.1,true,,236,0
2026-08-11,22745,22,2.1,true,,213,0
2026-08-12,22745,24,2.1,true,,191,0
2026-08-13,22745,23,2.1,true,,167,0
2026-08-14,22745,24,2.1,true,,144,0
2026-08-15,22745,27,2.1,true,,120,227
2026-08-16,22745,26,2.1,true,,320,0
2026-08-17,22745,22,2.1,true,,294,0
2026-08-18,22745,22,2.1,true,,272,0
2026-08-19,22745,23,2.1,true,,250,0
2026-08-20,22745,24,2.1,true,,227,0
2026-08-21,22745,26,2.1,true,,203,0
2026-08-22,22745,29,2.1,true,,177,0
2026-08-23,22745,28,2.1,true,,148,0
2026-08-24,22745,22,2.1,true,,120,533
2026-08-25,22745,22,2.1,true,,631,0
2026-08-26,22745,23,2.1,true,,609,0
2026-08-27,22745,25,2.1,true,,586,0
2026-08-28,22745,26,2.1,true,,561,0
2026-08-29,22745,28,2.1,true,,535,0
2026-08-30,22745,28,2.1,true,,507,0
2026-08-31,22745,22,2.1,true,,479,0
2026-09-01,22745,24,2.1,true,,457,0
2026-09-02,22745,24,2.1,true,,433,0
2026-09-03,22745,25,2.1,true,,409,0
2026-09-04,22745,27,2.1,true,,384,0
2026-09-05,22745,29,2.1,true,,357,0
2026-09-06,22745,27,2.1,true,,328,0
2026-09-07,22745,22,2.1,true,,301,0
2026-09-08,22745,22,2.1,true,,279,0
2026-09-09,22745,25,2.1,true,,257,0
2026-09-10,22745,24,2.1,true,,232,0
2026-09-11,22745,26,2.1,true,,208,0
2026-09-12,22745,29,2.1,true,,182,0
2026-09-13,22745,27,2.1,true,,153,0
2024-09-14,22748,29,2.1,true,,701,0
2024-09-15,22748,27,2.1,true,,672,0
2024-09-16,22748,21,2.1,true,,645,0
2024-09-17,22748,22,2.1,true,,624,0
2024-09-18,22748,24,2.1,true,,602,0
2024-09-19,22748,23,2.1,true,,578,0
2024-09-20,22748,25,2.1,true,,555,0
2024-09-21,22748,29,2.1,true,,530,0
2024-09-22,22748,29,2.1,true,,501,0
2024-09-23,22748,21,2.1,true,,472,0
2024-09-24,22748,21,2.1,true,,451,0
2024-09-25,22748,22,2.1,true,,430,0
2024-09-26,22748,24,2.1,true,,408,0
2024-09-27,22748,26,2.1,true,,384,0
2024-09-28,22748,30,2.1,true,,358,0
2024-09-29,22748,28,2.1,true,,328,0
2024-09-30,22748,21,2.1,true,,300,0
2024-10-01,22748,22,2.1,true,,279,0
2024-10-02,22748,24,2.1,true,,257,0
2024-10-03,22748,23,2.1,true,,233,0
2024-10-04,22748,26,2.1,true,,210,0
2024-10-05,22748,29,2.1,true,,184,0
2024-10-06,22748,27,2.1,true,,155,0
2024-10-07,22748,22,2.1,true,,128,366
2024-10-08,22748,22,2.1,true,,472,0
2024-10-09,22748,24,2.1,true,,450,0
2024-10-10,22748,24,2.1,true,,426,0
2024-10-11,22748,25,2.1,true,,402,0
2024-10-12,22748,28,2.1,true,,377,0
2024-10-13,22748,29,2.1,true,,349,0
2024-10-14,22748,24,2.1,true,,320,0
2024-10-15,22748,23,2.1,true,,296,0
2024-10-16,22748,25,2.1,true,,273,0
2024-10-17,22748,25,2.1,true,,248,0
2024-10-18,22748,26,2.1,true,,223,0
2024-10-19,22748,30,2.1,true,,197,0
2024-10-20,22748,29,2.1,true,,167,0
2024-10-21,22748,24,2.1,true,,138,356
2024-10-22,22748,23,2.1,true,,470,0
2024-10-23,22748,23,2.1,true,,447,0
2024-10-24,22748,23,2.1,true,,424,0
2024-10-25,22748,27,2.1,true,,401,0
2024-10-26,22748,29,2.1,true,,374,0
2024-10-27,22748,28,2.1,true,,345,0
2024-10-28,22748,22,2.1,true,,317,0
2024-10-29,22748,23,2.1,true,,295,0
2024-10-30,22748,24,2.1,true,,272,0
2024-10-31,22748,25,2.1,true,,248,0
2024-11-01,22748,26,2.1,true,,223,0
2024-11-02,22748,30,2.1,true,,197,0
2024-11-03,22748,29,2.1,true,,167,0
2024-11-04,22748,23,2.1,true,,138,0
2024-11-05,22748,24,2.1,true,,115,387
2024-11-06,22748,25,2.1,true,,478,0
2024-11-07,22748,26,2.1,true,,453,0
2024-11-08,22748,26,2.1,true,,427,0
2024-11-09,22748,30,2.1,true,,401,0
2024-11-10,22748,28,2.1,true,,371,0
2024-11-11,22748,22,2.1,true,,343,0
2024-11-12,22748,24,2.1,true,,321,0
2024-11-13,22748,23,2.1,true,,297,0
2024-11-14,22748,25,2.1,true,,274,0
2024-11-15,22748,28,2.1,true,,249,0
2024-11-16,22748,30,2.1,true,,221,0
2024-11-17,22748,30,2.1,true,,191,0
2024-11-18,22748,23,2.1,true,,161,0
2024-11-19,22748,25,2.1,true,,138,371
2024-11-20,22748,24,2.1,true,,484,0
2024-11-21,22748,25,2.1,true,,460,0
2024-11-22,22748,28,2.1,true,,435,0
2024-11-23,22748,31,2.1,true,,407,0
2024-11-24,22748,29,2.1,true,,376,0
2024-11-25,22748,23,2.1,true,,347,0
2024-11-26,22748,23,2.1,true,,324,0
2024-11-27,22748,26,2.1,true,,301,0
2024-11-28,22748,26,2.1,true,,275,0
2024-11-29,22748,28,2.1,true,,249,0
2024-11-30,22748,30,2.1,true,,221,0
2024-12-01,22748,29,2.1,true,,191,0
2024-12-02,22748,24,2.1,true,,162,0
2024-12-03,22748,23,2.1,true,,138,0
2024-12-04,22748,26,2.1,true,,115,389
2024-12-05,22748,24,2.1,true,,478,0
2024-12-06,22748,26,2.1,true,,454,0
2024-12-07,22748,30,2.1,true,,428,0
2024-12-08,22748,29,2.1,true,,398,0
2024-12-09,22748,23,2.1,true,,369,0
2024-12-10,22748,23,2.1,true,,346,0
2024-12-11,22748,25,2.1,true,,323,0
2024-12-12,22748,25,2.1,true,,298,0
2024-12-13,22748,28,2.1,true,,273,0
2024-12-14,22748,30,2.1,true,,245,0
2024-12-15,22748,29,2.1,true,,215,0
2024-12-16,22748,23,2.1,true,,186,0
2024-12-17,22748,25,2.1,true,,163,0
2024-12-18,22748,25,2.1,true,,138,363
2024-12-19,22748,25,2.1,true,,476,0
2024-12-20,22748,26,2.1,true,,451,0
2024-12-21,22748,30,2.1,true,,425,0
2024-12-22,22748,30,2.1,true,,395,0
2024-12-23,22748,22,2.1,true,,365,0
2024-12-24,22748,24,2.1,true,,343,0
2024-12-25,22748,24,2.1,true,,319,0
2024-12-26,22748,24,2.1,true,,295,0
2024-12-27,22748,27,2.1,true,,271,0
2024-12-28,22748,30,2.1,true,,244,0
2024-12-29,22748,30,2.1,true,,214,0
2024-12-30,22748,22,2.1,true,,184,0
2024-12-31,22748,24,2.1,true,,162,0
2025-01-01,22748,25,2.1,true,,138,366
2025-01-02,22748,26,2.1,true,,479,0
2025-01-03,22748,28,2.1,true,,453,0
2025-01-04,22748,30,2.1,true,,425,0
2025-01-05,22748,29,2.1,true,,395,0
2025-01-06,22748,22,2.1,true,,366,0
2025-01-07,22748,23,2.1,true,,344,0
2025-01-08,22748,25,2.1,true,,321,0
2025-01-09,22748,25,2.1,true,,296,0
2025-01-10,22748,28,2.1,true,,271,0
2025-01-11,22748,30,2.1,true,,243,0
2025-01-12,22748,29,2.1,true,,213,0
2025-01-13,22748,23,2.1,true,,184,0
2025-01-14,22748,23,2.1,true,,161,0
2025-01-15,22748,23,2.1,true,,138,0
2025-01-16,22748,26,2.1,true,,115,390
2025-01-17,22748,27,2.1,true,,479,0
2025-01-18,22748,31,2.1,true,,452,0
2025-01-19,22748,27,2.1,true,,421,0
2025-01-20,22748,23,2.1,true,,394,0
2025-01-21,22748,23,2.1,true,,371,0
2025-01-22,22748,25,2.1,true,,348,0
2025-01-23,22748,25,2.1,true,,323,0
2025-01-24,22748,28,2.1,true,,298,0
2025-01-25,22748,30,2.1,true,,270,0
2025-01-26,22748,30,2.1,true,,240,0
2025-01-27,22748,23,2.1,true,,210,0
2025-01-28,22748,24,2.1,true,,187,0
2025-01-29,22748,25,2.1,true,,163,0
2025-01-30,22748,25,2.1,true,,138,359
2025-01-31,22748,27,2.1,true,,472,0
2025-02-01,22748,31,2.1,true,,445,0
2025-02-02,22748,29,2.1,true,,414,0
2025-02-03,22748,22,2.1,true,,385,0
2025-02-04,22748,23,2.1,true,,363,0
2025-02-05,22748,24,2.1,true,,340,0
2025-02-06,22748,25,2.1,true,,316,0
2025-02-07,22748,26,2.1,true,,291,0
2025-02-08,22748,31,2.1,true,,265,0
2025-02-09,22748,29,2.1,true,,234,0
2025-02-10,22748,21,2.1,true,,205,0
2025-02-11,22748,22,2.1,true,,184,0
2025-02-12,22748,24,2.1,true,,162,0
2025-02-13,22748,25,2.1,true,,138,353
2025-02-14,22748,27,2.1,true,,466,0
2025-02-15,22748,28,2.1,true,,439,0
2025-02-16,22748,29,2.1,true,,411,0
2025-02-17,22748,22,2.1,true,,382,0
2025-02-18,22748,24,2.1,true,,360,0
2025-02-19,22748,23,2.1,true,,336,0
2025-02-20,22748,24,2.1,true,,313,0
2025-02-21,22748,25,2.1,true,,289,0
2025-02-22,22748,29,2.1,true,,264,0
2025-02-23,22748,28,2.1,true,,235,0
2025-02-24,22748,21,2.1,true,,207,0
2025-02-25,22748,24,2.1,true,,186,0
2025-02-26,22748,24,2.1,true,,162,0
2025-02-27,22748,23,2.1,true,,138,0
2025-02-28,22748,27,2.1,true,,115,370
2025-03-01,22748,30,2.1,true,,458,0
2025-03-02,22748,28,2.1,true,,428,0
2025-03-03,22748,21,2.1,true,,400,0
2025-03-04,22748,21,2.1,true,,379,0
2025-03-05,22748,23,2.1,true,,358,0
2025-03-06,22748,24,2.1,true,,335,0
2025-03-07,22748,26,2.1,true,,311,0
2025-03-08,22748,29,2.1,true,,285,0
2025-03-09,22748,27,2.1,true,,256,0
2025-03-10,22748,21,2.1,true,,229,0
2025-03-11,22748,21,2.1,true,,208,0
2025-03-12,22748,24,2.1,true,,187,0
2025-03-13,22748,25,2.1,true,,163,0
2025-03-14,22748,24,2.1,true,,138,338
2025-03-15,22748,28,2.1,true,,452,0
2025-03-16,22748,27,2.1,true,,424,0
2025-03-17,22748,21,2.1,true,,397,0
2025-03-18,22748,23,2.1,true,,376,0
2025-03-19,22748,24,2.1,true,,353,0
2025-03-20,22748,23,2.1,true,,329,0
2025-03-21,22748,25,2.1,true,,306,0
2025-03-22,22748,28,2.1,true,,281,0
2025-03-23,22748,27,2.1,true,,253,0
2025-03-24,22748,22,2.1,true,,226,0
2025-03-25,22748,21,2.1,true,,204,0
2025-03-26,22748,22,2.1,true,,183,0
2025-03-27,22748,23,2.1,true,,161,0
2025-03-28,22748,24,2.1,true,,138,338
2025-03-29,22748,29,2.1,true,,452,0
2025-03-30,22748,27,2.1,true,,423,0
2025-03-31,22748,21,2.1,true,,396,0
2025-04-01,22748,22,2.1,true,,375,0
2025-04-02,22748,23,2.1,true,,353,0
2025-04-03,22748,24,2.1,true,,330,0
2025-04-04,22748,26,2.1,true,,306,0
2025-04-05,22748,29,2.1,true,,280,0
2025-04-06,22748,26,2.1,true,,251,0
2025-04-07,22748,21,2.1,true,,225,0
2025-04-08,22748,21,2.1,true,,204,0
2025-04-09,22748,23,2.1,true,,183,0
2025-04-10,22748,22,2.1,true,,160,0
2025-04-11,22748,23,2.1,true,,138,0
2025-04-12,22748,28,2.1,true,,115,350
2025-04-13,22748,27,2.1,true,,437,0
2025-04-14,22748,21,2.1,true,,410,0
2025-04-15,22748,22,2.1,true,,389,0
2025-04-16,22748,21,2.1,true,,367,0
2025-04-17,22748,22,2.1,true,,346,0
2025-04-18,22748,24,2.1,true,,324,0
2025-04-19,22748,28,2.1,true,,300,0
2025-04-20,22748,25,2.1,true,,272,0
2025-04-21,22748,20,2.1,true,,247,0
2025-04-22,22748,20,2.1,true,,227,0
2025-04-23,22748,21,2.1,true,,207,0
2025-04-24,22748,23,2.1,true,,186,0
2025-04-25,22748,25,2.1,true,,163,0
2025-04-26,22748,28,2.1,true,,138,329
2025-04-27,22748,27,2.1,true,,439,0
2025-04-28,22748,20,2.1,true,,412,0
2025-04-29,22748,22,2.1,true,,392,0
2025-04-30,22748,23,2.1,true,,370,0
2025-05-01,22748,23,2.1,true,,347,0
2025-05-02,22748,23,2.1,true,,324,0
2025-05-03,22748,27,2.1,true,,301,0
2025-05-04,22748,27,2.1,true,,274,0
2025-05-05,22748,20,2.1,true,,247,0
2025-05-06,22748,21,2.1,true,,227,0
2025-05-07,22748,22,2.1,true,,206,0
2025-05-08,22748,22,2.1,true,,184,0
2025-05-09,22748,24,2.1,true,,162,0
2025-05-10,22748,27,2.1,true,,138,326
2025-05-11,22748,26,2.1,true,,437,0
2025-05-12,22748,22,2.1,true,,411,0
2025-05-13,22748,20,2.1,true,,389,0
2025-05-14,22748,21,2.1,true,,369,0
2025-05-15,22748,21,2.1,true,,348,0
2025-05-16,22748,24,2.1,true,,327,0
2025-05-17,22748,27,2.1,true,,303,0
2025-05-18,22748,27,2.1,true,,276,0
2025-05-19,22748,21,2.1,true,,249,0
2025-05-20,22748,22,2.1,true,,228,0
2025-05-21,22748,21,2.1,true,,206,0
2025-05-22,22748,23,2.1,true,,185,0
2025-05-23,22748,24,2.1,true,,162,0
2025-05-24,22748,27,2.1,true,,138,320
2025-05-25,22748,26,2.1,true,,431,0
2025-05-26,22748,21,2.1,true,,405,0
2025-05-27,22748,22,2.1,true,,384,0
2025-05-28,22748,21,2.1,true,,362,0
2025-05-29,22748,21,2.1,true,,341,0
2025-05-30,22748,25,2.1,true,,320,0
2025-05-31,22748,27,2.1,true,,295,0
2025-06-01,22748,25,2.1,true,,268,0
2025-06-02,22748,21,2.1,true,,243,0
2025-06-03,22748,20,2.1,true,,222,0
2025-06-04,22748,21,2.1,true,,202,0
2025-06-05,22748,21,2.1,true,,181,0
2025-06-06,22748,22,2.1,true,,160,0
2025-06-07,22748,27,2.1,true,,138,320
2025-06-08,22748,24,2.1,true,,431,0
2025-06-09,22748,20,2.1,true,,407,0
2025-06-10,22748,21,2.1,true,,387,0
2025-06-11,22748,22,2.1,true,,366,0
2025-06-12,22748,21,2.1,true,,344,0
2025-06-13,22748,24,2.1,true,,323,0
2025-06-14,22748,27,2.1,true,,299,0
2025-06-15,22748,25,2.1,true,,272,0
2025-06-16,22748,21,2.1,true,,247,0
2025-06-17,22748,21,2.1,true,,226,0
2025-06-18,22748,20,2.1,true,,205,0
2025-06-19,22748,23,2.1,true,,185,0
2025-06-20,22748,24,2.1,true,,162,0
2025-06-21,22748,26,2.1,true,,138,318
2025-06-22,22748,27,2.1,true,,430,0
2025-06-23,22748,20,2.1,true,,403,0
2025-06-24,22748,20,2.1,true,,383,0
2025-06-25,22748,21,2.1,true,,363,0
2025-06-26,22748,23,2.1,true,,342,0
2025-06-27,22748,23,2.1,true,,319,0
2025-06-28,22748,27,2.1,true,,296,0
2025-06-29,22748,24,2.1,true,,269,0
2025-06-30,22748,19,2.1,true,,245,0
2025-07-01,22748,21,2.1,true,,226,0
2025-07-02,22748,21,2.1,true,,205,0
2025-07-03,22748,23,2.1,true,,184,0
2025-07-04,22748,23,2.1,true,,161,0
2025-07-05,22748,26,2.1,true,,138,319
2025-07-06,22748,27,2.1,true,,431,0
2025-07-07,22748,20,2.1,true,,404,0
2025-07-08,22748,20,2.1,true,,384,0
2025-07-09,22748,23,2.1,true,,364,0
2025-07-10,22748,21,2.1,true,,341,0
2025-07-11,22748,23,2.1,true,,320,0
2025-07-12,22748,26,2.1,true,,297,0
2025-07-13,22748,25,2.1,true,,271,0
2025-07-14,22748,21,2.1,true,,246,0
2025-07-15,22748,20,2.1,true,,225,0
2025-07-16,22748,23,2.1,true,,205,0
2025-07-17,22748,21,2.1,true,,182,0
2025-07-18,22748,23,2.1,true,,161,0
2025-07-19,22748,27,2.1,true,,138,328
2025-07-20,22748,25,2.1,true,,439,0
2025-07-21,22748,20,2.1,true,,414,0
2025-07-22,22748,22,2.1,true,,394,0
2025-07-23,22748,23,2.1,true,,372,0
2025-07-24,22748,22,2.1,true,,349,0
2025-07-25,22748,23,2.1,true,,327,0
2025-07-26,22748,28,2.1,true,,304,0
2025-07-27,22748,26,2.1,true,,276,0
2025-07-28,22748,21,2.1,true,,250,0
2025-07-29,22748,22,2.1,true,,229,0
2025-07-30,22748,23,2.1,true,,207,0
2025-07-31,22748,23,2.1,true,,184,0
2025-08-01,22748,23,2.1,true,,161,0
2025-08-02,22748,28,2.1,true,,138,336
2025-08-03,22748,26,2.1,true,,446,0
2025-08-04,22748,20,2.1,true,,420,0
2025-08-05,22748,22,2.1,true,,400,0
2025-08-06,22748,23,2.1,true,,378,0
2025-08-07,22748,24,2.1,true,,355,0
2025-08-08,22748,24,2.1,true,,331,0
2025-08-09,22748,27,2.1,true,,307,0
2025-08-10,22748,25,2.1,true,,280,0
2025-08-11,22748,22,2.1,true,,255,0
2025-08-12,22748,22,2.1,true,,233,0
2025-08-13,22748,23,2.1,true,,211,0
2025-08-14,22748,24,2.1,true,,188,0
2025-08-15,22748,26,2.1,true,,164,0
2025-08-16,22748,28,2.1,true,,138,335
2025-08-17,22748,26,2.1,true,,445,0
2025-08-18,22748,22,2.1,true,,419,0
2025-08-19,22748,22,2.1,true,,397,0
2025-08-20,22748,22,2.1,true,,375,0
2025-08-21,22748,22,2.1,true,,353,0
2025-08-22,22748,24,2.1,true,,331,0
2025-08-23,22748,29,2.1,true,,307,0
2025-08-24,22748,27,2.1,true,,278,0
2025-08-25,22748,20,2.1,true,,251,0
2025-08-26,22748,23,2.1,true,,231,0
2025-08-27,22748,22,2.1,true,,208,0
2025-08-28,22748,24,2.1,true,,186,0
2025-08-29,22748,24,2.1,true,,162,0
2025-08-30,22748,28,2.1,true,,138,344
2025-08-31,22748,27,2.1,true,,454,0
2025-09-01,22748,23,2.1,true,,427,0
2025-09-02,22748,23,2.1,true,,404,0
2025-09-03,22748,23,2.1,true,,381,0
2025-09-04,22748,24,2.1,true,,358,0
2025-09-05,22748,26,2.1,true,,334,0
2025-09-06,22748,28,2.1,true,,308,0
2025-09-07,22748,26,2.1,true,,280,0
2025-09-08,22748,22,2.1,true,,254,0
2025-09-09,22748,23,2.1,true,,232,0
2025-09-10,22748,22,2.1,true,,209,0
2025-09-11,22748,23,2.1,true,,187,0
2025-09-12,22748,26,2.1,true,,164,0
2025-09-13,22748,29,2.1,true,,138,342
2025-09-14,22748,28,2.1,true,,451,0
2025-09-15,22748,21,2.1,true,,423,0
2025-09-16,22748,21,2.1,true,,402,0
2025-09-17,22748,22,2.1,true,,381,0
2025-09-18,22748,24,2.1,true,,359,0
2025-09-19,22748,25,2.1,true,,335,0
2025-09-20,22748,30,2.1,true,,310,0
2025-09-21,22748,26,2.1,true,,280,0
2025-09-22,22748,21,2.1,true,,254,0
2025-09-23,22748,23,2.1,true,,233,0
2025-09-24,22748,23,2.1,true,,210,0
2025-09-25,22748,24,2.1,true,,187,0
2025-09-26,22748,25,2.1,true,,163,0
2025-09-27,22748,30,2.1,true,,138,349
2025-09-28,22748,27,2.1,true,,457,0
2025-09-29,22748,22,2.1,true,,430,0
2025-09-30,22748,24,2.1,true,,408,0
2025-10-01,22748,23,2.1,true,,384,0
2025-10-02,22748,23,2.1,true,,361,0
2025-10-03,22748,26,2.1,true,,338,0
2025-10-04,22748,29,2.1,true,,312,0
2025-10-05,22748,28,2.1,true,,283,0
2025-10-06,22748,22,2.1,true,,255,0
2025-10-07,22748,22,2.1,true,,233,0
2025-10-08,22748,24,2.1,true,,211,0
2025-10-09,22748,24,2.1,true,,187,0
2025-10-10,22748,25,2.1,true,,163,0
2025-10-11,22748,29,2.1,true,,138,355
2025-10-12,22748,28,2.1,true,,464,0
2025-10-13,22748,22,2.1,true,,436,0
2025-10-14,22748,23,2.1,true,,414,0
2025-10-15,22748,23,2.1,true,,391,0
2025-10-16,22748,23,2.1,true,,368,0
2025-10-17,22748,26,2.1,true,,345,0
2025-10-18,22748,30,2.1,true,,319,0
2025-10-19,22748,29,2.1,true,,289,0
2025-10-20,22748,22,2.1,true,,260,0
2025-10-21,22748,24,2.1,true,,238,0
2025-10-22,22748,25,2.1,true,,214,0
2025-10-23,22748,24,2.1,true,,189,0
2025-10-24,22748,27,2.1,true,,165,0
2025-10-25,22748,29,2.1,true,,138,361
2025-10-26,22748,28,2.1,true,,470,0
2025-10-27,22748,22,2.1,true,,442,0
2025-10-28,22748,22,2.1,true,,420,0
2025-10-29,22748,24,2.1,true,,398,0
2025-10-30,22748,26,2.1,true,,374,0
2025-10-31,22748,27,2.1,true,,348,0
2025-11-01,22748,30,2.1,true,,321,0
2025-11-02,22748,30,2.1,true,,291,0
2025-11-03,22748,23,2.1,true,,261,0
2025-11-04,22748,24,2.1,true,,238,0
2025-11-05,22748,25,2.1,true,,214,0
2025-11-06,22748,25,2.1,true,,189,0
2025-11-07,22748,26,2.1,true,,164,0
2025-11-08,22748,29,2.1,true,,138,368
2025-11-09,22748,29,2.1,true,,477,0
2025-11-10,22748,24,2.1,true,,448,0
2025-11-11,22748,24,2.1,true,,424,0
2025-11-12,22748,26,2.1,true,,400,0
2025-11-13,22748,24,2.1,true,,374,0
2025-11-14,22748,27,2.1,true,,350,0
2025-11-15,22748,30,2.1,true,,323,0
2025-11-16,22748,30,2.1,true,,293,0
2025-11-17,22748,23,2.1,true,,263,0
2025-11-18,22748,23,2.1,true,,240,0
2025-11-19,22748,25,2.1,true,,217,0
2025-11-20,22748,26,2.1,true,,192,0
2025-11-21,22748,28,2.1,true,,166,0
2025-11-22,22748,29,2.1,true,,138,360
2025-11-23,22748,28,2.1,true,,469,0
2025-11-24,22748,22,2.1,true,,441,0
2025-11-25,22748,24,2.1,true,,419,0
2025-11-26,22748,24,2.1,true,,395,0
2025-11-27,22748,25,2.1,true,,371,0
2025-11-28,22748,27,2.1,true,,346,0
2025-11-29,22748,30,2.1,true,,319,0
2025-11-30,22748,29,2.1,true,,289,0
2025-12-01,22748,23,2.1,true,,260,0
2025-12-02,22748,24,2.1,true,,237,0
2025-12-03,22748,24,2.1,true,,213,0
2025-12-04,22748,24,2.1,true,,189,0
2025-12-05,22748,27,2.1,true,,165,0
2025-12-06,22748,30,2.1,true,,138,372
2025-12-07,22748,29,2.1,true,,480,0
2025-12-08,22748,24,2.1,true,,451,0
2025-12-09,22748,24,2.1,true,,427,0
2025-12-10,22748,24,2.1,true,,403,0
2025-12-11,22748,27,2.1,true,,379,0
2025-12-12,22748,28,2.1,true,,352,0
2025-12-13,22748,31,2.1,true,,324,0
2025-12-14,22748,30,2.1,true,,293,0
2025-12-15,22748,24,2.1,true,,263,0
2025-12-16,22748,23,2.1,true,,239,0
2025-12-17,22748,25,2.1,true,,216,0
2025-12-18,22748,26,2.1,true,,191,0
2025-12-19,22748,27,2.1,true,,165,0
2025-12-20,22748,31,2.1,true,,138,366
2025-12-21,22748,30,2.1,true,,473,0
2025-12-22,22748,23,2.1,true,,443,0
2025-12-23,22748,23,2.1,true,,420,0
2025-12-24,22748,24,2.1,true,,397,0
2025-12-25,22748,25,2.1,true,,373,0
2025-12-26,22748,27,2.1,true,,348,0
2025-12-27,22748,30,2.1,true,,321,0
2025-12-28,22748,29,2.1,true,,291,0
2025-12-29,22748,23,2.1,true,,262,0
2025-12-30,22748,23,2.1,true,,239,0
2025-12-31,22748,24,2.1,true,,216,0
2026-01-01,22748,26,2.1,true,,192,0
2026-01-02,22748,28,2.1,true,,166,0
2026-01-03,22748,30,2.1,true,,138,362
2026-01-04,22748,28,2.1,true,,470,0
2026-01-05,22748,24,2.1,true,,442,0
2026-01-06,22748,23,2.1,true,,418,0
2026-01-07,22748,25,2.1,true,,395,0
2026-01-08,22748,25,2.1,true,,370,0
2026-01-09,22748,26,2.1,true,,345,0
2026-01-10,22748,31,2.1,true,,319,0
2026-01-11,22748,28,2.1,true,,288,0
2026-01-12,22748,22,2.1,true,,260,0
2026-01-13,22748,25,2.1,true,,238,0
2026-01-14,22748,24,2.1,true,,213,0
2026-01-15,22748,25,2.1,true,,189,0
2026-01-16,22748,26,2.1,true,,164,0
2026-01-17,22748,29,2.1,true,,138,356
2026-01-18,22748,28,2.1,true,,465,0
2026-01-19,22748,22,2.1,true,,437,0
2026-01-20,22748,24,2.1,true,,415,0
2026-01-21,22748,24,2.1,true,,391,0
2026-01-22,22748,25,2.1,true,,367,0
2026-01-23,22748,26,2.1,true,,342,0
2026-01-24,22748,30,2.1,true,,316,0
2026-01-25,22748,28,2.1,true,,286,0
2026-01-26,22748,22,2.1,true,,258,0
2026-01-27,22748,24,2.1,true,,236,0
2026-01-28,22748,24,2.1,true,,212,0
2026-01-29,22748,24,2.1,true,,188,0
2026-01-30,22748,26,2.1,true,,164,0
2026-01-31,22748,29,2.1,true,,138,359
2026-02-01,22748,29,2.1,true,,468,0
2026-02-02,22748,22,2.1,true,,439,0
2026-02-03,22748,23,2.1,true,,417,0
2026-02-04,22748,25,2.1,true,,394,0
2026-02-05,22748,25,2.1,true,,369,0
2026-02-06,22748,27,2.1,true,,344,0
2026-02-07,22748,29,2.1,true,,317,0
2026-02-08,22748,29,2.1,true,,288,0
2026-02-09,22748,22,2.1,true,,259,0
2026-02-10,22748,24,2.1,true,,237,0
2026-02-11,22748,24,2.1,true,,213,0
2026-02-12,22748,24,2.1,true,,189,0
2026-02-13,22748,27,2.1,true,,165,0
2026-02-14,22748,30,2.1,true,,138,351
2026-02-15,22748,27,2.1,true,,459,0
2026-02-16,22748,21,2.1,true,,432,0
2026-02-17,22748,22,2.1,true,,411,0
2026-02-18,22748,23,2.1,true,,389,0
2026-02-19,22748,25,2.1,true,,366,0
2026-02-20,22748,25,2.1,true,,341,0
2026-02-21,22748,29,2.1,true,,316,0
2026-02-22,22748,27,2.1,true,,287,0
2026-02-23,22748,23,2.1,true,,260,0
2026-02-24,22748,24,2.1,true,,237,0
2026-02-25,22748,23,2.1,true,,213,0
2026-02-26,22748,25,2.1,true,,190,0
2026-02-27,22748,27,2.1,true,,165,0
2026-02-28,22748,30,2.1,true,,138,346
2026-03-01,22748,28,2.1,true,,454,0
2026-03-02,22748,23,2.1,true,,426,0
2026-03-03,22748,23,2.1,true,,403,0
2026-03-04,22748,24,2.1,true,,380,0
2026-03-05,22748,25,2.1,true,,356,0
2026-03-06,22748,25,2.1,true,,331,0
2026-03-07,22748,28,2.1,true,,306,0
2026-03-08,22748,28,2.1,true,,278,0
2026-03-09,22748,21,2.1,true,,250,0
2026-03-10,22748,21,2.1,true,,229,0
2026-03-11,22748,22,2.1,true,,208,0
2026-03-12,22748,23,2.1,true,,186,0
2026-03-13,22748,25,2.1,true,,163,0
2026-03-14,22748,29,2.1,true,,138,342
2026-03-15,22748,28,2.1,true,,451,0
2026-03-16,22748,21,2.1,true,,423,0
2026-03-17,22748,23,2.1,true,,402,0
2026-03-18,22748,24,2.1,true,,379,0
2026-03-19,22748,22,2.1,true,,355,0
2026-03-20,22748,25,2.1,true,,333,0
2026-03-21,22748,28,2.1,true,,308,0
2026-03-22,22748,27,2.1,true,,280,0
2026-03-23,22748,22,2.1,true,,253,0
2026-03-24,22748,21,2.1,true,,231,0
2026-03-25,22748,24,2.1,true,,210,0
2026-03-26,22748,23,2.1,true,,186,0
2026-03-27,22748,25,2.1,true,,163,0
2026-03-28,22748,27,2.1,true,,138,341
2026-03-29,22748,27,2.1,true,,452,0
2026-03-30,22748,21,2.1,true,,425,0
2026-03-31,22748,23,2.1,true,,404,0
2026-04-01,22748,24,2.1,true,,381,0
2026-04-02,22748,24,2.1,true,,357,0
2026-04-03,22748,25,2.1,true,,333,0
2026-04-04,22748,28,2.1,true,,308,0
2026-04-05,22748,27,2.1,true,,280,0
2026-04-06,22748,21,2.1,true,,253,0
2026-04-07,22748,23,2.1,true,,232,0
2026-04-08,22748,22,2.1,true,,209,0
2026-04-09,22748,23,2.1,true,,187,0
2026-04-10,22748,26,2.1,true,,164,0
2026-04-11,22748,28,2.1,true,,138,331
2026-04-12,22748,27,2.1,true,,441,0
2026-04-13,22748,21,2.1,true,,414,0
2026-04-14,22748,22,2.1,true,,393,0
2026-04-15,22748,21,2.1,true,,371,0
2026-04-16,22748,23,2.1,true,,350,0
2026-04-17,22748,26,2.1,true,,327,0
2026-04-18,22748,26,2.1,true,,301,0
2026-04-19,22748,27,2.1,true,,275,0
2026-04-20,22748,20,2.1,true,,248,0
2026-04-21,22748,23,2.1,true,,228,0
2026-04-22,22748,21,2.1,true,,205,0
2026-04-23,22748,23,2.1,true,,184,0
2026-04-24,22748,23,2.1,true,,161,0
2026-04-25,22748,26,2.1,true,,138,321
2026-04-26,22748,25,2.1,true,,433,0
2026-04-27,22748,20,2.1,true,,408,0
2026-04-28,22748,20,2.1,true,,388,0
2026-04-29,22748,21,2.1,true,,368,0
2026-04-30,22748,22,2.1,true,,347,0
2026-05-01,22748,24,2.1,true,,325,0
2026-05-02,22748,28,2.1,true,,301,0
2026-05-03,22748,27,2.1,true,,273,0
2026-05-04,22748,20,2.1,true,,246,0
2026-05-05,22748,21,2.1,true,,226,0
2026-05-06,22748,22,2.1,true,,205,0
2026-05-07,22748,22,2.1,true,,183,0
2026-05-08,22748,23,2.1,true,,161,0
2026-05-09,22748,27,2.1,true,,138,320
2026-05-10,22748,25,2.1,true,,431,0
2026-05-11,22748,21,2.1,true,,406,0
2026-05-12,22748,21,2.1,true,,385,0
2026-05-13,22748,21,2.1,true,,364,0
2026-05-14,22748,22,2.1,true,,343,0
2026-05-15,22748,24,2.1,true,,321,0
2026-05-16,22748,26,2.1,true,,297,0
2026-05-17,22748,25,2.1,true,,271,0
2026-05-18,22748,19,2.1,true,,246,0
2026-05-19,22748,21,2.1,true,,227,0
2026-05-20,22748,21,2.1,true,,206,0
2026-05-21,22748,23,2.1,true,,185,0
2026-05-22,22748,24,2.1,true,,162,0
2026-05-23,22748,27,2.1,true,,138,317
2026-05-24,22748,26,2.1,true,,428,0
2026-05-25,22748,20,2.1,true,,402,0
2026-05-26,22748,21,2.1,true,,382,0
2026-05-27,22748,21,2.1,true,,361,0
2026-05-28,22748,23,2.1,true,,340,0
2026-05-29,22748,23,2.1,true,,317,0
2026-05-30,22748,27,2.1,true,,294,0
2026-05-31,22748,24,2.1,true,,267,0
2026-06-01,22748,19,2.1,true,,243,0
2026-06-02,22748,20,2.1,true,,224,0
2026-06-03,22748,21,2.1,true,,204,0
2026-06-04,22748,21,2.1,true,,183,0
2026-06-05,22748,24,2.1,true,,162,0
2026-06-06,22748,27,2.1,true,,138,322
2026-06-07,22748,24,2.1,true,,433,0
2026-06-08,22748,20,2.1,true,,409,0
2026-06-09,22748,22,2.1,true,,389,0
2026-06-10,22748,22,2.1,true,,367,0
2026-06-11,22748,22,2.1,true,,345,0
2026-06-12,22748,24,2.1,true,,323,0
2026-06-13,22748,27,2.1,true,,299,0
2026-06-14,22748,25,2.1,true,,272,0
2026-06-15,22748,21,2.1,true,,247,0
2026-06-16,22748,21,2.1,true,,226,0
2026-06-17,22748,21,2.1,true,,205,0
2026-06-18,22748,23,2.1,true,,184,0
2026-06-19,22748,23,2.1,true,,161,0
2026-06-20,22748,26,2.1,true,,138,315
2026-06-21,22748,25,2.1,true,,427,0
2026-06-22,22748,21,2.1,true,,402,0
2026-06-23,22748,21,2.1,true,,381,0
2026-06-24,22748,22,2.1,true,,360,0
2026-06-25,22748,21,2.1,true,,338,0
2026-06-26,22748,23,2.1,true,,317,0
2026-06-27,22748,26,2.1,true,,294,0
2026-06-28,22748,25,2.1,true,,268,0
2026-06-29,22748,19,2.1,true,,243,0
2026-06-30,22748,20,2.1,true,,224,0
2026-07-01,22748,20,2.1,true,,204,0
2026-07-02,22748,22,2.1,true,,184,0
2026-07-03,22748,24,2.1,true,,162,0
2026-07-04,22748,26,2.1,true,,138,320
2026-07-05,22748,25,2.1,true,,432,0
2026-07-06,22748,20,2.1,true,,407,0
2026-07-07,22748,20,2.1,true,,387,0
2026-07-08,22748,21,2.1,true,,367,0
2026-07-09,22748,23,2.1,true,,346,0
2026-07-10,22748,24,2.1,true,,323,0
2026-07-11,22748,28,2.1,true,,299,0
2026-07-12,22748,25,2.1,true,,271,0
2026-07-13,22748,20,2.1,true,,246,0
2026-07-14,22748,20,2.1,true,,226,0
2026-07-15,22748,21,2.1,true,,206,0
2026-07-16,22748,23,2.1,true,,185,0
2026-07-17,22748,24,2.1,true,,162,0
2026-07-18,22748,26,2.1,true,,138,326
2026-07-19,22748,27,2.1,true,,438,0
2026-07-20,22748,20,2.1,true,,411,0
2026-07-21,22748,20,2.1,true,,391,0
2026-07-22,22748,22,2.1,true,,371,0
2026-07-23,22748,23,2.1,true,,349,0
2026-07-24,22748,23,2.1,true,,326,0
2026-07-25,22748,28,2.1,true,,303,0
2026-07-26,22748,27,2.1,true,,275,0
2026-07-27,22748,21,2.1,true,,248,0
2026-07-28,22748,20,2.1,true,,227,0
2026-07-29,22748,22,2.1,true,,207,0
2026-07-30,22748,22,2.1,true,,185,0
2026-07-31,22748,25,2.1,true,,163,0
2026-08-01,22748,27,2.1,true,,138,333
2026-08-02,22748,27,2.1,true,,444,0
2026-08-03,22748,21,2.1,true,,417,0
2026-08-04,22748,23,2.1,true,,396,0
2026-08-05,22748,21,2.1,true,,373,0
2026-08-06,22748,21,2.1,true,,352,0
2026-08-07,22748,24,2.1,true,,331,0
2026-08-08,22748,28,2.1,true,,307,0
2026-08-09,22748,27,2.1,true,,279,0
2026-08-10,22748,22,2.1,true,,252,0
2026-08-11,22748,21,2.1,true,,230,0
2026-08-12,22748,22,2.1,true,,209,0
2026-08-13,22748,24,2.1,true,,187,0
2026-08-14,22748,25,2.1,true,,163,0
2026-08-15,22748,26,2.1,true,,138,220
2026-08-16,22748,27,2.1,true,,332,0
2026-08-17,22748,20,2.1,true,,305,0
2026-08-18,22748,23,2.1,true,,285,0
2026-08-19,22748,21,2.1,true,,262,0
2026-08-20,22748,22,2.1,true,,241,0
2026-08-21,22748,25,2.1,true,,219,0
2026-08-22,22748,29,2.1,true,,194,0
2026-08-23,22748,27,2.1,true,,165,0
2026-08-24,22748,21,2.1,true,,138,758
2026-08-25,22748,22,2.1,true,,875,0
2026-08-26,22748,21,2.1,true,,853,0
2026-08-27,22748,23,2.1,true,,832,0
2026-08-28,22748,25,2.1,true,,809,0
2026-08-29,22748,29,2.1,true,,784,0
2026-08-30,22748,27,2.1,true,,755,0
2026-08-31,22748,21,2.1,true,,728,0
2026-09-01,22748,22,2.1,true,,707,0
2026-09-02,22748,24,2.1,true,,685,0
2026-09-03,22748,22,2.1,true,,661,0
2026-09-04,22748,24,2.1,true,,639,0
2026-09-05,22748,27,2.1,true,,615,0
2026-09-06,22748,27,2.1,true,,588,0
2026-09-07,22748,23,2.1,true,,561,0
2026-09-08,22748,23,2.1,true,,538,0
2026-09-09,22748,23,2.1,true,,515,0
2026-09-10,22748,23,2.1,true,,492,0
2026-09-11,22748,25,2.1,true,,469,0
2026-09-12,22748,28,2.1,true,,444,0
2026-09-13,22748,28,2.1,true,,416,0
2024-09-14,22749,11,3.75,true,,271,0
2024-09-15,22749,11,3.75,true,,260,0
2024-09-16,22749,8,3.75,true,,249,0
2024-09-17,22749,9,3.75,true,,241,0
2024-09-18,22749,8,3.75,true,,232,0
2024-09-19,22749,9,3.75,true,,224,0
2024-09-20,22749,11,3.75,true,,215,0
2024-09-21,22749,11,3.75,true,,204,0
2024-09-22,22749,11,3.75,true,,193,0
2024-09-23,22749,10,3.75,true,,182,0
2024-09-24,22749,8,3.75,true,,172,0
2024-09-25,22749,9,3.75,true,,164,0
2024-09-26,22749,11,3.75,true,,155,0
2024-09-27,22749,9,3.75,true,,144,0
2024-09-28,22749,13,3.75,true,,135,0
2024-09-29,22749,11,3.75,true,,122,0
2024-09-30,22749,9,3.75,true,,111,0
2024-10-01,22749,10,3.75,true,,102,0
2024-10-02,22749,9,3.75,true,,92,0
2024-10-03,22749,9,3.75,true,,83,0
2024-10-04,22749,10,3.75,true,,74,0
2024-10-05,22749,11,3.75,true,,64,0
2024-10-06,22749,12,3.75,true,,53,0
2024-10-07,22749,8,3.75,true,,41,154
2024-10-08,22749,10,3.75,true,,187,0
2024-10-09,22749,8,3.75,true,,177,0
2024-10-10,22749,9,3.75,true,,169,0
2024-10-11,22749,12,3.75,true,,160,0
2024-10-12,22749,12,3.75,true,,148,0
2024-10-13,22749,12,3.75,true,,136,0
2024-10-14,22749,10,3.75,true,,124,0
2024-10-15,22749,8,3.75,true,,114,0
2024-10-16,22749,11,3.75,true,,106,0
2024-10-17,22749,10,3.75,true,,95,0
2024-10-18,22749,12,3.75,true,,85,0
2024-10-19,22749,13,3.75,true,,73,0
2024-10-20,22749,12,3.75,true,,60,0
2024-10-21,22749,9,3.75,true,,48,144
2024-10-22,22749,9,3.75,true,,183,0
2024-10-23,22749,9,3.75,true,,174,0
2024-10-24,22749,10,3.75,true,,165,0
2024-10-25,22749,12,3.75,true,,155,0
2024-10-26,22749,13,3.75,true,,143,0
2024-10-27,22749,11,3.75,true,,130,0
2024-10-28,22749,10,3.75,true,,119,0
2024-10-29,22749,9,3.75,true,,109,0
2024-10-30,22749,9,3.75,true,,100,0
2024-10-31,22749,9,3.75,true,,91,0
2024-11-01,22749,10,3.75,true,,82,0
2024-11-02,22749,12,3.75,true,,72,0
2024-11-03,22749,12,3.75,true,,60,0
2024-11-04,22749,11,3.75,true,,48,148
2024-11-05,22749,9,3.75,true,,185,0
2024-11-06,22749,10,3.75,true,,176,0
2024-11-07,22749,10,3.75,true,,166,0
2024-11-08,22749,10,3.75,true,,156,0
2024-11-09,22749,13,3.75,true,,146,0
2024-11-10,22749,10,3.75,true,,133,0
2024-11-11,22749,10,3.75,true,,123,0
2024-11-12,22749,9,3.75,true,,113,0
2024-11-13,22749,10,3.75,true,,104,0
2024-11-14,22749,11,3.75,true,,94,0
2024-11-15,22749,11,3.75,true,,83,0
2024-11-16,22749,13,3.75,true,,72,0
2024-11-17,22749,11,3.75,true,,59,0
2024-11-18,22749,10,3.75,true,,48,152
2024-11-19,22749,9,3.75,true,,190,0
2024-11-20,22749,9,3.75,true,,181,0
2024-11-21,22749,10,3.75,true,,172,0
2024-11-22,22749,11,3.75,true,,162,0
2024-11-23,22749,14,3.75,true,,151,0
2024-11-24,22749,12,3.75,true,,137,0
2024-11-25,22749,10,3.75,true,,125,0
2024-11-26,22749,10,3.75,true,,115,0
2024-11-27,22749,11,3.75,true,,105,0
2024-11-28,22749,11,3.75,true,,94,0
2024-11-29,22749,10,3.75,true,,83,0
2024-11-30,22749,12,3.75,true,,73,0
2024-12-01,22749,13,3.75,true,,61,0
2024-12-02,22749,9,3.75,true,,48,142
2024-12-03,22749,10,3.75,true,,181,0
2024-12-04,22749,10,3.75,true,,171,0
2024-12-05,22749,9,3.75,true,,161,0
2024-12-06,22749,10,3.75,true,,152,0
2024-12-07,22749,12,3.75,true,,142,0
2024-12-08,22749,11,3.75,true,,130,0
2024-12-09,22749,9,3.75,true,,119,0
2024-12-10,22749,9,3.75,true,,110,0
2024-12-11,22749,10,3.75,true,,101,0
2024-12-12,22749,11,3.75,true,,91,0
2024-12-13,22749,10,3.75,true,,80,0
2024-12-14,22749,11,3.75,true,,70,0
2024-12-15,22749,11,3.75,true,,59,0
2024-12-16,22749,9,3.75,true,,48,140
2024-12-17,22749,9,3.75,true,,179,0
2024-12-18,22749,8,3.75,true,,170,0
2024-12-19,22749,10,3.75,true,,162,0
2024-12-20,22749,12,3.75,true,,152,0
2024-12-21,22749,12,3.75,true,,140,0
2024-12-22,22749,11,3.75,true,,128,0
2024-12-23,22749,9,3.75,true,,117,0
2024-12-24,22749,9,3.75,true,,108,0
2024-12-25,22749,8,3.75,true,,99,0
2024-12-26,22749,10,3.75,true,,91,0
2024-12-27,22749,10,3.75,true,,81,0
2024-12-28,22749,12,3.75,true,,71,0
2024-12-29,22749,11,3.75,true,,59,0
2024-12-30,22749,9,3.75,true,,48,143
2024-12-31,22749,9,3.75,true,,182,0
2025-01-01,22749,10,3.75,true,,173,0
2025-01-02,22749,11,3.75,true,,163,0
2025-01-03,22749,10,3.75,true,,152,0
2025-01-04,22749,12,3.75,true,,142,0
2025-01-05,22749,13,3.75,true,,130,0
2025-01-06,22749,9,3.75,true,,117,0
2025-01-07,22749,9,3.75,true,,108,0
2025-01-08,22749,9,3.75,true,,99,0
2025-01-09,22749,10,3.75,true,,90,0
2025-01-10,22749,9,3.75,true,,80,0
2025-01-11,22749,12,3.75,true,,71,0
2025-01-12,22749,11,3.75,true,,59,0
2025-01-13,22749,8,3.75,true,,48,0
2025-01-14,22749,10,3.75,true,,40,153
2025-01-15,22749,10,3.75,true,,183,0
2025-01-16,22749,10,3.75,true,,173,0
2025-01-17,22749,10,3.75,true,,163,0
2025-01-18,22749,12,3.75,true,,153,0
2025-01-19,22749,11,3.75,true,,141,0
2025-01-20,22749,10,3.75,true,,130,0
2025-01-21,22749,10,3.75,true,,120,0
2025-01-22,22749,9,3.75,true,,110,0
2025-01-23,22749,9,3.75,true,,101,0
2025-01-24,22749,11,3.75,true,,92,0
2025-01-25,22749,12,3.75,true,,81,0
2025-01-26,22749,12,3.75,true,,69,0
2025-01-27,22749,9,3.75,true,,57,0
2025-01-28,22749,9,3.75,true,,48,143
2025-01-29,22749,9,3.75,true,,182,0
2025-01-30,22749,10,3.75,true,,173,0
2025-01-31,22749,11,3.75,true,,163,0
2025-02-01,22749,12,3.75,true,,152,0
2025-02-02,22749,12,3.75,true,,140,0
2025-02-03,22749,8,3.75,true,,128,0
2025-02-04,22749,10,3.75,true,,120,0
2025-02-05,22749,11,3.75,true,,110,0
2025-02-06,22749,10,3.75,true,,99,0
2025-02-07,22749,10,3.75,true,,89,0
2025-02-08,22749,12,3.75,true,,79,0
2025-02-09,22749,11,3.75,true,,67,0
2025-02-10,22749,8,3.75,true,,56,0
2025-02-11,22749,9,3.75,true,,48,137
2025-02-12,22749,10,3.75,true,,176,0
2025-02-13,22749,9,3.75,true,,166,0
2025-02-14,22749,11,3.75,true,,157,0
2025-02-15,22749,12,3.75,true,,146,0
2025-02-16,22749,10,3.75,true,,134,0
2025-02-17,22749,9,3.75,true,,124,0
2025-02-18,22749,9,3.75,true,,115,0
2025-02-19,22749,10,3.75,true,,106,0
2025-02-20,22749,9,3.75,true,,96,0
2025-02-21,22749,10,3.75,true,,87,0
2025-02-22,22749,10,3.75,true,,77,0
2025-02-23,22749,10,3.75,true,,67,0
2025-02-24,22749,9,3.75,true,,57,0
2025-02-25,22749,10,3.75,true,,48,135
2025-02-26,22749,9,3.75,true,,173,0
2025-02-27,22749,8,3.75,true,,164,0
2025-02-28,22749,10,3.75,true,,156,0
2025-03-01,22749,11,3.75,true,,146,0
2025-03-02,22749,11,3.75,true,,135,0
2025-03-03,22749,9,3.75,true,,124,0
2025-03-04,22749,8,3.75,true,,115,0
2025-03-05,22749,10,3.75,true,,107,0
2025-03-06,22749,9,3.75,true,,97,0
2025-03-07,22749,11,3.75,true,,88,0
2025-03-08,22749,11,3.75,true,,77,0
2025-03-09,22749,11,3.75,true,,66,0
2025-03-10,22749,7,3.75,true,,55,0
2025-03-11,22749,9,3.75,true,,48,132
2025-03-12,22749,9,3.75,true,,171,0
2025-03-13,22749,9,3.75,true,,162,0
2025-03-14,22749,11,3.75,true,,153,0
2025-03-15,22749,11,3.75,true,,142,0
2025-03-16,22749,10,3.75,true,,131,0
2025-03-17,22749,9,3.75,true,,121,0
2025-03-18,22749,8,3.75,true,,112,0
2025-03-19,22749,8,3.75,true,,104,0
2025-03-20,22749,9,3.75,true,,96,0
2025-03-21,22749,10,3.75,true,,87,0
2025-03-22,22749,10,3.75,true,,77,0
2025-03-23,22749,10,3.75,true,,67,0
2025-03-24,22749,9,3.75,true,,57,0
2025-03-25,22749,8,3.75,true,,48,0
2025-03-26,22749,8,3.75,true,,40,130
2025-03-27,22749,8,3.75,true,,162,0
2025-03-28,22749,9,3.75,true,,154,0
2025-03-29,22749,11,3.75,true,,145,0
2025-03-30,22749,9,3.75,true,,134,0
2025-03-31,22749,7,3.75,true,,125,0
2025-04-01,22749,8,3.75,true,,118,0
2025-04-02,22749,9,3.75,true,,110,0
2025-04-03,22749,8,3.75,true,,101,0
2025-04-04,22749,9,3.75,true,,93,0
2025-04-05,22749,10,3.75,true,,84,0
2025-04-06,22749,10,3.75,true,,74,0
2025-04-07,22749,8,3.75,true,,64,0
2025-04-08,22749,8,3.75,true,,56,0
2025-04-09,22749,7,3.75,true,,48,0
2025-04-10,22749,8,3.75,true,,41,127
2025-04-11,22749,9,3.75,true,,160,0
2025-04-12,22749,10,3.75,true,,151,0
2025-04-13,22749,11,3.75,true,,141,0
2025-04-14,22749,8,3.75,true,,130,0
2025-04-15,22749,9,3.75,true,,122,0
2025-04-16,22749,8,3.75,true,,113,0
2025-04-17,22749,8,3.75,true,,105,0
2025-04-18,22749,9,3.75,true,,97,0
2025-04-19,22749,9,3.75,true,,88,0
2025-04-20,22749,9,3.75,true,,79,0
2025-04-21,22749,7,3.75,true,,70,0
2025-04-22,22749,8,3.75,true,,63,0
2025-04-23,22749,7,3.75,true,,55,0
2025-04-24,22749,7,3.75,true,,48,0
2025-04-25,22749,10,3.75,true,,41,126
2025-04-26,22749,9,3.75,true,,157,0
2025-04-27,22749,9,3.75,true,,148,0
2025-04-28,22749,6,3.75,true,,139,0
2025-04-29,22749,8,3.75,true,,133,0
2025-04-30,22749,8,3.75,true,,125,0
2025-05-01,22749,8,3.75,true,,117,0
2025-05-02,22749,8,3.75,true,,109,0
2025-05-03,22749,11,3.75,true,,101,0
2025-05-04,22749,9,3.75,true,,90,0
2025-05-05,22749,8,3.75,true,,81,0
2025-05-06,22749,8,3.75,true,,73,0
2025-05-07,22749,9,3.75,true,,65,0
2025-05-08,22749,8,3.75,true,,56,0
2025-05-09,22749,10,3.75,true,,48,118
2025-05-10,22749,11,3.75,true,,156,0
2025-05-11,22749,9,3.75,true,,145,0
2025-05-12,22749,7,3.75,true,,136,0
2025-05-13,22749,7,3.75,true,,129,0
2025-05-14,22749,8,3.75,true,,122,0
2025-05-15,22749,8,3.75,true,,114,0
2025-05-16,22749,9,3.75,true,,106,0
2025-05-17,22749,10,3.75,true,,97,0
2025-05-18,22749,9,3.75,true,,87,0
2025-05-19,22749,7,3.75,true,,78,0
2025-05-20,22749,7,3.75,true,,71,0
2025-05-21,22749,9,3.75,true,,64,0
2025-05-22,22749,7,3.75,true,,55,0
2025-05-23,22749,8,3.75,true,,48,0
2025-05-24,22749,10,3.75,true,,40,125
2025-05-25,22749,10,3.75,true,,155,0
2025-05-26,22749,6,3.75,true,,145,0
2025-05-27,22749,8,3.75,true,,139,0
2025-05-28,22749,8,3.75,true,,131,0
2025-05-29,22749,8,3.75,true,,123,0
2025-05-30,22749,10,3.75,true,,115,0
2025-05-31,22749,9,3.75,true,,105,0
2025-06-01,22749,10,3.75,true,,96,0
2025-06-02,22749,7,3.75,true,,86,0
2025-06-03,22749,7,3.75,true,,79,0
2025-06-04,22749,8,3.75,true,,72,0
2025-06-05,22749,8,3.75,true,,64,0
2025-06-06,22749,8,3.75,true,,56,0
2025-06-07,22749,9,3.75,true,,48,109
2025-06-08,22749,9,3.75,true,,148,0
2025-06-09,22749,7,3.75,true,,139,0
2025-06-10,22749,6,3.75,true,,132,0
2025-06-11,22749,7,3.75,true,,126,0
2025-06-12,22749,7,3.75,true,,119,0
2025-06-13,22749,8,3.75,true,,112,0
2025-06-14,22749,8,3.75,true,,104,0
2025-06-15,22749,10,3.75,true,,96,0
2025-06-16,22749,7,3.75,true,,86,0
2025-06-17,22749,6,3.75,true,,79,0
2025-06-18,22749,8,3.75,true,,73,0
2025-06-19,22749,7,3.75,true,,65,0
2025-06-20,22749,10,3.75,true,,58,0
2025-06-21,22749,11,3.75,true,,48,114
2025-06-22,22749,8,3.75,true,,151,0
2025-06-23,22749,6,3.75,true,,143,0
2025-06-24,22749,7,3.75,true,,137,0
2025-06-25,22749,9,3.75,true,,130,0
2025-06-26,22749,8,3.75,true,,121,0
2025-06-27,22749,10,3.75,true,,113,0
2025-06-28,22749,9,3.75,true,,103,0
2025-06-29,22749,10,3.75,true,,94,0
2025-06-30,22749,6,3.75,true,,84,0
2025-07-01,22749,7,3.75,true,,78,0
2025-07-02,22749,7,3.75,true,,71,0
2025-07-03,22749,7,3.75,true,,64,0
2025-07-04,22749,9,3.75,true,,57,0
2025-07-05,22749,10,3.75,true,,48,117
2025-07-06,22749,9,3.75,true,,155,0
2025-07-07,22749,7,3.75,true,,146,0
2025-07-08,22749,8,3.75,true,,139,0
2025-07-09,22749,9,3.75,true,,131,0
2025-07-10,22749,7,3.75,true,,122,0
2025-07-11,22749,8,3.75,true,,115,0
2025-07-12,22749,11,3.75,true,,107,0
2025-07-13,22749,9,3.75,true,,96,0
2025-07-14,22749,7,3.75,true,,87,0
2025-07-15,22749,7,3.75,true,,80,0
2025-07-16,22749,8,3.75,true,,73,0
2025-07-17,22749,9,3.75,true,,65,0
2025-07-18,22749,8,3.75,true,,56,0
2025-07-19,22749,9,3.75,true,,48,119
2025-07-20,22749,10,3.75,true,,158,0
2025-07-21,22749,8,3.75,true,,148,0
2025-07-22,22749,8,3.75,true,,140,0
2025-07-23,22749,9,3.75,true,,132,0
2025-07-24,22749,7,3.75,true,,123,0
2025-07-25,22749,9,3.75,true,,116,0
2025-07-26,22749,10,3.75,true,,107,0
2025-07-27,22749,10,3.75,true,,97,0
2025-07-28,22749,8,3.75,true,,87,0
2025-07-29,22749,6,3.75,true,,79,0
2025-07-30,22749,7,3.75,true,,73,0
2025-07-31,22749,8,3.75,true,,66,0
2025-08-01,22749,10,3.75,true,,58,0
2025-08-02,22749,9,3.75,true,,48,118
2025-08-03,22749,9,3.75,true,,157,0
2025-08-04,22749,7,3.75,true,,148,0
2025-08-05,22749,8,3.75,true,,141,0
2025-08-06,22749,8,3.75,true,,133,0
2025-08-07,22749,8,3.75,true,,125,0
2025-08-08,22749,10,3.75,true,,117,0
2025-08-09,22749,9,3.75,true,,107,0
2025-08-10,22749,8,3.75,true,,98,0
2025-08-11,22749,7,3.75,true,,90,0
2025-08-12,22749,9,3.75,true,,83,0
2025-08-13,22749,9,3.75,true,,74,0
2025-08-14,22749,9,3.75,true,,65,0
2025-08-15,22749,8,3.75,true,,56,0
2025-08-16,22749,9,3.75,true,,48,116
2025-08-17,22749,10,3.75,true,,155,0
2025-08-18,22749,8,3.75,true,,145,0
2025-08-19,22749,7,3.75,true,,137,0
2025-08-20,22749,7,3.75,true,,130,0
2025-08-21,22749,9,3.75,true,,123,0
2025-08-22,22749,8,3.75,true,,114,0
2025-08-23,22749,8,3.75,true,,106,0
2025-08-24,22749,10,3.75,true,,98,0
2025-08-25,22749,8,3.75,true,,88,0
2025-08-26,22749,9,3.75,true,,80,0
2025-08-27,22749,7,3.75,true,,71,0
2025-08-28,22749,7,3.75,true,,64,0
2025-08-29,22749,9,3.75,true,,57,0
2025-08-30,22749,9,3.75,true,,48,110
2025-08-31,22749,10,3.75,true,,149,0
2025-09-01,22749,7,3.75,true,,139,0
2025-09-02,22749,7,3.75,true,,132,0
2025-09-03,22749,7,3.75,true,,125,0
2025-09-04,22749,8,3.75,true,,118,0
2025-09-05,22749,7,3.75,true,,110,0
2025-09-06,22749,10,3.75,true,,103,0
2025-09-07,22749,10,3.75,true,,93,0
2025-09-08,22749,6,3.75,true,,83,0
2025-09-09,22749,7,3.75,true,,77,0
2025-09-10,22749,8,3.75,true,,70,0
2025-09-11,22749,7,3.75,true,,62,0
2025-09-12,22749,7,3.75,true,,55,0
2025-09-13,22749,9,3.75,true,,48,118
2025-09-14,22749,8,3.75,true,,157,0
2025-09-15,22749,8,3.75,true,,149,0
2025-09-16,22749,8,3.75,true,,141,0
2025-09-17,22749,8,3.75,true,,133,0
2025-09-18,22749,8,3.75,true,,125,0
2025-09-19,22749,9,3.75,true,,117,0
2025-09-20,22749,10,3.75,true,,108,0
2025-09-21,22749,9,3.75,true,,98,0
2025-09-22,22749,8,3.75,true,,89,0
2025-09-23,22749,8,3.75,true,,81,0
2025-09-24,22749,7,3.75,true,,73,0
2025-09-25,22749,8,3.75,true,,66,0
2025-09-26,22749,10,3.75,true,,58,0
2025-09-27,22749,11,3.75,true,,48,115
2025-09-28,22749,9,3.75,true,,152,0
2025-09-29,22749,8,3.75,true,,143,0
2025-09-30,22749,7,3.75,true,,135,0
2025-10-01,22749,9,3.75,true,,128,0
2025-10-02,22749,7,3.75,true,,119,0
2025-10-03,22749,8,3.75,true,,112,0
2025-10-04,22749,10,3.75,true,,104,0
2025-10-05,22749,10,3.75,true,,94,0
2025-10-06,22749,6,3.75,true,,84,0
2025-10-07,22749,8,3.75,true,,78,0
2025-10-08,22749,7,3.75,true,,70,0
2025-10-09,22749,7,3.75,true,,63,0
2025-10-10,22749,8,3.75,true,,56,0
2025-10-11,22749,9,3.75,true,,48,114
2025-10-12,22749,9,3.75,true,,153,0
2025-10-13,22749,6,3.75,true,,144,0
2025-10-14,22749,7,3.75,true,,138,0
2025-10-15,22749,9,3.75,true,,131,0
2025-10-16,22749,8,3.75,true,,122,0
2025-10-17,22749,8,3.75,true,,114,0
2025-10-18,22749,11,3.75,true,,106,0
2025-10-19,22749,8,3.75,true,,95,0
2025-10-20,22749,8,3.75,true,,87,0
2025-10-21,22749,8,3.75,true,,79,0
2025-10-22,22749,7,3.75,true,,71,0
2025-10-23,22749,8,3.75,true,,64,0
2025-10-24,22749,8,3.75,true,,56,0
2025-10-25,22749,10,3.75,true,,48,115
2025-10-26,22749,9,3.75,true,,153,0
2025-10-27,22749,8,3.75,true,,144,0
2025-10-28,22749,6,3.75,true,,136,0
2025-10-29,22749,9,3.75,true,,130,0
2025-10-30,22749,9,3.75,true,,121,0
2025-10-31,22749,8,3.75,true,,112,0
2025-11-01,22749,10,3.75,true,,104,0
2025-11-02,22749,8,3.75,true,,94,0
2025-11-03,22749,6,3.75,true,,86,0
2025-11-04,22749,7,3.75,true,,80,0
2025-11-05,22749,7,3.75,true,,73,0
2025-11-06,22749,8,3.75,true,,66,0
2025-11-07,22749,10,3.75,true,,58,0
2025-11-08,22749,10,3.75,true,,48,114
2025-11-09,22749,9,3.75,true,,152,0
2025-11-10,22749,6,3.75,true,,143,0
2025-11-11,22749,8,3.75,true,,137,0
2025-11-12,22749,8,3.75,true,,129,0
2025-11-13,22749,8,3.75,true,,121,0
2025-11-14,22749,8,3.75,true,,113,0
2025-11-15,22749,9,3.75,true,,105,0
2025-11-16,22749,9,3.75,true,,96,0
2025-11-17,22749,7,3.75,true,,87,0
2025-11-18,22749,7,3.75,true,,80,0
2025-11-19,22749,8,3.75,true,,73,0
2025-11-20,22749,9,3.75,true,,65,0
2025-11-21,22749,8,3.75,true,,56,0
2025-11-22,22749,10,3.75,true,,48,121
2025-11-23,22749,9,3.75,true,,159,0
2025-11-24,22749,8,3.75,true,,150,0
2025-11-25,22749,8,3.75,true,,142,0
2025-11-26,22749,8,3.75,true,,134,0
2025-11-27,22749,8,3.75,true,,126,0
2025-11-28,22749,10,3.75,true,,118,0
2025-11-29,22749,9,3.75,true,,108,0
2025-11-30,22749,11,3.75,true,,99,0
2025-12-01,22749,7,3.75,true,,88,0
2025-12-02,22749,8,3.75,true,,81,0
2025-12-03,22749,8,3.75,true,,73,0
2025-12-04,22749,8,3.75,true,,65,0
2025-12-05,22749,9,3.75,true,,57,0
2025-12-06,22749,10,3.75,true,,48,115
2025-12-07,22749,9,3.75,true,,153,0
2025-12-08,22749,8,3.75,true,,144,0
2025-12-09,22749,7,3.75,true,,136,0
2025-12-10,22749,7,3.75,true,,129,0
2025-12-11,22749,9,3.75,true,,122,0
2025-12-12,22749,9,3.75,true,,113,0
2025-12-13,22749,9,3.75,true,,104,0
2025-12-14,22749,9,3.75,true,,95,0
2025-12-15,22749,7,3.75,true,,86,0
2025-12-16,22749,8,3.75,true,,79,0
2025-12-17,22749,7,3.75,true,,71,0
2025-12-18,22749,7,3.75,true,,64,0
2025-12-19,22749,9,3.75,true,,57,0
2025-12-20,22749,9,3.75,true,,48,114
2025-12-21,22749,9,3.75,true,,153,0
2025-12-22,22749,6,3.75,true,,144,0
2025-12-23,22749,8,3.75,true,,138,0
2025-12-24,22749,9,3.75,true,,130,0
2025-12-25,22749,9,3.75,true,,121,0
2025-12-26,22749,9,3.75,true,,112,0
2025-12-27,22749,10,3.75,true,,103,0
2025-12-28,22749,8,3.75,true,,93,0
2025-12-29,22749,6,3.75,true,,85,0
2025-12-30,22749,8,3.75,true,,79,0
2025-12-31,22749,7,3.75,true,,71,0
2026-01-01,22749,8,3.75,true,,64,0
2026-01-02,22749,8,3.75,true,,56,0
2026-01-03,22749,8,3.75,true,,48,0
2026-01-04,22749,9,3.75,true,,40,120
2026-01-05,22749,7,3.75,true,,151,0
2026-01-06,22749,8,3.75,true,,144,0
2026-01-07,22749,8,3.75,true,,136,0
2026-01-08,22749,7,3.75,true,,128,0
2026-01-09,22749,9,3.75,true,,121,0
2026-01-10,22749,10,3.75,true,,112,0
2026-01-11,22749,9,3.75,true,,102,0
2026-01-12,22749,8,3.75,true,,93,0
2026-01-13,22749,6,3.75,true,,85,0
2026-01-14,22749,6,3.75,true,,79,0
2026-01-15,22749,8,3.75,true,,73,0
2026-01-16,22749,9,3.75,true,,65,0
2026-01-17,22749,8,3.75,true,,56,0
2026-01-18,22749,9,3.75,true,,48,119
2026-01-19,22749,7,3.75,true,,158,0
2026-01-20,22749,6,3.75,true,,151,0
2026-01-21,22749,9,3.75,true,,145,0
2026-01-22,22749,9,3.75,true,,136,0
2026-01-23,22749,10,3.75,true,,127,0
2026-01-24,22749,10,3.75,true,,117,0
2026-01-25,22749,9,3.75,true,,107,0
2026-01-26,22749,7,3.75,true,,98,0
2026-01-27,22749,8,3.75,true,,91,0
2026-01-28,22749,8,3.75,true,,83,0
2026-01-29,22749,9,3.75,true,,75,0
2026-01-30,22749,8,3.75,true,,66,0
2026-01-31,22749,10,3.75,true,,58,0
2026-02-01,22749,8,3.75,true,,48,0
2026-02-02,22749,7,3.75,true,,40,118
2026-02-03,22749,7,3.75,true,,151,0
2026-02-04,22749,7,3.75,true,,144,0
2026-02-05,22749,7,3.75,true,,137,0
2026-02-06,22749,9,3.75,true,,130,0
2026-02-07,22749,10,3.75,true,,121,0
2026-02-08,22749,10,3.75,true,,111,0
2026-02-09,22749,6,3.75,true,,101,0
2026-02-10,22749,8,3.75,true,,95,0
2026-02-11,22749,8,3.75,true,,87,0
2026-02-12,22749,7,3.75,true,,79,0
2026-02-13,22749,8,3.75,true,,72,0
2026-02-14,22749,8,3.75,true,,64,0
2026-02-15,22749,8,3.75,true,,56,0
2026-02-16,22749,6,3.75,true,,48,0
2026-02-17,22749,7,3.75,true,,42,105
2026-02-18,22749,6,3.75,true,,140,0
2026-02-19,22749,7,3.75,true,,134,0
2026-02-20,22749,7,3.75,true,,127,0
2026-02-21,22749,8,3.75,true,,120,0
2026-02-22,22749,7,3.75,true,,112,0
2026-02-23,22749,7,3.75,true,,105,0
2026-02-24,22749,6,3.75,true,,98,0
2026-02-25,22749,7,3.75,true,,92,0
2026-02-26,22749,8,3.75,true,,85,0
2026-02-27,22749,7,3.75,true,,77,0
2026-02-28,22749,9,3.75,true,,70,0
2026-03-01,22749,7,3.75,true,,61,0
2026-03-02,22749,6,3.75,true,,54,0
2026-03-03,22749,6,3.75,true,,48,0
2026-03-04,22749,7,3.75,true,,42,109
2026-03-05,22749,6,3.75,true,,144,0
2026-03-06,22749,8,3.75,true,,138,0
2026-03-07,22749,9,3.75,true,,130,0
2026-03-08,22749,8,3.75,true,,121,0
2026-03-09,22749,7,3.75,true,,113,0
2026-03-10,22749,5,3.75,true,,106,0
2026-03-11,22749,8,3.75,true,,101,0
2026-03-12,22749,8,3.75,true,,93,0
2026-03-13,22749,7,3.75,true,,85,0
2026-03-14,22749,8,3.75,true,,78,0
2026-03-15,22749,9,3.75,true,,70,0
2026-03-16,22749,6,3.75,true,,61,0
2026-03-17,22749,7,3.75,true,,55,0
2026-03-18,22749,7,3.75,true,,48,0
2026-03-19,22749,8,3.75,true,,41,111
2026-03-20,22749,7,3.75,true,,144,0
2026-03-21,22749,9,3.75,true,,137,0
2026-03-22,22749,9,3.75,true,,128,0
2026-03-23,22749,7,3.75,true,,119,0
2026-03-24,22749,8,3.75,true,,112,0
2026-03-25,22749,7,3.75,true,,104,0
2026-03-26,22749,6,3.75,true,,97,0
2026-03-27,22749,8,3.75,true,,91,0
2026-03-28,22749,8,3.75,true,,83,0
2026-03-29,22749,8,3.75,true,,75,0
2026-03-30,22749,6,3.75,true,,67,0
2026-03-31,22749,7,3.75,true,,61,0
2026-04-01,22749,6,3.75,true,,54,0
2026-04-02,22749,6,3.75,true,,48,0
2026-04-03,22749,6,3.75,true,,42,105
2026-04-04,22749,9,3.75,true,,141,0
2026-04-05,22749,9,3.75,true,,132,0
2026-04-06,22749,5,3.75,true,,123,0
2026-04-07,22749,5,3.75,true,,118,0
2026-04-08,22749,6,3.75,true,,113,0
2026-04-09,22749,8,3.75,true,,107,0
2026-04-10,22749,7,3.75,true,,99,0
2026-04-11,22749,9,3.75,true,,92,0
2026-04-12,22749,8,3.75,true,,83,0
2026-04-13,22749,7,3.75,true,,75,0
2026-04-14,22749,6,3.75,true,,68,0
2026-04-15,22749,7,3.75,true,,62,0
2026-04-16,22749,7,3.75,true,,55,0
2026-04-17,22749,8,3.75,true,,48,0
2026-04-18,22749,8,3.75,true,,40,104
2026-04-19,22749,8,3.75,true,,136,0
2026-04-20,22749,5,3.75,true,,128,0
2026-04-21,22749,5,3.75,true,,123,0
2026-04-22,22749,7,3.75,true,,118,0
2026-04-23,22749,6,3.75,true,,111,0
2026-04-24,22749,6,3.75,true,,105,0
2026-04-25,22749,8,3.75,true,,99,0
2026-04-26,22749,8,3.75,true,,91,0
2026-04-27,22749,6,3.75,true,,83,0
2026-04-28,22749,6,3.75,true,,77,0
2026-04-29,22749,7,3.75,true,,71,0
2026-04-30,22749,8,3.75,true,,64,0
2026-05-01,22749,8,3.75,true,,56,0
2026-05-02,22749,7,3.75,true,,48,0
2026-05-03,22749,8,3.75,true,,41,109
2026-05-04,22749,5,3.75,true,,142,0
2026-05-05,22749,6,3.75,true,,137,0
2026-05-06,22749,7,3.75,true,,131,0
2026-05-07,22749,7,3.75,true,,124,0
2026-05-08,22749,7,3.75,true,,117,0
2026-05-09,22749,9,3.75,true,,110,0
2026-05-10,22749,8,3.75,true,,101,0
2026-05-11,22749,7,3.75,true,,93,0
2026-05-12,22749,7,3.75,true,,86,0
2026-05-13,22749,6,3.75,true,,79,0
2026-05-14,22749,8,3.75,true,,73,0
2026-05-15,22749,8,3.75,true,,65,0
2026-05-16,22749,9,3.75,true,,57,0
2026-05-17,22749,7,3.75,true,,48,0
2026-05-18,22749,7,3.75,true,,41,101
2026-05-19,22749,6,3.75,true,,135,0
2026-05-20,22749,7,3.75,true,,129,0
2026-05-21,22749,5,3.75,true,,122,0
2026-05-22,22749,6,3.75,true,,117,0
2026-05-23,22749,9,3.75,true,,111,0
2026-05-24,22749,7,3.75,true,,102,0
2026-05-25,22749,7,3.75,true,,95,0
2026-05-26,22749,5,3.75,true,,88,0
2026-05-27,22749,6,3.75,true,,83,0
2026-05-28,22749,6,3.75,true,,77,0
2026-05-29,22749,8,3.75,true,,71,0
2026-05-30,22749,7,3.75,true,,63,0
2026-05-31,22749,8,3.75,true,,56,0
2026-06-01,22749,6,3.75,true,,48,0
2026-06-02,22749,5,3.75,true,,42,94
2026-06-03,22749,7,3.75,true,,131,0
2026-06-04,22749,7,3.75,true,,124,0
2026-06-05,22749,8,3.75,true,,117,0
2026-06-06,22749,7,3.75,true,,109,0
2026-06-07,22749,6,3.75,true,,102,0
2026-06-08,22749,5,3.75,true,,96,0
2026-06-09,22749,6,3.75,true,,91,0
2026-06-10,22749,5,3.75,true,,85,0
2026-06-11,22749,5,3.75,true,,80,0
2026-06-12,22749,7,3.75,true,,75,0
2026-06-13,22749,8,3.75,true,,68,0
2026-06-14,22749,7,3.75,true,,60,0
2026-06-15,22749,5,3.75,true,,53,0
2026-06-16,22749,7,3.75,true,,48,0
2026-06-17,22749,5,3.75,true,,41,97
2026-06-18,22749,6,3.75,true,,133,0
2026-06-19,22749,7,3.75,true,,127,0
2026-06-20,22749,9,3.75,true,,120,0
2026-06-21,22749,8,3.75,true,,111,0
2026-06-22,22749,4,3.75,true,,103,0
2026-06-23,22749,5,3.75,true,,99,0
2026-06-24,22749,6,3.75,true,,94,0
2026-06-25,22749,5,3.75,true,,88,0
2026-06-26,22749,8,3.75,true,,83,0
2026-06-27,22749,8,3.75,true,,75,0
2026-06-28,22749,8,3.75,true,,67,0
2026-06-29,22749,6,3.75,true,,59,0
2026-06-30,22749,5,3.75,true,,53,0
2026-07-01,22749,6,3.75,true,,48,0
2026-07-02,22749,5,3.75,true,,42,89
2026-07-03,22749,7,3.75,true,,126,0
2026-07-04,22749,6,3.75,true,,119,0
2026-07-05,22749,8,3.75,true,,113,0
2026-07-06,22749,5,3.75,true,,105,0
2026-07-07,22749,5,3.75,true,,100,0
2026-07-08,22749,7,3.75,true,,95,0
2026-07-09,22749,6,3.75,true,,88,0
2026-07-10,22749,6,3.75,true,,82,0
2026-07-11,22749,6,3.75,true,,76,0
2026-07-12,22749,6,3.75,true,,70,0
2026-07-13,22749,4,3.75,true,,64,0
2026-07-14,22749,6,3.75,true,,60,0
2026-07-15,22749,6,3.75,true,,54,0
2026-07-16,22749,7,3.75,true,,48,0
2026-07-17,22749,7,3.75,true,,41,96
2026-07-18,22749,8,3.75,true,,130,0
2026-07-19,22749,8,3.75,true,,122,0
2026-07-20,22749,5,3.75,true,,114,0
2026-07-21,22749,6,3.75,true,,109,0
2026-07-22,22749,5,3.75,true,,103,0
2026-07-23,22749,6,3.75,true,,98,0
2026-07-24,22749,6,3.75,true,,92,0
2026-07-25,22749,6,3.75,true,,86,0
2026-07-26,22749,8,3.75,true,,80,0
2026-07-27,22749,5,3.75,true,,72,0
2026-07-28,22749,7,3.75,true,,67,0
2026-07-29,22749,6,3.75,true,,60,0
2026-07-30,22749,6,3.75,true,,54,0
2026-07-31,22749,5,3.75,true,,48,0
2026-08-01,22749,8,3.75,true,,43,93
2026-08-02,22749,7,3.75,true,,128,0
2026-08-03,22749,6,3.75,true,,121,0
2026-08-04,22749,5,3.75,true,,115,0
2026-08-05,22749,6,3.75,true,,110,0
2026-08-06,22749,5,3.75,true,,104,0
2026-08-07,22749,6,3.75,true,,99,0
2026-08-08,22749,8,3.75,true,,93,0
2026-08-09,22749,7,3.75,true,,85,0
2026-08-10,22749,6,3.75,true,,78,0
2026-08-11,22749,5,3.75,true,,72,0
2026-08-12,22749,6,3.75,true,,67,0
2026-08-13,22749,6,3.75,true,,61,0
2026-08-14,22749,7,3.75,true,,55,0
2026-08-15,22749,7,3.75,true,,48,0
2026-08-16,22749,8,3.75,true,,41,55
2026-08-17,22749,4,3.75,true,,88,0
2026-08-18,22749,6,3.75,true,,84,0
2026-08-19,22749,5,3.75,true,,78,0
2026-08-20,22749,5,3.75,true,,73,0
2026-08-21,22749,7,3.75,true,,68,0
2026-08-22,22749,7,3.75,true,,61,0
2026-08-23,22749,6,3.75,true,,54,0
2026-08-24,22749,6,3.75,true,,48,489
2026-08-25,22749,7,3.75,true,,531,0
2026-08-26,22749,5,3.75,true,,524,0
2026-08-27,22749,7,3.75,true,,519,0
2026-08-28,22749,6,3.75,true,,512,0
2026-08-29,22749,7,3.75,true,,506,0
2026-08-30,22749,6,3.75,true,,499,0
2026-08-31,22749,5,3.75,true,,493,0
2026-09-01,22749,7,3.75,true,,488,0
2026-09-02,22749,6,3.75,true,,481,0
2026-09-03,22749,6,3.75,true,,475,0
2026-09-04,22749,5,3.75,true,,469,0
2026-09-05,22749,7,3.75,true,,464,0
2026-09-06,22749,7,3.75,true,,457,0
2026-09-07,22749,4,3.75,true,,450,0
2026-09-08,22749,6,3.75,true,,446,0
2026-09-09,22749,6,3.75,true,,440,0
2026-09-10,22749,6,3.75,true,,434,0
2026-09-11,22749,7,3.75,true,,428,0
2026-09-12,22749,8,3.75,true,,421,0
2026-09-13,22749,8,3.75,true,,413,0
2024-09-14,22310,13,1.65,true,,331,0
2024-09-15,22310,12,1.65,true,,318,0
2024-09-16,22310,10,1.65,true,,306,0
2024-09-17,22310,10,1.65,true,,296,0
2024-09-18,22310,10,1.65,true,,286,0
2024-09-19,22310,12,1.65,true,,276,0
2024-09-20,22310,12,1.65,true,,264,0
2024-09-21,22310,13,1.65,true,,252,0
2024-09-22,22310,14,1.65,true,,239,0
2024-09-23,22310,11,1.65,true,,225,0
2024-09-24,22310,11,1.65,true,,214,0
2024-09-25,22310,10,1.65,true,,203,0
2024-09-26,22310,12,1.65,true,,193,0
2024-09-27,22310,14,1.65,true,,181,0
2024-09-28,22310,13,1.65,true,,167,0
2024-09-29,22310,12,1.65,true,,154,0
2024-09-30,22310,10,1.65,true,,142,0
2024-10-01,22310,11,1.65,true,,132,0
2024-10-02,22310,11,1.65,true,,121,0
2024-10-03,22310,10,1.65,true,,110,0
2024-10-04,22310,12,1.65,true,,100,0
2024-10-05,22310,14,1.65,true,,88,0
2024-10-06,22310,14,1.65,true,,74,0
2024-10-07,22310,10,1.65,true,,60,172
2024-10-08,22310,10,1.65,true,,222,0
2024-10-09,22310,12,1.65,true,,212,0
2024-10-10,22310,12,1.65,true,,200,0
2024-10-11,22310,11,1.65,true,,188,0
2024-10-12,22310,13,1.65,true,,177,0
2024-10-13,22310,13,1.65,true,,164,0
2024-10-14,22310,12,1.65,true,,151,0
2024-10-15,22310,11,1.65,true,,139,0
2024-10-16,22310,12,1.65,true,,128,0
2024-10-17,22310,12,1.65,true,,116,0
2024-10-18,22310,13,1.65,true,,104,0
2024-10-19,22310,13,1.65,true,,91,0
2024-10-20,22310,12,1.65,true,,78,0
2024-10-21,22310,10,1.65,true,,66,0
2024-10-22,22310,11,1.65,true,,56,182
2024-10-23,22310,10,1.65,true,,227,0
2024-10-24,22310,12,1.65,true,,217,0
2024-10-25,22310,13,1.65,true,,205,0
2024-10-26,22310,13,1.65,true,,192,0
2024-10-27,22310,13,1.65,true,,179,0
2024-10-28,22310,12,1.65,true,,166,0
2024-10-29,22310,12,1.65,true,,154,0
2024-10-30,22310,12,1.65,true,,142,0
2024-10-31,22310,13,1.65,true,,130,0
2024-11-01,22310,13,1.65,true,,117,0
2024-11-02,22310,14,1.65,true,,104,0
2024-11-03,22310,14,1.65,true,,90,0
2024-11-04,22310,10,1.65,true,,76,0
2024-11-05,22310,12,1.65,true,,66,175
2024-11-06,22310,12,1.65,true,,229,0
2024-11-07,22310,12,1.65,true,,217,0
2024-11-08,22310,13,1.65,true,,205,0
2024-11-09,22310,14,1.65,true,,192,0
2024-11-10,22310,14,1.65,true,,178,0
2024-11-11,22310,10,1.65,true,,164,0
2024-11-12,22310,11,1.65,true,,154,0
2024-11-13,22310,13,1.65,true,,143,0
2024-11-14,22310,12,1.65,true,,130,0
2024-11-15,22310,12,1.65,true,,118,0
2024-11-16,22310,16,1.65,true,,106,0
2024-11-17,22310,13,1.65,true,,90,0
2024-11-18,22310,11,1.65,true,,77,0
2024-11-19,22310,10,1.65,true,,66,0
2024-11-20,22310,11,1.65,true,,56,182
2024-11-21,22310,11,1.65,true,,227,0
2024-11-22,22310,12,1.65,true,,216,0
2024-11-23,22310,16,1.65,true,,204,0
2024-11-24,22310,15,1.65,true,,188,0
2024-11-25,22310,10,1.65,true,,173,0
2024-11-26,22310,12,1.65,true,,163,0
2024-11-27,22310,11,1.65,true,,151,0
2024-11-28,22310,12,1.65,true,,140,0
2024-11-29,22310,12,1.65,true,,128,0
2024-11-30,22310,14,1.65,true,,116,0
2024-12-01,22310,13,1.65,true,,102,0
2024-12-02,22310,12,1.65,true,,89,0
2024-12-03,22310,11,1.65,true,,77,0
2024-12-04,22310,12,1.65,true,,66,172
2024-12-05,22310,12,1.65,true,,226,0
2024-12-06,22310,13,1.65,true,,214,0
2024-12-07,22310,14,1.65,true,,201,0
2024-12-08,22310,13,1.65,true,,187,0
2024-12-09,22310,10,1.65,true,,174,0
2024-12-10,22310,11,1.65,true,,164,0
2024-12-11,22310,13,1.65,true,,153,0
2024-12-12,22310,12,1.65,true,,140,0
2024-12-13,22310,13,1.65,true,,128,0
2024-12-14,22310,13,1.65,true,,115,0
2024-12-15,22310,13,1.65,true,,102,0
2024-12-16,22310,12,1.65,true,,89,0
2024-12-17,22310,11,1.65,true,,77,0
2024-12-18,22310,11,1.65,true,,66,0
2024-12-19,22310,11,1.65,true,,55,187
2024-12-20,22310,14,1.65,true,,231,0
2024-12-21,22310,15,1.65,true,,217,0
2024-12-22,22310,15,1.65,true,,202,0
2024-12-23,22310,12,1.65,true,,187,0
2024-12-24,22310,10,1.65,true,,175,0
2024-12-25,22310,12,1.65,true,,165,0
2024-12-26,22310,12,1.65,true,,153,0
2024-12-27,22310,12,1.65,true,,141,0
2024-12-28,22310,16,1.65,true,,129,0
2024-12-29,22310,14,1.65,true,,113,0
2024-12-30,22310,10,1.65,true,,99,0
2024-12-31,22310,11,1.65,true,,89,0
2025-01-01,22310,12,1.65,true,,78,0
2025-01-02,22310,12,1.65,true,,66,172
2025-01-03,22310,12,1.65,true,,226,0
2025-01-04,22310,14,1.65,true,,214,0
2025-01-05,22310,13,1.65,true,,200,0
2025-01-06,22310,12,1.65,true,,187,0
2025-01-07,22310,12,1.65,true,,175,0
2025-01-08,22310,11,1.65,true,,163,0
2025-01-09,22310,13,1.65,true,,152,0
2025-01-10,22310,12,1.65,true,,139,0
2025-01-11,22310,16,1.65,true,,127,0
2025-01-12,22310,13,1.65,true,,111,0
2025-01-13,22310,10,1.65,true,,98,0
2025-01-14,22310,11,1.65,true,,88,0
2025-01-15,22310,11,1.65,true,,77,0
2025-01-16,22310,12,1.65,true,,66,172
2025-01-17,22310,14,1.65,true,,226,0
2025-01-18,22310,13,1.65,true,,212,0
2025-01-19,22310,14,1.65,true,,199,0
2025-01-20,22310,12,1.65,true,,185,0
2025-01-21,22310,11,1.65,true,,173,0
2025-01-22,22310,12,1.65,true,,162,0
2025-01-23,22310,11,1.65,true,,150,0
2025-01-24,22310,14,1.65,true,,139,0
2025-01-25,22310,14,1.65,true,,125,0
2025-01-26,22310,13,1.65,true,,111,0
2025-01-27,22310,10,1.65,true,,98,0
2025-01-28,22310,10,1.65,true,,88,0
2025-01-29,22310,12,1.65,true,,78,0
2025-01-30,22310,11,1.65,true,,66,0
2025-01-31,22310,14,1.65,true,,55,186
2025-02-01,22310,15,1.65,true,,227,0
2025-02-02,22310,13,1.65,true,,212,0
2025-02-03,22310,10,1.65,true,,199,0
2025-02-04,22310,12,1.65,true,,189,0
2025-02-05,22310,12,1.65,true,,177,0
2025-02-06,22310,12,1.65,true,,165,0
2025-02-07,22310,13,1.65,true,,153,0
2025-02-08,22310,14,1.65,true,,140,0
2025-02-09,22310,13,1.65,true,,126,0
2025-02-10,22310,11,1.65,true,,113,0
2025-02-11,22310,12,1.65,true,,102,0
2025-02-12,22310,12,1.65,true,,90,0
2025-02-13,22310,12,1.65,true,,78,0
2025-02-14,22310,12,1.65,true,,66,164
2025-02-15,22310,14,1.65,true,,218,0
2025-02-16,22310,13,1.65,true,,204,0
2025-02-17,22310,11,1.65,true,,191,0
2025-02-18,22310,10,1.65,true,,180,0
2025-02-19,22310,10,1.65,true,,170,0
2025-02-20,22310,11,1.65,true,,160,0
2025-02-21,22310,11,1.65,true,,149,0
2025-02-22,22310,13,1.65,true,,138,0
2025-02-23,22310,13,1.65,true,,125,0
2025-02-24,22310,10,1.65,true,,112,0
2025-02-25,22310,11,1.65,true,,102,0
2025-02-26,22310,12,1.65,true,,91,0
2025-02-27,22310,13,1.65,true,,79,0
2025-02-28,22310,12,1.65,true,,66,169
2025-03-01,22310,15,1.65,true,,223,0
2025-03-02,22310,13,1.65,true,,208,0
2025-03-03,22310,12,1.65,true,,195,0
2025-03-04,22310,11,1.65,true,,183,0
2025-03-05,22310,12,1.65,true,,172,0
2025-03-06,22310,10,1.65,true,,160,0
2025-03-07,22310,13,1.65,true,,150,0
2025-03-08,22310,14,1.65,true,,137,0
2025-03-09,22310,13,1.65,true,,123,0
2025-03-10,22310,10,1.65,true,,110,0
2025-03-11,22310,11,1.65,true,,100,0
2025-03-12,22310,11,1.65,true,,89,0
2025-03-13,22310,12,1.65,true,,78,0
2025-03-14,22310,12,1.65,true,,66,161
2025-03-15,22310,13,1.65,true,,215,0
2025-03-16,22310,14,1.65,true,,202,0
2025-03-17,22310,11,1.65,true,,188,0
2025-03-18,22310,12,1.65,true,,177,0
2025-03-19,22310,10,1.65,true,,165,0
2025-03-20,22310,10,1.65,true,,155,0
2025-03-21,22310,12,1.65,true,,145,0
2025-03-22,22310,13,1.65,true,,133,0
2025-03-23,22310,12,1.65,true,,120,0
2025-03-24,22310,10,1.65,true,,108,0
2025-03-25,22310,11,1.65,true,,98,0
2025-03-26,22310,10,1.65,true,,87,0
2025-03-27,22310,11,1.65,true,,77,0
2025-03-28,22310,11,1.65,true,,66,0
2025-03-29,22310,13,1.65,true,,55,175
2025-03-30,22310,14,1.65,true,,217,0
2025-03-31,22310,9,1.65,true,,203,0
2025-04-01,22310,12,1.65,true,,194,0
2025-04-02,22310,10,1.65,true,,182,0
2025-04-03,22310,10,1.65,true,,172,0
2025-04-04,22310,12,1.65,true,,162,0
2025-04-05,22310,14,1.65,true,,150,0
2025-04-06,22310,14,1.65,true,,136,0
2025-04-07,22310,11,1.65,true,,122,0
2025-04-08,22310,9,1.65,true,,111,0
2025-04-09,22310,12,1.65,true,,102,0
2025-04-10,22310,11,1.65,true,,90,0
2025-04-11,22310,13,1.65,true,,79,0
2025-04-12,22310,13,1.65,true,,66,160
2025-04-13,22310,13,1.65,true,,213,0
2025-04-14,22310,11,1.65,true,,200,0
2025-04-15,22310,11,1.65,true,,189,0
2025-04-16,22310,12,1.65,true,,178,0
2025-04-17,22310,11,1.65,true,,166,0
2025-04-18,22310,13,1.65,true,,155,0
2025-04-19,22310,13,1.65,true,,142,0
2025-04-20,22310,11,1.65,true,,129,0
2025-04-21,22310,9,1.65,true,,118,0
2025-04-22,22310,11,1.65,true,,109,0
2025-04-23,22310,9,1.65,true,,98,0
2025-04-24,22310,11,1.65,true,,89,0
2025-04-25,22310,12,1.65,true,,78,0
2025-04-26,22310,14,1.65,true,,66,159
2025-04-27,22310,13,1.65,true,,211,0
2025-04-28,22310,10,1.65,true,,198,0
2025-04-29,22310,10,1.65,true,,188,0
2025-04-30,22310,12,1.65,true,,178,0
2025-05-01,22310,12,1.65,true,,166,0
2025-05-02,22310,11,1.65,true,,154,0
2025-05-03,22310,13,1.65,true,,143,0
2025-05-04,22310,11,1.65,true,,130,0
2025-05-05,22310,11,1.65,true,,119,0
2025-05-06,22310,9,1.65,true,,108,0
2025-05-07,22310,11,1.65,true,,99,0
2025-05-08,22310,10,1.65,true,,88,0
2025-05-09,22310,12,1.65,true,,78,0
2025-05-10,22310,14,1.65,true,,66,152
2025-05-11,22310,11,1.65,true,,204,0
2025-05-12,22310,9,1.65,true,,193,0
2025-05-13,22310,10,1.65,true,,184,0
2025-05-14,22310,10,1.65,true,,174,0
2025-05-15,22310,11,1.65,true,,164,0
2025-05-16,22310,11,1.65,true,,153,0
2025-05-17,22310,13,1.65,true,,142,0
2025-05-18,22310,13,1.65,true,,129,0
2025-05-19,22310,10,1.65,true,,116,0
2025-05-20,22310,9,1.65,true,,106,0
2025-05-21,22310,9,1.65,true,,97,0
2025-05-22,22310,11,1.65,true,,88,0
2025-05-23,22310,11,1.65,true,,77,0
2025-05-24,22310,14,1.65,true,,66,156
2025-05-25,22310,12,1.65,true,,208,0
2025-05-26,22310,10,1.65,true,,196,0
2025-05-27,22310,11,1.65,true,,186,0
2025-05-28,22310,10,1.65,true,,175,0
2025-05-29,22310,12,1.65,true,,165,0
2025-05-30,22310,11,1.65,true,,153,0
2025-05-31,22310,13,1.65,true,,142,0
2025-06-01,22310,11,1.65,true,,129,0
2025-06-02,22310,9,1.65,true,,118,0
2025-06-03,22310,11,1.65,true,,109,0
2025-06-04,22310,11,1.65,true,,98,0
2025-06-05,22310,11,1.65,true,,87,0
2025-06-06,22310,10,1.65,true,,76,0
2025-06-07,22310,13,1.65,true,,66,156
2025-06-08,22310,12,1.65,true,,209,0
2025-06-09,22310,10,1.65,true,,197,0
2025-06-10,22310,10,1.65,true,,187,0
2025-06-11,22310,11,1.65,true,,177,0
2025-06-12,22310,10,1.65,true,,166,0
2025-06-13,22310,12,1.65,true,,156,0
2025-06-14,22310,14,1.65,true,,144,0
2025-06-15,22310,11,1.65,true,,130,0
2025-06-16,22310,9,1.65,true,,119,0
2025-06-17,22310,11,1.65,true,,110,0
2025-06-18,22310,11,1.65,true,,99,0
2025-06-19,22310,11,1.65,true,,88,0
2025-06-20,22310,11,1.65,true,,77,0
2025-06-21,22310,13,1.65,true,,66,150
2025-06-22,22310,12,1.65,true,,203,0
2025-06-23,22310,8,1.65,true,,191,0
2025-06-24,22310,10,1.65,true,,183,0
2025-06-25,22310,10,1.65,true,,173,0
2025-06-26,22310,12,1.65,true,,163,0
2025-06-27,22310,11,1.65,true,,151,0
2025-06-28,22310,12,1.65,true,,140,0
2025-06-29,22310,13,1.65,true,,128,0
2025-06-30,22310,9,1.65,true,,115,0
2025-07-01,22310,9,1.65,true,,106,0
2025-07-02,22310,11,1.65,true,,97,0
2025-07-03,22310,9,1.65,true,,86,0
2025-07-04,22310,11,1.65,true,,77,0
2025-07-05,22310,12,1.65,true,,66,157
2025-07-06,22310,12,1.65,true,,211,0
2025-07-07,22310,10,1.65,true,,199,0
2025-07-08,22310,10,1.65,true,,189,0
2025-07-09,22310,9,1.65,true,,179,0
2025-07-10,22310,10,1.65,true,,170,0
2025-07-11,22310,13,1.65,true,,160,0
2025-07-12,22310,14,1.65,true,,147,0
2025-07-13,22310,11,1.65,true,,133,0
2025-07-14,22310,10,1.65,true,,122,0
2025-07-15,22310,11,1.65,true,,112,0
2025-07-16,22310,12,1.65,true,,101,0
2025-07-17,22310,12,1.65,true,,89,0
2025-07-18,22310,11,1.65,true,,77,0
2025-07-19,22310,12,1.65,true,,66,155
2025-07-20,22310,12,1.65,true,,209,0
2025-07-21,22310,9,1.65,true,,197,0
2025-07-22,22310,11,1.65,true,,188,0
2025-07-23,22310,11,1.65,true,,177,0
2025-07-24,22310,11,1.65,true,,166,0
2025-07-25,22310,11,1.65,true,,155,0
2025-07-26,22310,14,1.65,true,,144,0
2025-07-27,22310,13,1.65,true,,130,0
2025-07-28,22310,10,1.65,true,,117,0
2025-07-29,22310,10,1.65,true,,107,0
2025-07-30,22310,10,1.65,true,,97,0
2025-07-31,22310,10,1.65,true,,87,0
2025-08-01,22310,11,1.65,true,,77,0
2025-08-02,22310,12,1.65,true,,66,158
2025-08-03,22310,12,1.65,true,,212,0
2025-08-04,22310,9,1.65,true,,200,0
2025-08-05,22310,10,1.65,true,,191,0
2025-08-06,22310,10,1.65,true,,181,0
2025-08-07,22310,10,1.65,true,,171,0
2025-08-08,22310,12,1.65,true,,161,0
2025-08-09,22310,14,1.65,true,,149,0
2025-08-10,22310,11,1.65,true,,135,0
2025-08-11,22310,11,1.65,true,,124,0
2025-08-12,22310,11,1.65,true,,113,0
2025-08-13,22310,12,1.65,true,,102,0
2025-08-14,22310,12,1.65,true,,90,0
2025-08-15,22310,12,1.65,true,,78,0
2025-08-16,22310,13,1.65,true,,66,158
2025-08-17,22310,13,1.65,true,,211,0
2025-08-18,22310,9,1.65,true,,198,0
2025-08-19,22310,11,1.65,true,,189,0
2025-08-20,22310,10,1.65,true,,178,0
2025-08-21,22310,10,1.65,true,,168,0
2025-08-22,22310,12,1.65,true,,158,0
2025-08-23,22310,13,1.65,true,,146,0
2025-08-24,22310,13,1.65,true,,133,0
2025-08-25,22310,10,1.65,true,,120,0
2025-08-26,22310,10,1.65,true,,110,0
2025-08-27,22310,10,1.65,true,,100,0
2025-08-28,22310,12,1.65,true,,90,0
2025-08-29,22310,12,1.65,true,,78,0
2025-08-30,22310,13,1.65,true,,66,158
2025-08-31,22310,12,1.65,true,,211,0
2025-09-01,22310,9,1.65,true,,199,0
2025-09-02,22310,11,1.65,true,,190,0
2025-09-03,22310,11,1.65,true,,179,0
2025-09-04,22310,10,1.65,true,,168,0
2025-09-05,22310,11,1.65,true,,158,0
2025-09-06,22310,14,1.65,true,,147,0
2025-09-07,22310,12,1.65,true,,133,0
2025-09-08,22310,11,1.65,true,,121,0
2025-09-09,22310,11,1.65,true,,110,0
2025-09-10,22310,10,1.65,true,,99,0
2025-09-11,22310,11,1.65,true,,89,0
2025-09-12,22310,12,1.65,true,,78,0
2025-09-13,22310,14,1.65,true,,66,164
2025-09-14,22310,13,1.65,true,,216,0
2025-09-15,22310,11,1.65,true,,203,0
2025-09-16,22310,10,1.65,true,,192,0
2025-09-17,22310,12,1.65,true,,182,0
2025-09-18,22310,12,1.65,true,,170,0
2025-09-19,22310,12,1.65,true,,158,0
2025-09-20,22310,12,1.65,true,,146,0
2025-09-21,22310,12,1.65,true,,134,0
2025-09-22,22310,10,1.65,true,,122,0
2025-09-23,22310,12,1.65,true,,112,0
2025-09-24,22310,11,1.65,true,,100,0
2025-09-25,22310,12,1.65,true,,89,0
2025-09-26,22310,11,1.65,true,,77,0
2025-09-27,22310,13,1.65,true,,66,167
2025-09-28,22310,14,1.65,true,,220,0
2025-09-29,22310,10,1.65,true,,206,0
2025-09-30,22310,12,1.65,true,,196,0
2025-10-01,22310,12,1.65,true,,184,0
2025-10-02,22310,11,1.65,true,,172,0
2025-10-03,22310,11,1.65,true,,161,0
2025-10-04,22310,14,1.65,true,,150,0
2025-10-05,22310,13,1.65,true,,136,0
2025-10-06,22310,12,1.65,true,,123,0
2025-10-07,22310,12,1.65,true,,111,0
2025-10-08,22310,11,1.65,true,,99,0
2025-10-09,22310,11,1.65,true,,88,0
2025-10-10,22310,11,1.65,true,,77,0
2025-10-11,22310,14,1.65,true,,66,166
2025-10-12,22310,14,1.65,true,,218,0
2025-10-13,22310,11,1.65,true,,204,0
2025-10-14,22310,11,1.65,true,,193,0
2025-10-15,22310,11,1.65,true,,182,0
2025-10-16,22310,10,1.65,true,,171,0
2025-10-17,22310,12,1.65,true,,161,0
2025-10-18,22310,15,1.65,true,,149,0
2025-10-19,22310,14,1.65,true,,134,0
2025-10-20,22310,9,1.65,true,,120,0
2025-10-21,22310,10,1.65,true,,111,0
2025-10-22,22310,12,1.65,true,,101,0
2025-10-23,22310,11,1.65,true,,89,0
2025-10-24,22310,12,1.65,true,,78,0
2025-10-25,22310,14,1.65,true,,66,174
2025-10-26,22310,13,1.65,true,,226,0
2025-10-27,22310,12,1.65,true,,213,0
2025-10-28,22310,10,1.65,true,,201,0
2025-10-29,22310,12,1.65,true,,191,0
2025-10-30,22310,12,1.65,true,,179,0
2025-10-31,22310,12,1.65,true,,167,0
2025-11-01,22310,15,1.65,true,,155,0
2025-11-02,22310,15,1.65,true,,140,0
2025-11-03,22310,11,1.65,true,,125,0
2025-11-04,22310,11,1.65,true,,114,0
2025-11-05,22310,12,1.65,true,,103,0
2025-11-06,22310,12,1.65,true,,91,0
2025-11-07,22310,13,1.65,true,,79,0
2025-11-08,22310,13,1.65,true,,66,171
2025-11-09,22310,13,1.65,true,,224,0
2025-11-10,22310,12,1.65,true,,211,0
2025-11-11,22310,11,1.65,true,,199,0
2025-11-12,22310,11,1.65,true,,188,0
2025-11-13,22310,12,1.65,true,,177,0
2025-11-14,22310,13,1.65,true,,165,0
2025-11-15,22310,15,1.65,true,,152,0
2025-11-16,22310,13,1.65,true,,137,0
2025-11-17,22310,10,1.65,true,,124,0
2025-11-18,22310,10,1.65,true,,114,0
2025-11-19,22310,13,1.65,true,,104,0
2025-11-20,22310,12,1.65,true,,91,0
2025-11-21,22310,13,1.65,true,,79,0
2025-11-22,22310,14,1.65,true,,66,176
2025-11-23,22310,14,1.65,true,,228,0
2025-11-24,22310,10,1.65,true,,214,0
2025-11-25,22310,12,1.65,true,,204,0
2025-11-26,22310,13,1.65,true,,192,0
2025-11-27,22310,12,1.65,true,,179,0
2025-11-28,22310,13,1.65,true,,167,0
2025-11-29,22310,15,1.65,true,,154,0
2025-11-30,22310,14,1.65,true,,139,0
2025-12-01,22310,11,1.65,true,,125,0
2025-12-02,22310,12,1.65,true,,114,0
2025-12-03,22310,11,1.65,true,,102,0
2025-12-04,22310,13,1.65,true,,91,0
2025-12-05,22310,12,1.65,true,,78,0
2025-12-06,22310,15,1.65,true,,66,173
2025-12-07,22310,13,1.65,true,,224,0
2025-12-08,22310,12,1.65,true,,211,0
2025-12-09,22310,11,1.65,true,,199,0
2025-12-10,22310,13,1.65,true,,188,0
2025-12-11,22310,11,1.65,true,,175,0
2025-12-12,22310,13,1.65,true,,164,0
2025-12-13,22310,14,1.65,true,,151,0
2025-12-14,22310,13,1.65,true,,137,0
2025-12-15,22310,10,1.65,true,,124,0
2025-12-16,22310,11,1.65,true,,114,0
2025-12-17,22310,12,1.65,true,,103,0
2025-12-18,22310,12,1.65,true,,91,0
2025-12-19,22310,13,1.65,true,,79,0
2025-12-20,22310,15,1.65,true,,66,176
2025-12-21,22310,14,1.65,true,,227,0
2025-12-22,22310,11,1.65,true,,213,0
2025-12-23,22310,11,1.65,true,,202,0
2025-12-24,22310,12,1.65,true,,191,0
2025-12-25,22310,12,1.65,true,,179,0
2025-12-26,22310,13,1.65,true,,167,0
2025-12-27,22310,15,1.65,true,,154,0
2025-12-28,22310,13,1.65,true,,139,0
2025-12-29,22310,12,1.65,true,,126,0
2025-12-30,22310,12,1.65,true,,114,0
2025-12-31,22310,11,1.65,true,,102,0
2026-01-01,22310,12,1.65,true,,91,0
2026-01-02,22310,13,1.65,true,,79,0
2026-01-03,22310,15,1.65,true,,66,177
2026-01-04,22310,15,1.65,true,,228,0
2026-01-05,22310,11,1.65,true,,213,0
2026-01-06,22310,12,1.65,true,,202,0
2026-01-07,22310,12,1.65,true,,190,0
2026-01-08,22310,13,1.65,true,,178,0
2026-01-09,22310,14,1.65,true,,165,0
2026-01-10,22310,15,1.65,true,,151,0
2026-01-11,22310,13,1.65,true,,136,0
2026-01-12,22310,10,1.65,true,,123,0
2026-01-13,22310,11,1.65,true,,113,0
2026-01-14,22310,12,1.65,true,,102,0
2026-01-15,22310,11,1.65,true,,90,0
2026-01-16,22310,13,1.65,true,,79,0
2026-01-17,22310,14,1.65,true,,66,170
2026-01-18,22310,13,1.65,true,,222,0
2026-01-19,22310,12,1.65,true,,209,0
2026-01-20,22310,11,1.65,true,,197,0
2026-01-21,22310,12,1.65,true,,186,0
2026-01-22,22310,11,1.65,true,,174,0
2026-01-23,22310,12,1.65,true,,163,0
2026-01-24,22310,13,1.65,true,,151,0
2026-01-25,22310,13,1.65,true,,138,0
2026-01-26,22310,11,1.65,true,,125,0
2026-01-27,22310,11,1.65,true,,114,0
2026-01-28,22310,12,1.65,true,,103,0
2026-01-29,22310,11,1.65,true,,91,0
2026-01-30,22310,14,1.65,true,,80,0
2026-01-31,22310,15,1.65,true,,66,168
2026-02-01,22310,13,1.65,true,,219,0
2026-02-02,22310,11,1.65,true,,206,0
2026-02-03,22310,10,1.65,true,,195,0
2026-02-04,22310,12,1.65,true,,185,0
2026-02-05,22310,12,1.65,true,,173,0
2026-02-06,22310,12,1.65,true,,161,0
2026-02-07,22310,13,1.65,true,,149,0
2026-02-08,22310,13,1.65,true,,136,0
2026-02-09,22310,11,1.65,true,,123,0
2026-02-10,22310,10,1.65,true,,112,0
2026-02-11,22310,11,1.65,true,,102,0
2026-02-12,22310,11,1.65,true,,91,0
2026-02-13,22310,14,1.65,true,,80,0
2026-02-14,22310,14,1.65,true,,66,169
2026-02-15,22310,12,1.65,true,,221,0
2026-02-16,22310,12,1.65,true,,209,0
2026-02-17,22310,10,1.65,true,,197,0
2026-02-18,22310,11,1.65,true,,187,0
2026-02-19,22310,12,1.65,true,,176,0
2026-02-20,22310,12,1.65,true,,164,0
2026-02-21,22310,14,1.65,true,,152,0
2026-02-22,22310,14,1.65,true,,138,0
2026-02-23,22310,11,1.65,true,,124,0
2026-02-24,22310,11,1.65,true,,113,0
2026-02-25,22310,12,1.65,true,,102,0
2026-02-26,22310,11,1.65,true,,90,0
2026-02-27,22310,13,1.65,true,,79,0
2026-02-28,22310,13,1.65,true,,66,162
2026-03-01,22310,12,1.65,true,,215,0
2026-03-02,22310,10,1.65,true,,203,0
2026-03-03,22310,12,1.65,true,,193,0
2026-03-04,22310,12,1.65,true,,181,0
2026-03-05,22310,10,1.65,true,,169,0
2026-03-06,22310,13,1.65,true,,159,0
2026-03-07,22310,14,1.65,true,,146,0
2026-03-08,22310,14,1.65,true,,132,0
2026-03-09,22310,9,1.65,true,,118,0
2026-03-10,22310,11,1.65,true,,109,0
2026-03-11,22310,10,1.65,true,,98,0
2026-03-12,22310,10,1.65,true,,88,0
2026-03-13,22310,12,1.65,true,,78,0
2026-03-14,22310,13,1.65,true,,66,161
2026-03-15,22310,13,1.65,true,,214,0
2026-03-16,22310,11,1.65,true,,201,0
2026-03-17,22310,9,1.65,true,,190,0
2026-03-18,22310,12,1.65,true,,181,0
2026-03-19,22310,11,1.65,true,,169,0
2026-03-20,22310,12,1.65,true,,158,0
2026-03-21,22310,13,1.65,true,,146,0
2026-03-22,22310,12,1.65,true,,133,0
2026-03-23,22310,10,1.65,true,,121,0
2026-03-24,22310,11,1.65,true,,111,0
2026-03-25,22310,10,1.65,true,,100,0
2026-03-26,22310,12,1.65,true,,90,0
2026-03-27,22310,12,1.65,true,,78,0
2026-03-28,22310,14,1.65,true,,66,161
2026-03-29,22310,12,1.65,true,,213,0
2026-03-30,22310,10,1.65,true,,201,0
2026-03-31,22310,12,1.65,true,,191,0
2026-04-01,22310,10,1.65,true,,179,0
2026-04-02,22310,10,1.65,true,,169,0
2026-04-03,22310,12,1.65,true,,159,0
2026-04-04,22310,13,1.65,true,,147,0
2026-04-05,22310,13,1.65,true,,134,0
2026-04-06,22310,10,1.65,true,,121,0
2026-04-07,22310,10,1.65,true,,111,0
2026-04-08,22310,12,1.65,true,,101,0
2026-04-09,22310,10,1.65,true,,89,0
2026-04-10,22310,13,1.65,true,,79,0
2026-04-11,22310,13,1.65,true,,66,154
2026-04-12,22310,13,1.65,true,,207,0
2026-04-13,22310,10,1.65,true,,194,0
2026-04-14,22310,11,1.65,true,,184,0
2026-04-15,22310,11,1.65,true,,173,0
2026-04-16,22310,10,1.65,true,,162,0
2026-04-17,22310,12,1.65,true,,152,0
2026-04-18,22310,12,1.65,true,,140,0
2026-04-19,22310,12,1.65,true,,128,0
2026-04-20,22310,9,1.65,true,,116,0
2026-04-21,22310,9,1.65,true,,107,0
2026-04-22,22310,10,1.65,true,,98,0
2026-04-23,22310,11,1.65,true,,88,0
2026-04-24,22310,11,1.65,true,,77,0
2026-04-25,22310,13,1.65,true,,66,154
2026-04-26,22310,11,1.65,true,,207,0
2026-04-27,22310,10,1.65,true,,196,0
2026-04-28,22310,10,1.65,true,,186,0
2026-04-29,22310,11,1.65,true,,176,0
2026-04-30,22310,12,1.65,true,,165,0
2026-05-01,22310,11,1.65,true,,153,0
2026-05-02,22310,12,1.65,true,,142,0
2026-05-03,22310,12,1.65,true,,130,0
2026-05-04,22310,9,1.65,true,,118,0
2026-05-05,22310,10,1.65,true,,109,0
2026-05-06,22310,11,1.65,true,,99,0
2026-05-07,22310,12,1.65,true,,88,0
2026-05-08,22310,10,1.65,true,,76,0
2026-05-09,22310,14,1.65,true,,66,153
2026-05-10,22310,12,1.65,true,,205,0
2026-05-11,22310,9,1.65,true,,193,0
2026-05-12,22310,9,1.65,true,,184,0
2026-05-13,22310,9,1.65,true,,175,0
2026-05-14,22310,10,1.65,true,,166,0
2026-05-15,22310,12,1.65,true,,156,0
2026-05-16,22310,14,1.65,true,,144,0
2026-05-17,22310,12,1.65,true,,130,0
2026-05-18,22310,9,1.65,true,,118,0
2026-05-19,22310,10,1.65,true,,109,0
2026-05-20,22310,11,1.65,true,,99,0
2026-05-21,22310,12,1.65,true,,88,0
2026-05-22,22310,10,1.65,true,,76,0
2026-05-23,22310,14,1.65,true,,66,157
2026-05-24,22310,12,1.65,true,,209,0
2026-05-25,22310,9,1.65,true,,197,0
2026-05-26,22310,9,1.65,true,,188,0
2026-05-27,22310,10,1.65,true,,179,0
2026-05-28,22310,12,1.65,true,,169,0
2026-05-29,22310,11,1.65,true,,157,0
2026-05-30,22310,14,1.65,true,,146,0
2026-05-31,22310,12,1.65,true,,132,0
2026-06-01,22310,11,1.65,true,,120,0
2026-06-02,22310,10,1.65,true,,109,0
2026-06-03,22310,11,1.65,true,,99,0
2026-06-04,22310,10,1.65,true,,88,0
2026-06-05,22310,12,1.65,true,,78,0
2026-06-06,22310,14,1.65,true,,66,154
2026-06-07,22310,12,1.65,true,,206,0
2026-06-08,22310,10,1.65,true,,194,0
2026-06-09,22310,9,1.65,true,,184,0
2026-06-10,22310,10,1.65,true,,175,0
2026-06-11,22310,11,1.65,true,,165,0
2026-06-12,22310,11,1.65,true,,154,0
2026-06-13,22310,13,1.65,true,,143,0
2026-06-14,22310,13,1.65,true,,130,0
2026-06-15,22310,10,1.65,true,,117,0
2026-06-16,22310,10,1.65,true,,107,0
2026-06-17,22310,10,1.65,true,,97,0
2026-06-18,22310,10,1.65,true,,87,0
2026-06-19,22310,11,1.65,true,,77,0
2026-06-20,22310,13,1.65,true,,66,153
2026-06-21,22310,13,1.65,true,,206,0
2026-06-22,22310,9,1.65,true,,193,0
2026-06-23,22310,10,1.65,true,,184,0
2026-06-24,22310,10,1.65,true,,174,0
2026-06-25,22310,11,1.65,true,,164,0
2026-06-26,22310,11,1.65,true,,153,0
2026-06-27,22310,12,1.65,true,,142,0
2026-06-28,22310,13,1.65,true,,130,0
2026-06-29,22310,10,1.65,true,,117,0
2026-06-30,22310,9,1.65,true,,107,0
2026-07-01,22310,10,1.65,true,,98,0
2026-07-02,22310,10,1.65,true,,88,0
2026-07-03,22310,12,1.65,true,,78,0
2026-07-04,22310,14,1.65,true,,66,157
2026-07-05,22310,13,1.65,true,,209,0
2026-07-06,22310,9,1.65,true,,196,0
2026-07-07,22310,9,1.65,true,,187,0
2026-07-08,22310,10,1.65,true,,178,0
2026-07-09,22310,11,1.65,true,,168,0
2026-07-10,22310,10,1.65,true,,157,0
2026-07-11,22310,14,1.65,true,,147,0
2026-07-12,22310,12,1.65,true,,133,0
2026-07-13,22310,11,1.65,true,,121,0
2026-07-14,22310,11,1.65,true,,110,0
2026-07-15,22310,11,1.65,true,,99,0
2026-07-16,22310,11,1.65,true,,88,0
2026-07-17,22310,11,1.65,true,,77,0
2026-07-18,22310,14,1.65,true,,66,160
2026-07-19,22310,12,1.65,true,,212,0
2026-07-20,22310,10,1.65,true,,200,0
2026-07-21,22310,11,1.65,true,,190,0
2026-07-22,22310,10,1.65,true,,179,0
2026-07-23,22310,11,1.65,true,,169,0
2026-07-24,22310,12,1.65,true,,158,0
2026-07-25,22310,14,1.65,true,,146,0
2026-07-26,22310,12,1.65,true,,132,0
2026-07-27,22310,11,1.65,true,,120,0
2026-07-28,22310,11,1.65,true,,109,0
2026-07-29,22310,11,1.65,true,,98,0
2026-07-30,22310,10,1.65,true,,87,0
2026-07-31,22310,11,1.65,true,,77,0
2026-08-01,22310,12,1.65,true,,66,157
2026-08-02,22310,12,1.65,true,,211,0
2026-08-03,22310,11,1.65,true,,199,0
2026-08-04,22310,10,1.65,true,,188,0
2026-08-05,22310,10,1.65,true,,178,0
2026-08-06,22310,11,1.65,true,,168,0
2026-08-07,22310,10,1.65,true,,157,0
2026-08-08,22310,12,1.65,true,,147,0
2026-08-09,22310,14,1.65,true,,135,0
2026-08-10,22310,11,1.65,true,,121,0
2026-08-11,22310,11,1.65,true,,110,0
2026-08-12,22310,12,1.65,true,,99,0
2026-08-13,22310,10,1.65,true,,87,0
2026-08-14,22310,11,1.65,true,,77,0
2026-08-15,22310,14,1.65,true,,66,107
2026-08-16,22310,13,1.65,true,,159,0
2026-08-17,22310,10,1.65,true,,146,0
2026-08-18,22310,10,1.65,true,,136,0
2026-08-19,22310,12,1.65,true,,126,0
2026-08-20,22310,10,1.65,true,,114,0
2026-08-21,22310,13,1.65,true,,104,0
2026-08-22,22310,13,1.65,true,,91,0
2026-08-23,22310,12,1.65,true,,78,0
2026-08-24,22310,10,1.65,true,,66,261
2026-08-25,22310,10,1.65,true,,317,0
2026-08-26,22310,12,1.65,true,,307,0
2026-08-27,22310,11,1.65,true,,295,0
2026-08-28,22310,11,1.65,true,,284,0
2026-08-29,22310,14,1.65,true,,273,0
2026-08-30,22310,12,1.65,true,,259,0
2026-08-31,22310,10,1.65,true,,247,0
2026-09-01,22310,10,1.65,true,,237,0
2026-09-02,22310,11,1.65,true,,227,0
2026-09-03,22310,12,1.65,true,,216,0
2026-09-04,22310,13,1.65,true,,204,0
2026-09-05,22310,14,1.65,true,,191,0
2026-09-06,22310,14,1.65,true,,177,0
2026-09-07,22310,11,1.65,true,,163,0
2026-09-08,22310,10,1.65,true,,152,0
2026-09-09,22310,11,1.65,true,,142,0
2026-09-10,22310,12,1.65,true,,131,0
2026-09-11,22310,12,1.65,true,,119,0
2026-09-12,22310,12,1.65,true,,107,0
2026-09-13,22310,13,1.65,true,,95,0
2024-09-14,84969,18,4.25,true,,431,0
2024-09-15,84969,15,4.25,true,,413,0
2024-09-16,84969,13,4.25,true,,398,0
2024-09-17,84969,13,4.25,true,,385,0
2024-09-18,84969,15,4.25,true,,372,0
2024-09-19,84969,16,4.25,true,,357,0
2024-09-20,84969,17,4.25,true,,341,0
2024-09-21,84969,18,4.25,true,,324,0
2024-09-22,84969,16,4.25,true,,306,0
2024-09-23,84969,12,4.25,true,,290,0
2024-09-24,84969,14,4.25,true,,278,0
2024-09-25,84969,15,4.25,true,,264,0
2024-09-26,84969,15,4.25,true,,249,0
2024-09-27,84969,16,4.25,true,,234,0
2024-09-28,84969,17,4.25,true,,218,0
2024-09-29,84969,17,4.25,true,,201,0
2024-09-30,84969,12,4.25,true,,184,0
2024-10-01,84969,15,4.25,true,,172,0
2024-10-02,84969,15,4.25,true,,157,0
2024-10-03,84969,14,4.25,true,,142,0
2024-10-04,84969,16,4.25,true,,128,0
2024-10-05,84969,18,4.25,true,,112,0
2024-10-06,84969,17,4.25,true,,94,0
2024-10-07,84969,13,4.25,true,,77,226
2024-10-08,84969,15,4.25,true,,290,0
2024-10-09,84969,16,4.25,true,,275,0
2024-10-10,84969,15,4.25,true,,259,0
2024-10-11,84969,16,4.25,true,,244,0
2024-10-12,84969,19,4.25,true,,228,0
2024-10-13,84969,18,4.25,true,,209,0
2024-10-14,84969,14,4.25,true,,191,0
2024-10-15,84969,13,4.25,true,,177,0
2024-10-16,84969,14,4.25,true,,164,0
2024-10-17,84969,16,4.25,true,,150,0
2024-10-18,84969,15,4.25,true,,134,0
2024-10-19,84969,17,4.25,true,,119,0
2024-10-20,84969,18,4.25,true,,102,0
2024-10-21,84969,15,4.25,true,,84,218
2024-10-22,84969,15,4.25,true,,287,0
2024-10-23,84969,15,4.25,true,,272,0
2024-10-24,84969,14,4.25,true,,257,0
2024-10-25,84969,17,4.25,true,,243,0
2024-10-26,84969,17,4.25,true,,226,0
2024-10-27,84969,16,4.25,true,,209,0
2024-10-28,84969,14,4.25,true,,193,0
2024-10-29,84969,14,4.25,true,,179,0
2024-10-30,84969,14,4.25,true,,165,0
2024-10-31,84969,16,4.25,true,,151,0
2024-11-01,84969,17,4.25,true,,135,0
2024-11-02,84969,18,4.25,true,,118,0
2024-11-03,84969,16,4.25,true,,100,0
2024-11-04,84969,13,4.25,true,,84,0
2024-11-05,84969,14,4.25,true,,71,238
2024-11-06,84969,15,4.25,true,,295,0
2024-11-07,84969,15,4.25,true,,280,0
2024-11-08,84969,16,4.25,true,,265,0
2024-11-09,84969,19,4.25,true,,249,0
2024-11-10,84969,17,4.25,true,,230,0
2024-11-11,84969,15,4.25,true,,213,0
2024-11-12,84969,15,4.25,true,,198,0
2024-11-13,84969,14,4.25,true,,183,0
2024-11-14,84969,16,4.25,true,,169,0
2024-11-15,84969,17,4.25,true,,153,0
2024-11-16,84969,19,4.25,true,,136,0
2024-11-17,84969,18,4.25,true,,117,0
2024-11-18,84969,15,4.25,true,,99,0
2024-11-19,84969,15,4.25,true,,84,219
2024-11-20,84969,16,4.25,true,,288,0
2024-11-21,84969,14,4.25,true,,272,0
2024-11-22,84969,15,4.25,true,,258,0
2024-11-23,84969,19,4.25,true,,243,0
2024-11-24,84969,18,4.25,true,,224,0
2024-11-25,84969,14,4.25,true,,206,0
2024-11-26,84969,15,4.25,true,,192,0
2024-11-27,84969,15,4.25,true,,177,0
2024-11-28,84969,14,4.25,true,,162,0
2024-11-29,84969,15,4.25,true,,148,0
2024-11-30,84969,19,4.25,true,,133,0
2024-12-01,84969,17,4.25,true,,114,0
2024-12-02,84969,13,4.25,true,,97,0
2024-12-03,84969,13,4.25,true,,84,0
2024-12-04,84969,16,4.25,true,,71,234
2024-12-05,84969,15,4.25,true,,289,0
2024-12-06,84969,15,4.25,true,,274,0
2024-12-07,84969,18,4.25,true,,259,0
2024-12-08,84969,17,4.25,true,,241,0
2024-12-09,84969,14,4.25,true,,224,0
2024-12-10,84969,14,4.25,true,,210,0
2024-12-11,84969,15,4.25,true,,196,0
2024-12-12,84969,15,4.25,true,,181,0
2024-12-13,84969,17,4.25,true,,166,0
2024-12-14,84969,19,4.25,true,,149,0
2024-12-15,84969,17,4.25,true,,130,0
2024-12-16,84969,15,4.25,true,,113,0
2024-12-17,84969,14,4.25,true,,98,0
2024-12-18,84969,16,4.25,true,,84,228
2024-12-19,84969,16,4.25,true,,296,0
2024-12-20,84969,17,4.25,true,,280,0
2024-12-21,84969,20,4.25,true,,263,0
2024-12-22,84969,17,4.25,true,,243,0
2024-12-23,84969,15,4.25,true,,226,0
2024-12-24,84969,14,4.25,true,,211,0
2024-12-25,84969,15,4.25,true,,197,0
2024-12-26,84969,16,4.25,true,,182,0
2024-12-27,84969,16,4.25,true,,166,0
2024-12-28,84969,19,4.25,true,,150,0
2024-12-29,84969,18,4.25,true,,131,0
2024-12-30,84969,15,4.25,true,,113,0
2024-12-31,84969,14,4.25,true,,98,0
2025-01-01,84969,15,4.25,true,,84,219
2025-01-02,84969,16,4.25,true,,288,0
2025-01-03,84969,17,4.25,true,,272,0
2025-01-04,84969,18,4.25,true,,255,0
2025-01-05,84969,17,4.25,true,,237,0
2025-01-06,84969,13,4.25,true,,220,0
2025-01-07,84969,14,4.25,true,,207,0
2025-01-08,84969,14,4.25,true,,193,0
2025-01-09,84969,15,4.25,true,,179,0
2025-01-10,84969,17,4.25,true,,164,0
2025-01-11,84969,18,4.25,true,,147,0
2025-01-12,84969,17,4.25,true,,129,0
2025-01-13,84969,14,4.25,true,,112,0
2025-01-14,84969,14,4.25,true,,98,0
2025-01-15,84969,14,4.25,true,,84,0
2025-01-16,84969,17,4.25,true,,70,236
2025-01-17,84969,15,4.25,true,,289,0
2025-01-18,84969,19,4.25,true,,274,0
2025-01-19,84969,17,4.25,true,,255,0
2025-01-20,84969,15,4.25,true,,238,0
2025-01-21,84969,14,4.25,true,,223,0
2025-01-22,84969,16,4.25,true,,209,0
2025-01-23,84969,14,4.25,true,,193,0
2025-01-24,84969,15,4.25,true,,179,0
2025-01-25,84969,19,4.25,true,,164,0
2025-01-26,84969,17,4.25,true,,145,0
2025-01-27,84969,14,4.25,true,,128,0
2025-01-28,84969,14,4.25,true,,114,0
2025-01-29,84969,16,4.25,true,,100,0
2025-01-30,84969,16,4.25,true,,84,220
2025-01-31,84969,16,4.25,true,,288,0
2025-02-01,84969,19,4.25,true,,272,0
2025-02-02,84969,18,4.25,true,,253,0
2025-02-03,84969,15,4.25,true,,235,0
2025-02-04,84969,13,4.25,true,,220,0
2025-02-05,84969,15,4.25,true,,207,0
2025-02-06,84969,15,4.25,true,,192,0
2025-02-07,84969,17,4.25,true,,177,0
2025-02-08,84969,17,4.25,true,,160,0
2025-02-09,84969,16,4.25,true,,143,0
2025-02-10,84969,14,4.25,true,,127,0
2025-02-11,84969,14,4.25,true,,113,0
2025-02-12,84969,15,4.25,true,,99,0
2025-02-13,84969,14,4.25,true,,84,0
2025-02-14,84969,15,4.25,true,,70,224
2025-02-15,84969,17,4.25,true,,279,0
2025-02-16,84969,17,4.25,true,,262,0
2025-02-17,84969,12,4.25,true,,245,0
2025-02-18,84969,14,4.25,true,,233,0
2025-02-19,84969,14,4.25,true,,219,0
2025-02-20,84969,16,4.25,true,,205,0
2025-02-21,84969,15,4.25,true,,189,0
2025-02-22,84969,18,4.25,true,,174,0
2025-02-23,84969,16,4.25,true,,156,0
2025-02-24,84969,14,4.25,true,,140,0
2025-02-25,84969,15,4.25,true,,126,0
2025-02-26,84969,14,4.25,true,,111,0
2025-02-27,84969,13,4.25,true,,97,0
2025-02-28,84969,17,4.25,true,,84,214
2025-03-01,84969,19,4.25,true,,281,0
2025-03-02,84969,18,4.25,true,,262,0
2025-03-03,84969,13,4.25,true,,244,0
2025-03-04,84969,13,4.25,true,,231,0
2025-03-05,84969,15,4.25,true,,218,0
2025-03-06,84969,14,4.25,true,,203,0
2025-03-07,84969,16,4.25,true,,189,0
2025-03-08,84969,18,4.25,true,,173,0
2025-03-09,84969,17,4.25,true,,155,0
2025-03-10,84969,13,4.25,true,,138,0
2025-03-11,84969,14,4.25,true,,125,0
2025-03-12,84969,13,4.25,true,,111,0
2025-03-13,84969,14,4.25,true,,98,0
2025-03-14,84969,16,4.25,true,,84,208
2025-03-15,84969,18,4.25,true,,276,0
2025-03-16,84969,17,4.25,true,,258,0
2025-03-17,84969,14,4.25,true,,241,0
2025-03-18,84969,12,4.25,true,,227,0
2025-03-19,84969,15,4.25,true,,215,0
2025-03-20,84969,15,4.25,true,,200,0
2025-03-21,84969,15,4.25,true,,185,0
2025-03-22,84969,17,4.25,true,,170,0
2025-03-23,84969,15,4.25,true,,153,0
2025-03-24,84969,14,4.25,true,,138,0
2025-03-25,84969,12,4.25,true,,124,0
2025-03-26,84969,15,4.25,true,,112,0
2025-03-27,84969,13,4.25,true,,97,0
2025-03-28,84969,16,4.25,true,,84,203
2025-03-29,84969,17,4.25,true,,271,0
2025-03-30,84969,15,4.25,true,,254,0
2025-03-31,84969,12,4.25,true,,239,0
2025-04-01,84969,14,4.25,true,,227,0
2025-04-02,84969,15,4.25,true,,213,0
2025-04-03,84969,13,4.25,true,,198,0
2025-04-04,84969,15,4.25,true,,185,0
2025-04-05,84969,18,4.25,true,,170,0
2025-04-06,84969,17,4.25,true,,152,0
2025-04-07,84969,12,4.25,true,,135,0
2025-04-08,84969,12,4.25,true,,123,0
2025-04-09,84969,14,4.25,true,,111,0
2025-04-10,84969,13,4.25,true,,97,0
2025-04-11,84969,14,4.25,true,,84,0
2025-04-12,84969,17,4.25,true,,70,213
2025-04-13,84969,15,4.25,true,,266,0
2025-04-14,84969,13,4.25,true,,251,0
2025-04-15,84969,14,4.25,true,,238,0
2025-04-16,84969,12,4.25,true,,224,0
2025-04-17,84969,14,4.25,true,,212,0
2025-04-18,84969,14,4.25,true,,198,0
2025-04-19,84969,17,4.25,true,,184,0
2025-04-20,84969,15,4.25,true,,167,0
2025-04-21,84969,13,4.25,true,,152,0
2025-04-22,84969,12,4.25,true,,139,0
2025-04-23,84969,14,4.25,true,,127,0
2025-04-24,84969,13,4.25,true,,113,0
2025-04-25,84969,16,4.25,true,,100,0
2025-04-26,84969,17,4.25,true,,84,197
2025-04-27,84969,16,4.25,true,,264,0
2025-04-28,84969,14,4.25,true,,248,0
2025-04-29,84969,13,4.25,true,,234,0
2025-04-30,84969,12,4.25,true,,221,0
2025-05-01,84969,12,4.25,true,,209,0
2025-05-02,84969,14,4.25,true,,197,0
2025-05-03,84969,18,4.25,true,,183,0
2025-05-04,84969,16,4.25,true,,165,0
2025-05-05,84969,13,4.25,true,,149,0
2025-05-06,84969,12,4.25,true,,136,0
2025-05-07,84969,13,4.25,true,,124,0
2025-05-08,84969,13,4.25,true,,111,0
2025-05-09,84969,14,4.25,true,,98,0
2025-05-10,84969,17,4.25,true,,84,198
2025-05-11,84969,17,4.25,true,,265,0
2025-05-12,84969,13,4.25,true,,248,0
2025-05-13,84969,13,4.25,true,,235,0
2025-05-14,84969,12,4.25,true,,222,0
2025-05-15,84969,15,4.25,true,,210,0
2025-05-16,84969,15,4.25,true,,195,0
2025-05-17,84969,16,4.25,true,,180,0
2025-05-18,84969,15,4.25,true,,164,0
2025-05-19,84969,13,4.25,true,,149,0
2025-05-20,84969,12,4.25,true,,136,0
2025-05-21,84969,13,4.25,true,,124,0
2025-05-22,84969,13,4.25,true,,111,0
2025-05-23,84969,14,4.25,true,,98,0
2025-05-24,84969,15,4.25,true,,84,192
2025-05-25,84969,15,4.25,true,,261,0
2025-05-26,84969,12,4.25,true,,246,0
2025-05-27,84969,12,4.25,true,,234,0
2025-05-28,84969,12,4.25,true,,222,0
2025-05-29,84969,13,4.25,true,,210,0
2025-05-30,84969,14,4.25,true,,197,0
2025-05-31,84969,17,4.25,true,,183,0
2025-06-01,84969,15,4.25,true,,166,0
2025-06-02,84969,13,4.25,true,,151,0
2025-06-03,84969,14,4.25,true,,138,0
2025-06-04,84969,13,4.25,true,,124,0
2025-06-05,84969,12,4.25,true,,111,0
2025-06-06,84969,15,4.25,true,,99,0
2025-06-07,84969,16,4.25,true,,84,189
2025-06-08,84969,14,4.25,true,,257,0
2025-06-09,84969,12,4.25,true,,243,0
2025-06-10,84969,13,4.25,true,,231,0
2025-06-11,84969,12,4.25,true,,218,0
2025-06-12,84969,12,4.25,true,,206,0
2025-06-13,84969,13,4.25,true,,194,0
2025-06-14,84969,15,4.25,true,,181,0
2025-06-15,84969,16,4.25,true,,166,0
2025-06-16,84969,11,4.25,true,,150,0
2025-06-17,84969,12,4.25,true,,139,0
2025-06-18,84969,14,4.25,true,,127,0
2025-06-19,84969,14,4.25,true,,113,0
2025-06-20,84969,15,4.25,true,,99,0
2025-06-21,84969,17,4.25,true,,84,196
2025-06-22,84969,17,4.25,true,,263,0
2025-06-23,84969,13,4.25,true,,246,0
2025-06-24,84969,12,4.25,true,,233,0
2025-06-25,84969,12,4.25,true,,221,0
2025-06-26,84969,14,4.25,true,,209,0
2025-06-27,84969,14,4.25,true,,195,0
2025-06-28,84969,17,4.25,true,,181,0
2025-06-29,84969,16,4.25,true,,164,0
2025-06-30,84969,12,4.25,true,,148,0
2025-07-01,84969,13,4.25,true,,136,0
2025-07-02,84969,12,4.25,true,,123,0
2025-07-03,84969,13,4.25,true,,111,0
2025-07-04,84969,14,4.25,true,,98,0
2025-07-05,84969,17,4.25,true,,84,197
2025-07-06,84969,15,4.25,true,,264,0
2025-07-07,84969,11,4.25,true,,249,0
2025-07-08,84969,12,4.25,true,,238,0
2025-07-09,84969,13,4.25,true,,226,0
2025-07-10,84969,15,4.25,true,,213,0
2025-07-11,84969,15,4.25,true,,198,0
2025-07-12,84969,16,4.25,true,,183,0
2025-07-13,84969,16,4.25,true,,167,0
2025-07-14,84969,13,4.25,true,,151,0
2025-07-15,84969,12,4.25,true,,138,0
2025-07-16,84969,14,4.25,true,,126,0
2025-07-17,84969,14,4.25,true,,112,0
2025-07-18,84969,14,4.25,true,,98,0
2025-07-19,84969,15,4.25,true,,84,204
2025-07-20,84969,16,4.25,true,,273,0
2025-07-21,84969,12,4.25,true,,257,0
2025-07-22,84969,13,4.25,true,,245,0
2025-07-23,84969,14,4.25,true,,232,0
2025-07-24,84969,15,4.25,true,,218,0
2025-07-25,84969,14,4.25,true,,203,0
2025-07-26,84969,16,4.25,true,,189,0
2025-07-27,84969,17,4.25,true,,173,0
2025-07-28,84969,14,4.25,true,,156,0
2025-07-29,84969,14,4.25,true,,142,0
2025-07-30,84969,15,4.25,true,,128,0
2025-07-31,84969,14,4.25,true,,113,0
2025-08-01,84969,15,4.25,true,,99,0
2025-08-02,84969,18,4.25,true,,84,198
2025-08-03,84969,16,4.25,true,,264,0
2025-08-04,84969,12,4.25,true,,248,0
2025-08-05,84969,12,4.25,true,,236,0
2025-08-06,84969,14,4.25,true,,224,0
2025-08-07,84969,13,4.25,true,,210,0
2025-08-08,84969,14,4.25,true,,197,0
2025-08-09,84969,15,4.25,true,,183,0
2025-08-10,84969,16,4.25,true,,168,0
2025-08-11,84969,14,4.25,true,,152,0
2025-08-12,84969,13,4.25,true,,138,0
2025-08-13,84969,13,4.25,true,,125,0
2025-08-14,84969,13,4.25,true,,112,0
2025-08-15,84969,15,4.25,true,,99,0
2025-08-16,84969,17,4.25,true,,84,203
2025-08-17,84969,15,4.25,true,,270,0
2025-08-18,84969,12,4.25,true,,255,0
2025-08-19,84969,13,4.25,true,,243,0
2025-08-20,84969,14,4.25,true,,230,0
2025-08-21,84969,15,4.25,true,,216,0
2025-08-22,84969,16,4.25,true,,201,0
2025-08-23,84969,18,4.25,true,,185,0
2025-08-24,84969,15,4.25,true,,167,0
2025-08-25,84969,12,4.25,true,,152,0
2025-08-26,84969,13,4.25,true,,140,0
2025-08-27,84969,14,4.25,true,,127,0
2025-08-28,84969,14,4.25,true,,113,0
2025-08-29,84969,15,4.25,true,,99,0
2025-08-30,84969,16,4.25,true,,84,205
2025-08-31,84969,17,4.25,true,,273,0
2025-09-01,84969,14,4.25,true,,256,0
2025-09-02,84969,12,4.25,true,,242,0
2025-09-03,84969,13,4.25,true,,230,0
2025-09-04,84969,14,4.25,true,,217,0
2025-09-05,84969,15,4.25,true,,203,0
2025-09-06,84969,18,4.25,true,,188,0
2025-09-07,84969,16,4.25,true,,170,0
2025-09-08,84969,12,4.25,true,,154,0
2025-09-09,84969,14,4.25,true,,142,0
2025-09-10,84969,13,4.25,true,,128,0
2025-09-11,84969,15,4.25,true,,115,0
2025-09-12,84969,16,4.25,true,,100,0
2025-09-13,84969,16,4.25,true,,84,208
2025-09-14,84969,17,4.25,true,,276,0
2025-09-15,84969,13,4.25,true,,259,0
2025-09-16,84969,14,4.25,true,,246,0
2025-09-17,84969,14,4.25,true,,232,0
2025-09-18,84969,13,4.25,true,,218,0
2025-09-19,84969,15,4.25,true,,205,0
2025-09-20,84969,18,4.25,true,,190,0
2025-09-21,84969,18,4.25,true,,172,0
2025-09-22,84969,13,4.25,true,,154,0
2025-09-23,84969,13,4.25,true,,141,0
2025-09-24,84969,14,4.25,true,,128,0
2025-09-25,84969,14,4.25,true,,114,0
2025-09-26,84969,16,4.25,true,,100,0
2025-09-27,84969,18,4.25,true,,84,212
2025-09-28,84969,16,4.25,true,,278,0
2025-09-29,84969,14,4.25,true,,262,0
2025-09-30,84969,13,4.25,true,,248,0
2025-10-01,84969,15,4.25,true,,235,0
2025-10-02,84969,14,4.25,true,,220,0
2025-10-03,84969,15,4.25,true,,206,0
2025-10-04,84969,17,4.25,true,,191,0
2025-10-05,84969,16,4.25,true,,174,0
2025-10-06,84969,13,4.25,true,,158,0
2025-10-07,84969,15,4.25,true,,145,0
2025-10-08,84969,14,4.25,true,,130,0
2025-10-09,84969,16,4.25,true,,116,0
2025-10-10,84969,16,4.25,true,,100,0
2025-10-11,84969,19,4.25,true,,84,218
2025-10-12,84969,16,4.25,true,,283,0
2025-10-13,84969,14,4.25,true,,267,0
2025-10-14,84969,13,4.25,true,,253,0
2025-10-15,84969,15,4.25,true,,240,0
2025-10-16,84969,16,4.25,true,,225,0
2025-10-17,84969,15,4.25,true,,209,0
2025-10-18,84969,18,4.25,true,,194,0
2025-10-19,84969,18,4.25,true,,176,0
2025-10-20,84969,14,4.25,true,,158,0
2025-10-21,84969,14,4.25,true,,144,0
2025-10-22,84969,15,4.25,true,,130,0
2025-10-23,84969,15,4.25,true,,115,0
2025-10-24,84969,16,4.25,true,,100,0
2025-10-25,84969,17,4.25,true,,84,218
2025-10-26,84969,17,4.25,true,,285,0
2025-10-27,84969,14,4.25,true,,268,0
2025-10-28,84969,14,4.25,true,,254,0
2025-10-29,84969,16,4.25,true,,240,0
2025-10-30,84969,16,4.25,true,,224,0
2025-10-31,84969,15,4.25,true,,208,0
2025-11-01,84969,17,4.25,true,,193,0
2025-11-02,84969,18,4.25,true,,176,0
2025-11-03,84969,13,4.25,true,,158,0
2025-11-04,84969,15,4.25,true,,145,0
2025-11-05,84969,15,4.25,true,,130,0
2025-11-06,84969,16,4.25,true,,115,0
2025-11-07,84969,15,4.25,true,,99,0
2025-11-08,84969,19,4.25,true,,84,219
2025-11-09,84969,18,4.25,true,,284,0
2025-11-10,84969,15,4.25,true,,266,0
2025-11-11,84969,13,4.25,true,,251,0
2025-11-12,84969,14,4.25,true,,238,0
2025-11-13,84969,15,4.25,true,,224,0
2025-11-14,84969,17,4.25,true,,209,0
2025-11-15,84969,17,4.25,true,,192,0
2025-11-16,84969,18,4.25,true,,175,0
2025-11-17,84969,14,4.25,true,,157,0
2025-11-18,84969,14,4.25,true,,143,0
2025-11-19,84969,16,4.25,true,,129,0
2025-11-20,84969,14,4.25,true,,113,0
2025-11-21,84969,15,4.25,true,,99,0
2025-11-22,84969,19,4.25,true,,84,227
2025-11-23,84969,18,4.25,true,,292,0
2025-11-24,84969,15,4.25,true,,274,0
2025-11-25,84969,16,4.25,true,,259,0
2025-11-26,84969,16,4.25,true,,243,0
2025-11-27,84969,14,4.25,true,,227,0
2025-11-28,84969,16,4.25,true,,213,0
2025-11-29,84969,19,4.25,true,,197,0
2025-11-30,84969,17,4.25,true,,178,0
2025-12-01,84969,14,4.25,true,,161,0
2025-12-02,84969,16,4.25,true,,147,0
2025-12-03,84969,14,4.25,true,,131,0
2025-12-04,84969,16,4.25,true,,117,0
2025-12-05,84969,17,4.25,true,,101,0
2025-12-06,84969,17,4.25,true,,84,223
2025-12-07,84969,19,4.25,true,,290,0
2025-12-08,84969,15,4.25,true,,271,0
2025-12-09,84969,14,4.25,true,,256,0
2025-12-10,84969,14,4.25,true,,242,0
2025-12-11,84969,16,4.25,true,,228,0
2025-12-12,84969,16,4.25,true,,212,0
2025-12-13,84969,20,4.25,true,,196,0
2025-12-14,84969,17,4.25,true,,176,0
2025-12-15,84969,14,4.25,true,,159,0
2025-12-16,84969,15,4.25,true,,145,0
2025-12-17,84969,14,4.25,true,,130,0
2025-12-18,84969,16,4.25,true,,116,0
2025-12-19,84969,16,4.25,true,,100,0
2025-12-20,84969,18,4.25,true,,84,223
2025-12-21,84969,18,4.25,true,,289,0
2025-12-22,84969,14,4.25,true,,271,0
2025-12-23,84969,15,4.25,true,,257,0
2025-12-24,84969,14,4.25,true,,242,0
2025-12-25,84969,15,4.25,true,,228,0
2025-12-26,84969,17,4.25,true,,213,0
2025-12-27,84969,19,4.25,true,,196,0
2025-12-28,84969,17,4.25,true,,177,0
2025-12-29,84969,13,4.25,true,,160,0
2025-12-30,84969,15,4.25,true,,147,0
2025-12-31,84969,16,4.25,true,,132,0
2026-01-01,84969,16,4.25,true,,116,0
2026-01-02,84969,16,4.25,true,,100,0
2026-01-03,84969,18,4.25,true,,84,221
2026-01-04,84969,17,4.25,true,,287,0
2026-01-05,84969,14,4.25,true,,270,0
2026-01-06,84969,14,4.25,true,,256,0
2026-01-07,84969,16,4.25,true,,242,0
2026-01-08,84969,14,4.25,true,,226,0
2026-01-09,84969,18,4.25,true,,212,0
2026-01-10,84969,19,4.25,true,,194,0
2026-01-11,84969,16,4.25,true,,175,0
2026-01-12,84969,14,4.25,true,,159,0
2026-01-13,84969,13,4.25,true,,145,0
2026-01-14,84969,15,4.25,true,,132,0
2026-01-15,84969,16,4.25,true,,117,0
2026-01-16,84969,17,4.25,true,,101,0
2026-01-17,84969,19,4.25,true,,84,220
2026-01-18,84969,17,4.25,true,,285,0
2026-01-19,84969,14,4.25,true,,268,0
2026-01-20,84969,15,4.25,true,,254,0
2026-01-21,84969,14,4.25,true,,239,0
2026-01-22,84969,15,4.25,true,,225,0
2026-01-23,84969,16,4.25,true,,210,0
2026-01-24,84969,19,4.25,true,,194,0
2026-01-25,84969,18,4.25,true,,175,0
2026-01-26,84969,13,4.25,true,,157,0
2026-01-27,84969,14,4.25,true,,144,0
2026-01-28,84969,14,4.25,true,,130,0
2026-01-29,84969,16,4.25,true,,116,0
2026-01-30,84969,16,4.25,true,,100,0
2026-01-31,84969,17,4.25,true,,84,214
2026-02-01,84969,18,4.25,true,,281,0
2026-02-02,84969,13,4.25,true,,263,0
2026-02-03,84969,14,4.25,true,,250,0
2026-02-04,84969,14,4.25,true,,236,0
2026-02-05,84969,14,4.25,true,,222,0
2026-02-06,84969,15,4.25,true,,208,0
2026-02-07,84969,18,4.25,true,,193,0
2026-02-08,84969,18,4.25,true,,175,0
2026-02-09,84969,13,4.25,true,,157,0
2026-02-10,84969,15,4.25,true,,144,0
2026-02-11,84969,14,4.25,true,,129,0
2026-02-12,84969,16,4.25,true,,115,0
2026-02-13,84969,15,4.25,true,,99,0
2026-02-14,84969,18,4.25,true,,84,215
2026-02-15,84969,18,4.25,true,,281,0
2026-02-16,84969,14,4.25,true,,263,0
2026-02-17,84969,14,4.25,true,,249,0
2026-02-18,84969,15,4.25,true,,235,0
2026-02-19,84969,14,4.25,true,,220,0
2026-02-20,84969,17,4.25,true,,206,0
2026-02-21,84969,17,4.25,true,,189,0
2026-02-22,84969,18,4.25,true,,172,0
2026-02-23,84969,13,4.25,true,,154,0
2026-02-24,84969,14,4.25,true,,141,0
2026-02-25,84969,13,4.25,true,,127,0
2026-02-26,84969,15,4.25,true,,114,0
2026-02-27,84969,15,4.25,true,,99,0
2026-02-28,84969,18,4.25,true,,84,210
2026-03-01,84969,18,4.25,true,,276,0
2026-03-02,84969,13,4.25,true,,258,0
2026-03-03,84969,14,4.25,true,,245,0
2026-03-04,84969,14,4.25,true,,231,0
2026-03-05,84969,13,4.25,true,,217,0
2026-03-06,84969,15,4.25,true,,204,0
2026-03-07,84969,17,4.25,true,,189,0
2026-03-08,84969,16,4.25,true,,172,0
2026-03-09,84969,14,4.25,true,,156,0
2026-03-10,84969,15,4.25,true,,142,0
2026-03-11,84969,14,4.25,true,,127,0
2026-03-12,84969,13,4.25,true,,113,0
2026-03-13,84969,16,4.25,true,,100,0
2026-03-14,84969,18,4.25,true,,84,209
2026-03-15,84969,18,4.25,true,,275,0
2026-03-16,84969,14,4.25,true,,257,0
2026-03-17,84969,13,4.25,true,,243,0
2026-03-18,84969,15,4.25,true,,230,0
2026-03-19,84969,13,4.25,true,,215,0
2026-03-20,84969,16,4.25,true,,202,0
2026-03-21,84969,17,4.25,true,,186,0
2026-03-22,84969,15,4.25,true,,169,0
2026-03-23,84969,12,4.25,true,,154,0
2026-03-24,84969,14,4.25,true,,142,0
2026-03-25,84969,15,4.25,true,,128,0
2026-03-26,84969,14,4.25,true,,113,0
2026-03-27,84969,15,4.25,true,,99,0
2026-03-28,84969,17,4.25,true,,84,206
2026-03-29,84969,17,4.25,true,,273,0
2026-03-30,84969,14,4.25,true,,256,0
2026-03-31,84969,14,4.25,true,,242,0
2026-04-01,84969,14,4.25,true,,228,0
2026-04-02,84969,15,4.25,true,,214,0
2026-04-03,84969,16,4.25,true,,199,0
2026-04-04,84969,18,4.25,true,,183,0
2026-04-05,84969,16,4.25,true,,165,0
2026-04-06,84969,12,4.25,true,,149,0
2026-04-07,84969,13,4.25,true,,137,0
2026-04-08,84969,13,4.25,true,,124,0
2026-04-09,84969,13,4.25,true,,111,0
2026-04-10,84969,14,4.25,true,,98,0
2026-04-11,84969,17,4.25,true,,84,201
2026-04-12,84969,17,4.25,true,,268,0
2026-04-13,84969,14,4.25,true,,251,0
2026-04-14,84969,14,4.25,true,,237,0
2026-04-15,84969,13,4.25,true,,223,0
2026-04-16,84969,13,4.25,true,,210,0
2026-04-17,84969,14,4.25,true,,197,0
2026-04-18,84969,17,4.25,true,,183,0
2026-04-19,84969,15,4.25,true,,166,0
2026-04-20,84969,11,4.25,true,,151,0
2026-04-21,84969,13,4.25,true,,140,0
2026-04-22,84969,13,4.25,true,,127,0
2026-04-23,84969,15,4.25,true,,114,0
2026-04-24,84969,15,4.25,true,,99,0
2026-04-25,84969,16,4.25,true,,84,198
2026-04-26,84969,16,4.25,true,,266,0
2026-04-27,84969,14,4.25,true,,250,0
2026-04-28,84969,14,4.25,true,,236,0
2026-04-29,84969,12,4.25,true,,222,0
2026-04-30,84969,13,4.25,true,,210,0
2026-05-01,84969,15,4.25,true,,197,0
2026-05-02,84969,16,4.25,true,,182,0
2026-05-03,84969,15,4.25,true,,166,0
2026-05-04,84969,13,4.25,true,,151,0
2026-05-05,84969,13,4.25,true,,138,0
2026-05-06,84969,13,4.25,true,,125,0
2026-05-07,84969,14,4.25,true,,112,0
2026-05-08,84969,14,4.25,true,,98,0
2026-05-09,84969,16,4.25,true,,84,199
2026-05-10,84969,16,4.25,true,,267,0
2026-05-11,84969,12,4.25,true,,251,0
2026-05-12,84969,14,4.25,true,,239,0
2026-05-13,84969,13,4.25,true,,225,0
2026-05-14,84969,14,4.25,true,,212,0
2026-05-15,84969,13,4.25,true,,198,0
2026-05-16,84969,17,4.25,true,,185,0
2026-05-17,84969,16,4.25,true,,168,0
2026-05-18,84969,12,4.25,true,,152,0
2026-05-19,84969,14,4.25,true,,140,0
2026-05-20,84969,13,4.25,true,,126,0
2026-05-21,84969,14,4.25,true,,113,0
2026-05-22,84969,15,4.25,true,,99,0
2026-05-23,84969,17,4.25,true,,84,198
2026-05-24,84969,17,4.25,true,,265,0
2026-05-25,84969,14,4.25,true,,248,0
2026-05-26,84969,14,4.25,true,,234,0
2026-05-27,84969,12,4.25,true,,220,0
2026-05-28,84969,13,4.25,true,,208,0
2026-05-29,84969,15,4.25,true,,195,0
2026-05-30,84969,16,4.25,true,,180,0
2026-05-31,84969,14,4.25,true,,164,0
2026-06-01,84969,12,4.25,true,,150,0
2026-06-02,84969,12,4.25,true,,138,0
2026-06-03,84969,13,4.25,true,,126,0
2026-06-04,84969,14,4.25,true,,113,0
2026-06-05,84969,15,4.25,true,,99,0
2026-06-06,84969,16,4.25,true,,84,198
2026-06-07,84969,16,4.25,true,,266,0
2026-06-08,84969,11,4.25,true,,250,0
2026-06-09,84969,14,4.25,true,,239,0
2026-06-10,84969,12,4.25,true,,225,0
2026-06-11,84969,14,4.25,true,,213,0
2026-06-12,84969,16,4.25,true,,199,0
2026-06-13,84969,17,4.25,true,,183,0
2026-06-14,84969,16,4.25,true,,166,0
2026-06-15,84969,13,4.25,true,,150,0
2026-06-16,84969,13,4.25,true,,137,0
2026-06-17,84969,13,4.25,true,,124,0
2026-06-18,84969,14,4.25,true,,111,0
2026-06-19,84969,13,4.25,true,,97,0
2026-06-20,84969,17,4.25,true,,84,191
2026-06-21,84969,14,4.25,true,,258,0
2026-06-22,84969,11,4.25,true,,244,0
2026-06-23,84969,12,4.25,true,,233,0
2026-06-24,84969,13,4.25,true,,221,0
2026-06-25,84969,13,4.25,true,,208,0
2026-06-26,84969,15,4.25,true,,195,0
2026-06-27,84969,15,4.25,true,,180,0
2026-06-28,84969,16,4.25,true,,165,0
2026-06-29,84969,12,4.25,true,,149,0
2026-06-30,84969,12,4.25,true,,137,0
2026-07-01,84969,12,4.25,true,,125,0
2026-07-02,84969,14,4.25,true,,113,0
2026-07-03,84969,15,4.25,true,,99,0
2026-07-04,84969,16,4.25,true,,84,193
2026-07-05,84969,15,4.25,true,,261,0
2026-07-06,84969,13,4.25,true,,246,0
2026-07-07,84969,12,4.25,true,,233,0
2026-07-08,84969,13,4.25,true,,221,0
2026-07-09,84969,14,4.25,true,,208,0
2026-07-10,84969,14,4.25,true,,194,0
2026-07-11,84969,17,4.25,true,,180,0
2026-07-12,84969,16,4.25,true,,163,0
2026-07-13,84969,12,4.25,true,,147,0
2026-07-14,84969,12,4.25,true,,135,0
2026-07-15,84969,13,4.25,true,,123,0
2026-07-16,84969,13,4.25,true,,110,0
2026-07-17,84969,13,4.25,true,,97,0
2026-07-18,84969,16,4.25,true,,84,200
2026-07-19,84969,17,4.25,true,,268,0
2026-07-20,84969,14,4.25,true,,251,0
2026-07-21,84969,12,4.25,true,,237,0
2026-07-22,84969,14,4.25,true,,225,0
2026-07-23,84969,13,4.25,true,,211,0
2026-07-24,84969,16,4.25,true,,198,0
2026-07-25,84969,16,4.25,true,,182,0
2026-07-26,84969,15,4.25,true,,166,0
2026-07-27,84969,12,4.25,true,,151,0
2026-07-28,84969,13,4.25,true,,139,0
2026-07-29,84969,14,4.25,true,,126,0
2026-07-30,84969,14,4.25,true,,112,0
2026-07-31,84969,14,4.25,true,,98,0
2026-08-01,84969,16,4.25,true,,84,202
2026-08-02,84969,17,4.25,true,,270,0
2026-08-03,84969,13,4.25,true,,253,0
2026-08-04,84969,13,4.25,true,,240,0
2026-08-05,84969,15,4.25,true,,227,0
2026-08-06,84969,13,4.25,true,,212,0
2026-08-07,84969,16,4.25,true,,199,0
2026-08-08,84969,16,4.25,true,,183,0
2026-08-09,84969,15,4.25,true,,167,0
2026-08-10,84969,14,4.25,true,,152,0
2026-08-11,84969,13,4.25,true,,138,0
2026-08-12,84969,14,4.25,true,,125,0
2026-08-13,84969,13,4.25,true,,111,0
2026-08-14,84969,14,4.25,true,,98,0
2026-08-15,84969,18,4.25,true,,84,135
2026-08-16,84969,17,4.25,true,,201,0
2026-08-17,84969,12,4.25,true,,184,0
2026-08-18,84969,14,4.25,true,,172,0
2026-08-19,84969,14,4.25,true,,158,0
2026-08-20,84969,13,4.25,true,,144,0
2026-08-21,84969,14,4.25,true,,131,0
2026-08-22,84969,16,4.25,true,,117,0
2026-08-23,84969,17,4.25,true,,101,0
2026-08-24,84969,13,4.25,true,,84,277
2026-08-25,84969,13,4.25,true,,348,0
2026-08-26,84969,14,4.25,true,,335,0
2026-08-27,84969,13,4.25,true,,321,0
2026-08-28,84969,16,4.25,true,,308,0
2026-08-29,84969,17,4.25,true,,292,0
2026-08-30,84969,15,4.25,true,,275,0
2026-08-31,84969,12,4.25,true,,260,0
2026-09-01,84969,13,4.25,true,,248,0
2026-09-02,84969,14,4.25,true,,235,0
2026-09-03,84969,15,4.25,true,,221,0
2026-09-04,84969,16,4.25,true,,206,0
2026-09-05,84969,16,4.25,true,,190,0
2026-09-06,84969,17,4.25,true,,174,0
2026-09-07,84969,12,4.25,true,,157,0
2026-09-08,84969,13,4.25,true,,145,0
2026-09-09,84969,13,4.25,true,,132,0
2026-09-10,84969,14,4.25,true,,119,0
2026-09-11,84969,14,4.25,true,,105,0
2026-09-12,84969,18,4.25,true,,91,0
2026-09-13,84969,15,4.25,true,,73,0
2024-09-14,22623,21,4.95,true,,521,0
2024-09-15,22623,19,4.95,true,,500,0
2024-09-16,22623,17,4.95,true,,481,0
2024-09-17,22623,15,4.95,true,,464,0
2024-09-18,22623,17,4.95,true,,449,0
2024-09-19,22623,17,4.95,true,,432,0
2024-09-20,22623,20,4.95,true,,415,0
2024-09-21,22623,22,4.95,true,,395,0
2024-09-22,22623,20,4.95,true,,373,0
2024-09-23,22623,16,4.95,true,,353,0
2024-09-24,22623,17,4.95,true,,337,0
2024-09-25,22623,18,4.95,true,,320,0
2024-09-26,22623,18,4.95,true,,302,0
2024-09-27,22623,19,4.95,true,,284,0
2024-09-28,22623,20,4.95,true,,265,0
2024-09-29,22623,22,4.95,true,,245,0
2024-09-30,22623,17,4.95,true,,223,0
2024-10-01,22623,16,4.95,true,,206,0
2024-10-02,22623,18,4.95,true,,190,0
2024-10-03,22623,18,4.95,true,,172,0
2024-10-04,22623,18,4.95,true,,154,0
2024-10-05,22623,21,4.95,true,,136,0
2024-10-06,22623,20,4.95,true,,115,0
2024-10-07,22623,17,4.95,true,,95,271
2024-10-08,22623,18,4.95,true,,349,0
2024-10-09,22623,18,4.95,true,,331,0
2024-10-10,22623,18,4.95,true,,313,0
2024-10-11,22623,20,4.95,true,,295,0
2024-10-12,22623,21,4.95,true,,275,0
2024-10-13,22623,20,4.95,true,,254,0
2024-10-14,22623,17,4.95,true,,234,0
2024-10-15,22623,18,4.95,true,,217,0
2024-10-16,22623,17,4.95,true,,199,0
2024-10-17,22623,17,4.95,true,,182,0
2024-10-18,22623,19,4.95,true,,165,0
2024-10-19,22623,23,4.95,true,,146,0
2024-10-20,22623,21,4.95,true,,123,0
2024-10-21,22623,17,4.95,true,,102,0
2024-10-22,22623,16,4.95,true,,85,284
2024-10-23,22623,17,4.95,true,,353,0
2024-10-24,22623,19,4.95,true,,336,0
2024-10-25,22623,20,4.95,true,,317,0
2024-10-26,22623,23,4.95,true,,297,0
2024-10-27,22623,21,4.95,true,,274,0
2024-10-28,22623,17,4.95,true,,253,0
2024-10-29,22623,18,4.95,true,,236,0
2024-10-30,22623,18,4.95,true,,218,0
2024-10-31,22623,17,4.95,true,,200,0
2024-11-01,22623,20,4.95,true,,183,0
2024-11-02,22623,23,4.95,true,,163,0
2024-11-03,22623,21,4.95,true,,140,0
2024-11-04,22623,17,4.95,true,,119,0
2024-11-05,22623,17,4.95,true,,102,0
2024-11-06,22623,17,4.95,true,,85,280
2024-11-07,22623,18,4.95,true,,348,0
2024-11-08,22623,19,4.95,true,,330,0
2024-11-09,22623,21,4.95,true,,311,0
2024-11-10,22623,21,4.95,true,,290,0
2024-11-11,22623,16,4.95,true,,269,0
2024-11-12,22623,17,4.95,true,,253,0
2024-11-13,22623,18,4.95,true,,236,0
2024-11-14,22623,18,4.95,true,,218,0
2024-11-15,22623,20,4.95,true,,200,0
2024-11-16,22623,23,4.95,true,,180,0
2024-11-17,22623,21,4.95,true,,157,0
2024-11-18,22623,17,4.95,true,,136,0
2024-11-19,22623,17,4.95,true,,119,0
2024-11-20,22623,18,4.95,true,,102,272
2024-11-21,22623,18,4.95,true,,356,0
2024-11-22,22623,19,4.95,true,,338,0
2024-11-23,22623,23,4.95,true,,319,0
2024-11-24,22623,21,4.95,true,,296,0
2024-11-25,22623,17,4.95,true,,275,0
2024-11-26,22623,18,4.95,true,,258,0
2024-11-27,22623,19,4.95,true,,240,0
2024-11-28,22623,18,4.95,true,,221,0
2024-11-29,22623,20,4.95,true,,203,0
2024-11-30,22623,23,4.95,true,,183,0
2024-12-01,22623,22,4.95,true,,160,0
2024-12-02,22623,17,4.95,true,,138,0
2024-12-03,22623,19,4.95,true,,121,0
2024-12-04,22623,18,4.95,true,,102,268
2024-12-05,22623,19,4.95,true,,352,0
2024-12-06,22623,19,4.95,true,,333,0
2024-12-07,22623,22,4.95,true,,314,0
2024-12-08,22623,21,4.95,true,,292,0
2024-12-09,22623,16,4.95,true,,271,0
2024-12-10,22623,18,4.95,true,,255,0
2024-12-11,22623,19,4.95,true,,237,0
2024-12-12,22623,20,4.95,true,,218,0
2024-12-13,22623,20,4.95,true,,198,0
2024-12-14,22623,22,4.95,true,,178,0
2024-12-15,22623,21,4.95,true,,156,0
2024-12-16,22623,17,4.95,true,,135,0
2024-12-17,22623,16,4.95,true,,118,0
2024-12-18,22623,19,4.95,true,,102,273
2024-12-19,22623,19,4.95,true,,356,0
2024-12-20,22623,19,4.95,true,,337,0
2024-12-21,22623,23,4.95,true,,318,0
2024-12-22,22623,22,4.95,true,,295,0
2024-12-23,22623,18,4.95,true,,273,0
2024-12-24,22623,17,4.95,true,,255,0
2024-12-25,22623,18,4.95,true,,238,0
2024-12-26,22623,18,4.95,true,,220,0
2024-12-27,22623,21,4.95,true,,202,0
2024-12-28,22623,23,4.95,true,,181,0
2024-12-29,22623,23,4.95,true,,158,0
2024-12-30,22623,16,4.95,true,,135,0
2024-12-31,22623,17,4.95,true,,119,0
2025-01-01,22623,19,4.95,true,,102,273
2025-01-02,22623,18,4.95,true,,356,0
2025-01-03,22623,21,4.95,true,,338,0
2025-01-04,22623,23,4.95,true,,317,0
2025-01-05,22623,21,4.95,true,,294,0
2025-01-06,22623,18,4.95,true,,273,0
2025-01-07,22623,18,4.95,true,,255,0
2025-01-08,22623,18,4.95,true,,237,0
2025-01-09,22623,19,4.95,true,,219,0
2025-01-10,22623,19,4.95,true,,200,0
2025-01-11,22623,23,4.95,true,,181,0
2025-01-12,22623,22,4.95,true,,158,0
2025-01-13,22623,16,4.95,true,,136,0
2025-01-14,22623,18,4.95,true,,120,0
2025-01-15,22623,19,4.95,true,,102,272
2025-01-16,22623,19,4.95,true,,355,0
2025-01-17,22623,20,4.95,true,,336,0
2025-01-18,22623,23,4.95,true,,316,0
2025-01-19,22623,22,4.95,true,,293,0
2025-01-20,22623,18,4.95,true,,271,0
2025-01-21,22623,17,4.95,true,,253,0
2025-01-22,22623,17,4.95,true,,236,0
2025-01-23,22623,20,4.95,true,,219,0
2025-01-24,22623,20,4.95,true,,199,0
2025-01-25,22623,23,4.95,true,,179,0
2025-01-26,22623,21,4.95,true,,156,0
2025-01-27,22623,16,4.95,true,,135,0
2025-01-28,22623,17,4.95,true,,119,0
2025-01-29,22623,18,4.95,true,,102,264
2025-01-30,22623,19,4.95,true,,348,0
2025-01-31,22623,20,4.95,true,,329,0
2025-02-01,22623,22,4.95,true,,309,0
2025-02-02,22623,20,4.95,true,,287,0
2025-02-03,22623,17,4.95,true,,267,0
2025-02-04,22623,16,4.95,true,,250,0
2025-02-05,22623,17,4.95,true,,234,0
2025-02-06,22623,18,4.95,true,,217,0
2025-02-07,22623,19,4.95,true,,199,0
2025-02-08,22623,22,4.95,true,,180,0
2025-02-09,22623,21,4.95,true,,158,0
2025-02-10,22623,17,4.95,true,,137,0
2025-02-11,22623,18,4.95,true,,120,0
2025-02-12,22623,17,4.95,true,,102,0
2025-02-13,22623,17,4.95,true,,85,277
2025-02-14,22623,20,4.95,true,,345,0
2025-02-15,22623,21,4.95,true,,325,0
2025-02-16,22623,22,4.95,true,,304,0
2025-02-17,22623,17,4.95,true,,282,0
2025-02-18,22623,17,4.95,true,,265,0
2025-02-19,22623,19,4.95,true,,248,0
2025-02-20,22623,18,4.95,true,,229,0
2025-02-21,22623,19,4.95,true,,211,0
2025-02-22,22623,21,4.95,true,,192,0
2025-02-23,22623,20,4.95,true,,171,0
2025-02-24,22623,17,4.95,true,,151,0
2025-02-25,22623,16,4.95,true,,134,0
2025-02-26,22623,16,4.95,true,,118,0
2025-02-27,22623,17,4.95,true,,102,0
2025-02-28,22623,18,4.95,true,,85,275
2025-03-01,22623,21,4.95,true,,342,0
2025-03-02,22623,21,4.95,true,,321,0
2025-03-03,22623,15,4.95,true,,300,0
2025-03-04,22623,16,4.95,true,,285,0
2025-03-05,22623,18,4.95,true,,269,0
2025-03-06,22623,19,4.95,true,,251,0
2025-03-07,22623,19,4.95,true,,232,0
2025-03-08,22623,22,4.95,true,,213,0
2025-03-09,22623,19,4.95,true,,191,0
2025-03-10,22623,17,4.95,true,,172,0
2025-03-11,22623,17,4.95,true,,155,0
2025-03-12,22623,18,4.95,true,,138,0
2025-03-13,22623,18,4.95,true,,120,0
2025-03-14,22623,20,4.95,true,,102,253
2025-03-15,22623,21,4.95,true,,335,0
2025-03-16,22623,21,4.95,true,,314,0
2025-03-17,22623,16,4.95,true,,293,0
2025-03-18,22623,16,4.95,true,,277,0
2025-03-19,22623,16,4.95,true,,261,0
2025-03-20,22623,18,4.95,true,,245,0
2025-03-21,22623,19,4.95,true,,227,0
2025-03-22,22623,21,4.95,true,,208,0
2025-03-23,22623,19,4.95,true,,187,0
2025-03-24,22623,17,4.95,true,,168,0
2025-03-25,22623,15,4.95,true,,151,0
2025-03-26,22623,16,4.95,true,,136,0
2025-03-27,22623,18,4.95,true,,120,0
2025-03-28,22623,19,4.95,true,,102,249
2025-03-29,22623,21,4.95,true,,332,0
2025-03-30,22623,20,4.95,true,,311,0
2025-03-31,22623,16,4.95,true,,291,0
2025-04-01,22623,15,4.95,true,,275,0
2025-04-02,22623,17,4.95,true,,260,0
2025-04-03,22623,18,4.95,true,,243,0
2025-04-04,22623,18,4.95,true,,225,0
2025-04-05,22623,20,4.95,true,,207,0
2025-04-06,22623,20,4.95,true,,187,0
2025-04-07,22623,16,4.95,true,,167,0
2025-04-08,22623,16,4.95,true,,151,0
2025-04-09,22623,17,4.95,true,,135,0
2025-04-10,22623,16,4.95,true,,118,0
2025-04-11,22623,17,4.95,true,,102,0
2025-04-12,22623,21,4.95,true,,85,263
2025-04-13,22623,19,4.95,true,,327,0
2025-04-14,22623,16,4.95,true,,308,0
2025-04-15,22623,16,4.95,true,,292,0
2025-04-16,22623,16,4.95,true,,276,0
2025-04-17,22623,17,4.95,true,,260,0
2025-04-18,22623,18,4.95,true,,243,0
2025-04-19,22623,20,4.95,true,,225,0
2025-04-20,22623,18,4.95,true,,205,0
2025-04-21,22623,16,4.95,true,,187,0
2025-04-22,22623,16,4.95,true,,171,0
2025-04-23,22623,17,4.95,true,,155,0
2025-04-24,22623,17,4.95,true,,138,0
2025-04-25,22623,19,4.95,true,,121,0
2025-04-26,22623,21,4.95,true,,102,240
2025-04-27,22623,18,4.95,true,,321,0
2025-04-28,22623,15,4.95,true,,303,0
2025-04-29,22623,16,4.95,true,,288,0
2025-04-30,22623,16,4.95,true,,272,0
2025-05-01,22623,17,4.95,true,,256,0
2025-05-02,22623,19,4.95,true,,239,0
2025-05-03,22623,20,4.95,true,,220,0
2025-05-04,22623,20,4.95,true,,200,0
2025-05-05,22623,14,4.95,true,,180,0
2025-05-06,22623,16,4.95,true,,166,0
2025-05-07,22623,15,4.95,true,,150,0
2025-05-08,22623,16,4.95,true,,135,0
2025-05-09,22623,17,4.95,true,,119,0
2025-05-10,22623,20,4.95,true,,102,240
2025-05-11,22623,20,4.95,true,,322,0
2025-05-12,22623,14,4.95,true,,302,0
2025-05-13,22623,16,4.95,true,,288,0
2025-05-14,22623,17,4.95,true,,272,0
2025-05-15,22623,16,4.95,true,,255,0
2025-05-16,22623,18,4.95,true,,239,0
2025-05-17,22623,20,4.95,true,,221,0
2025-05-18,22623,20,4.95,true,,201,0
2025-05-19,22623,15,4.95,true,,181,0
2025-05-20,22623,15,4.95,true,,166,0
2025-05-21,22623,16,4.95,true,,151,0
2025-05-22,22623,16,4.95,true,,135,0
2025-05-23,22623,17,4.95,true,,119,0
2025-05-24,22623,20,4.95,true,,102,239
2025-05-25,22623,19,4.95,true,,321,0
2025-05-26,22623,14,4.95,true,,302,0
2025-05-27,22623,16,4.95,true,,288,0
2025-05-28,22623,17,4.95,true,,272,0
2025-05-29,22623,17,4.95,true,,255,0
2025-05-30,22623,19,4.95,true,,238,0
2025-05-31,22623,20,4.95,true,,219,0
2025-06-01,22623,19,4.95,true,,199,0
2025-06-02,22623,14,4.95,true,,180,0
2025-06-03,22623,16,4.95,true,,166,0
2025-06-04,22623,15,4.95,true,,150,0
2025-06-05,22623,15,4.95,true,,135,0
2025-06-06,22623,18,4.95,true,,120,0
2025-06-07,22623,20,4.95,true,,102,241
2025-06-08,22623,18,4.95,true,,323,0
2025-06-09,22623,16,4.95,true,,305,0
2025-06-10,22623,16,4.95,true,,289,0
2025-06-11,22623,16,4.95,true,,273,0
2025-06-12,22623,17,4.95,true,,257,0
2025-06-13,22623,17,4.95,true,,240,0
2025-06-14,22623,19,4.95,true,,223,0
2025-06-15,22623,20,4.95,true,,204,0
2025-06-16,22623,16,4.95,true,,184,0
2025-06-17,22623,15,4.95,true,,168,0
2025-06-18,22623,16,4.95,true,,153,0
2025-06-19,22623,17,4.95,true,,137,0
2025-06-20,22623,18,4.95,true,,120,0
2025-06-21,22623,19,4.95,true,,102,236
2025-06-22,22623,19,4.95,true,,319,0
2025-06-23,22623,14,4.95,true,,300,0
2025-06-24,22623,16,4.95,true,,286,0
2025-06-25,22623,15,4.95,true,,270,0
2025-06-26,22623,17,4.95,true,,255,0
2025-06-27,22623,18,4.95,true,,238,0
2025-06-28,22623,21,4.95,true,,220,0
2025-06-29,22623,19,4.95,true,,199,0
2025-06-30,22623,15,4.95,true,,180,0
2025-07-01,22623,15,4.95,true,,165,0
2025-07-02,22623,15,4.95,true,,150,0
2025-07-03,22623,16,4.95,true,,135,0
2025-07-04,22623,17,4.95,true,,119,0
2025-07-05,22623,19,4.95,true,,102,243
2025-07-06,22623,20,4.95,true,,326,0
2025-07-07,22623,16,4.95,true,,306,0
2025-07-08,22623,16,4.95,true,,290,0
2025-07-09,22623,16,4.95,true,,274,0
2025-07-10,22623,17,4.95,true,,258,0
2025-07-11,22623,18,4.95,true,,241,0
2025-07-12,22623,21,4.95,true,,223,0
2025-07-13,22623,18,4.95,true,,202,0
2025-07-14,22623,15,4.95,true,,184,0
2025-07-15,22623,15,4.95,true,,169,0
2025-07-16,22623,17,4.95,true,,154,0
2025-07-17,22623,17,4.95,true,,137,0
2025-07-18,22623,18,4.95,true,,120,0
2025-07-19,22623,20,4.95,true,,102,237
2025-07-20,22623,18,4.95,true,,319,0
2025-07-21,22623,16,4.95,true,,301,0
2025-07-22,22623,17,4.95,true,,285,0
2025-07-23,22623,15,4.95,true,,268,0
2025-07-24,22623,16,4.95,true,,253,0
2025-07-25,22623,17,4.95,true,,237,0
2025-07-26,22623,19,4.95,true,,220,0
2025-07-27,22623,19,4.95,true,,201,0
2025-07-28,22623,14,4.95,true,,182,0
2025-07-29,22623,15,4.95,true,,168,0
2025-07-30,22623,16,4.95,true,,153,0
2025-07-31,22623,17,4.95,true,,137,0
2025-08-01,22623,18,4.95,true,,120,0
2025-08-02,22623,19,4.95,true,,102,247
2025-08-03,22623,20,4.95,true,,330,0
2025-08-04,22623,16,4.95,true,,310,0
2025-08-05,22623,16,4.95,true,,294,0
2025-08-06,22623,16,4.95,true,,278,0
2025-08-07,22623,18,4.95,true,,262,0
2025-08-08,22623,18,4.95,true,,244,0
2025-08-09,22623,20,4.95,true,,226,0
2025-08-10,22623,20,4.95,true,,206,0
2025-08-11,22623,15,4.95,true,,186,0
2025-08-12,22623,16,4.95,true,,171,0
2025-08-13,22623,17,4.95,true,,155,0
2025-08-14,22623,17,4.95,true,,138,0
2025-08-15,22623,19,4.95,true,,121,0
2025-08-16,22623,20,4.95,true,,102,246
2025-08-17,22623,20,4.95,true,,328,0
2025-08-18,22623,15,4.95,true,,308,0
2025-08-19,22623,16,4.95,true,,293,0
2025-08-20,22623,16,4.95,true,,277,0
2025-08-21,22623,17,4.95,true,,261,0
2025-08-22,22623,18,4.95,true,,244,0
2025-08-23,22623,21,4.95,true,,226,0
2025-08-24,22623,20,4.95,true,,205,0
2025-08-25,22623,17,4.95,true,,185,0
2025-08-26,22623,16,4.95,true,,168,0
2025-08-27,22623,17,4.95,true,,152,0
2025-08-28,22623,16,4.95,true,,135,0
2025-08-29,22623,17,4.95,true,,119,0
2025-08-30,22623,20,4.95,true,,102,244
2025-08-31,22623,19,4.95,true,,326,0
2025-09-01,22623,15,4.95,true,,307,0
2025-09-02,22623,15,4.95,true,,292,0
2025-09-03,22623,16,4.95,true,,277,0
2025-09-04,22623,18,4.95,true,,261,0
2025-09-05,22623,17,4.95,true,,243,0
2025-09-06,22623,21,4.95,true,,226,0
2025-09-07,22623,20,4.95,true,,205,0
2025-09-08,22623,15,4.95,true,,185,0
2025-09-09,22623,17,4.95,true,,170,0
2025-09-10,22623,16,4.95,true,,153,0
2025-09-11,22623,17,4.95,true,,137,0
2025-09-12,22623,18,4.95,true,,120,0
2025-09-13,22623,21,4.95,true,,102,252
2025-09-14,22623,20,4.95,true,,333,0
2025-09-15,22623,17,4.95,true,,313,0
2025-09-16,22623,16,4.95,true,,296,0
2025-09-17,22623,17,4.95,true,,280,0
2025-09-18,22623,17,4.95,true,,263,0
2025-09-19,22623,18,4.95,true,,246,0
2025-09-20,22623,20,4.95,true,,228,0
2025-09-21,22623,20,4.95,true,,208,0
2025-09-22,22623,15,4.95,true,,188,0
2025-09-23,22623,18,4.95,true,,173,0
2025-09-24,22623,18,4.95,true,,155,0
2025-09-25,22623,17,4.95,true,,137,0
2025-09-26,22623,18,4.95,true,,120,0
2025-09-27,22623,21,4.95,true,,102,261
2025-09-28,22623,20,4.95,true,,342,0
2025-09-29,22623,16,4.95,true,,322,0
2025-09-30,22623,18,4.95,true,,306,0
2025-10-01,22623,18,4.95,true,,288,0
2025-10-02,22623,17,4.95,true,,270,0
2025-10-03,22623,18,4.95,true,,253,0
2025-10-04,22623,22,4.95,true,,235,0
2025-10-05,22623,22,4.95,true,,213,0
2025-10-06,22623,18,4.95,true,,191,0
2025-10-07,22623,18,4.95,true,,173,0
2025-10-08,22623,16,4.95,true,,155,0
2025-10-09,22623,18,4.95,true,,139,0
2025-10-10,22623,19,4.95,true,,121,0
2025-10-11,22623,21,4.95,true,,102,265
2025-10-12,22623,22,4.95,true,,346,0
2025-10-13,22623,17,4.95,true,,324,0
2025-10-14,22623,18,4.95,true,,307,0
2025-10-15,22623,17,4.95,true,,289,0
2025-10-16,22623,19,4.95,true,,272,0
2025-10-17,22623,21,4.95,true,,253,0
2025-10-18,22623,22,4.95,true,,232,0
2025-10-19,22623,21,4.95,true,,210,0
2025-10-20,22623,16,4.95,true,,189,0
2025-10-21,22623,17,4.95,true,,173,0
2025-10-22,22623,17,4.95,true,,156,0
2025-10-23,22623,18,4.95,true,,139,0
2025-10-24,22623,19,4.95,true,,121,0
2025-10-25,22623,22,4.95,true,,102,269
2025-10-26,22623,21,4.95,true,,349,0
2025-10-27,22623,18,4.95,true,,328,0
2025-10-28,22623,16,4.95,true,,310,0
2025-10-29,22623,17,4.95,true,,294,0
2025-10-30,22623,18,4.95,true,,277,0
2025-10-31,22623,21,4.95,true,,259,0
2025-11-01,22623,23,4.95,true,,238,0
2025-11-02,22623,22,4.95,true,,215,0
2025-11-03,22623,18,4.95,true,,193,0
2025-11-04,22623,18,4.95,true,,175,0
2025-11-05,22623,17,4.95,true,,157,0
2025-11-06,22623,18,4.95,true,,140,0
2025-11-07,22623,20,4.95,true,,122,0
2025-11-08,22623,22,4.95,true,,102,270
2025-11-09,22623,22,4.95,true,,350,0
2025-11-10,22623,16,4.95,true,,328,0
2025-11-11,22623,17,4.95,true,,312,0
2025-11-12,22623,19,4.95,true,,295,0
2025-11-13,22623,19,4.95,true,,276,0
2025-11-14,22623,19,4.95,true,,257,0
2025-11-15,22623,23,4.95,true,,238,0
2025-11-16,22623,21,4.95,true,,215,0
2025-11-17,22623,18,4.95,true,,194,0
2025-11-18,22623,17,4.95,true,,176,0
2025-11-19,22623,19,4.95,true,,159,0
2025-11-20,22623,19,4.95,true,,140,0
2025-11-21,22623,19,4.95,true,,121,0
2025-11-22,22623,23,4.95,true,,102,270
2025-11-23,22623,23,4.95,true,,349,0
2025-11-24,22623,17,4.95,true,,326,0
2025-11-25,22623,16,4.95,true,,309,0
2025-11-26,22623,19,4.95,true,,293,0
2025-11-27,22623,20,4.95,true,,274,0
2025-11-28,22623,19,4.95,true,,254,0
2025-11-29,22623,23,4.95,true,,235,0
2025-11-30,22623,20,4.95,true,,212,0
2025-12-01,22623,16,4.95,true,,192,0
2025-12-02,22623,17,4.95,true,,176,0
2025-12-03,22623,18,4.95,true,,159,0
2025-12-04,22623,18,4.95,true,,141,0
2025-12-05,22623,21,4.95,true,,123,0
2025-12-06,22623,22,4.95,true,,102,270
2025-12-07,22623,22,4.95,true,,350,0
2025-12-08,22623,17,4.95,true,,328,0
2025-12-09,22623,18,4.95,true,,311,0
2025-12-10,22623,19,4.95,true,,293,0
2025-12-11,22623,17,4.95,true,,274,0
2025-12-12,22623,20,4.95,true,,257,0
2025-12-13,22623,22,4.95,true,,237,0
2025-12-14,22623,20,4.95,true,,215,0
2025-12-15,22623,18,4.95,true,,195,0
2025-12-16,22623,18,4.95,true,,177,0
2025-12-17,22623,19,4.95,true,,159,0
2025-12-18,22623,18,4.95,true,,140,0
2025-12-19,22623,20,4.95,true,,122,0
2025-12-20,22623,22,4.95,true,,102,270
2025-12-21,22623,21,4.95,true,,350,0
2025-12-22,22623,16,4.95,true,,329,0
2025-12-23,22623,17,4.95,true,,313,0
2025-12-24,22623,18,4.95,true,,296,0
2025-12-25,22623,19,4.95,true,,278,0
2025-12-26,22623,20,4.95,true,,259,0
2025-12-27,22623,24,4.95,true,,239,0
2025-12-28,22623,21,4.95,true,,215,0
2025-12-29,22623,17,4.95,true,,194,0
2025-12-30,22623,18,4.95,true,,177,0
2025-12-31,22623,19,4.95,true,,159,0
2026-01-01,22623,17,4.95,true,,140,0
2026-01-02,22623,21,4.95,true,,123,0
2026-01-03,22623,23,4.95,true,,102,273
2026-01-04,22623,20,4.95,true,,352,0
2026-01-05,22623,17,4.95,true,,332,0
2026-01-06,22623,17,4.95,true,,315,0
2026-01-07,22623,19,4.95,true,,298,0
2026-01-08,22623,18,4.95,true,,279,0
2026-01-09,22623,20,4.95,true,,261,0
2026-01-10,22623,24,4.95,true,,241,0
2026-01-11,22623,23,4.95,true,,217,0
2026-01-12,22623,18,4.95,true,,194,0
2026-01-13,22623,17,4.95,true,,176,0
2026-01-14,22623,18,4.95,true,,159,0
2026-01-15,22623,19,4.95,true,,141,0
2026-01-16,22623,20,4.95,true,,122,0
2026-01-17,22623,22,4.95,true,,102,270
2026-01-18,22623,22,4.95,true,,350,0
2026-01-19,22623,16,4.95,true,,328,0
2026-01-20,22623,18,4.95,true,,312,0
2026-01-21,22623,18,4.95,true,,294,0
2026-01-22,22623,18,4.95,true,,276,0
2026-01-23,22623,19,4.95,true,,258,0
2026-01-24,22623,23,4.95,true,,239,0
2026-01-25,22623,22,4.95,true,,216,0
2026-01-26,22623,18,4.95,true,,194,0
2026-01-27,22623,18,4.95,true,,176,0
2026-01-28,22623,19,4.95,true,,158,0
2026-01-29,22623,18,4.95,true,,139,0
2026-01-30,22623,19,4.95,true,,121,0
2026-01-31,22623,21,4.95,true,,102,267
2026-02-01,22623,21,4.95,true,,348,0
2026-02-02,22623,18,4.95,true,,327,0
2026-02-03,22623,18,4.95,true,,309,0
2026-02-04,22623,19,4.95,true,,291,0
2026-02-05,22623,19,4.95,true,,272,0
2026-02-06,22623,20,4.95,true,,253,0
2026-02-07,22623,22,4.95,true,,233,0
2026-02-08,22623,20,4.95,true,,211,0
2026-02-09,22623,18,4.95,true,,191,0
2026-02-10,22623,17,4.95,true,,173,0
2026-02-11,22623,16,4.95,true,,156,0
2026-02-12,22623,18,4.95,true,,140,0
2026-02-13,22623,20,4.95,true,,122,0
2026-02-14,22623,22,4.95,true,,102,266
2026-02-15,22623,21,4.95,true,,346,0
2026-02-16,22623,17,4.95,true,,325,0
2026-02-17,22623,16,4.95,true,,308,0
2026-02-18,22623,19,4.95,true,,292,0
2026-02-19,22623,19,4.95,true,,273,0
2026-02-20,22623,20,4.95,true,,254,0
2026-02-21,22623,23,4.95,true,,234,0
2026-02-22,22623,21,4.95,true,,211,0
2026-02-23,22623,17,4.95,true,,190,0
2026-02-24,22623,16,4.95,true,,173,0
2026-02-25,22623,17,4.95,true,,157,0
2026-02-26,22623,18,4.95,true,,140,0
2026-02-27,22623,20,4.95,true,,122,0
2026-02-28,22623,23,4.95,true,,102,258
2026-03-01,22623,21,4.95,true,,337,0
2026-03-02,22623,16,4.95,true,,316,0
2026-03-03,22623,17,4.95,true,,300,0
2026-03-04,22623,17,4.95,true,,283,0
2026-03-05,22623,17,4.95,true,,266,0
2026-03-06,22623,18,4.95,true,,249,0
2026-03-07,22623,22,4.95,true,,231,0
2026-03-08,22623,21,4.95,true,,209,0
2026-03-09,22623,15,4.95,true,,188,0
2026-03-10,22623,16,4.95,true,,173,0
2026-03-11,22623,17,4.95,true,,157,0
2026-03-12,22623,19,4.95,true,,140,0
2026-03-13,22623,19,4.95,true,,121,0
2026-03-14,22623,22,4.95,true,,102,256
2026-03-15,22623,21,4.95,true,,336,0
2026-03-16,22623,17,4.95,true,,315,0
2026-03-17,22623,18,4.95,true,,298,0
2026-03-18,22623,17,4.95,true,,280,0
2026-03-19,22623,17,4.95,true,,263,0
2026-03-20,22623,19,4.95,true,,246,0
2026-03-21,22623,20,4.95,true,,227,0
2026-03-22,22623,20,4.95,true,,207,0
2026-03-23,22623,15,4.95,true,,187,0
2026-03-24,22623,16,4.95,true,,172,0
2026-03-25,22623,17,4.95,true,,156,0
2026-03-26,22623,18,4.95,true,,139,0
2026-03-27,22623,19,4.95,true,,121,0
2026-03-28,22623,20,4.95,true,,102,245
2026-03-29,22623,20,4.95,true,,327,0
2026-03-30,22623,15,4.95,true,,307,0
2026-03-31,22623,17,4.95,true,,292,0
2026-04-01,22623,16,4.95,true,,275,0
2026-04-02,22623,16,4.95,true,,259,0
2026-04-03,22623,19,4.95,true,,243,0
2026-04-04,22623,20,4.95,true,,224,0
2026-04-05,22623,20,4.95,true,,204,0
2026-04-06,22623,14,4.95,true,,184,0
2026-04-07,22623,16,4.95,true,,170,0
2026-04-08,22623,17,4.95,true,,154,0
2026-04-09,22623,17,4.95,true,,137,0
2026-04-10,22623,18,4.95,true,,120,0
2026-04-11,22623,20,4.95,true,,102,239
2026-04-12,22623,19,4.95,true,,321,0
2026-04-13,22623,16,4.95,true,,302,0
2026-04-14,22623,15,4.95,true,,286,0
2026-04-15,22623,15,4.95,true,,271,0
2026-04-16,22623,16,4.95,true,,256,0
2026-04-17,22623,17,4.95,true,,240,0
2026-04-18,22623,20,4.95,true,,223,0
2026-04-19,22623,20,4.95,true,,203,0
2026-04-20,22623,14,4.95,true,,183,0
2026-04-21,22623,15,4.95,true,,169,0
2026-04-22,22623,17,4.95,true,,154,0
2026-04-23,22623,18,4.95,true,,137,0
2026-04-24,22623,17,4.95,true,,119,0
2026-04-25,22623,20,4.95,true,,102,238
2026-04-26,22623,19,4.95,true,,320,0
2026-04-27,22623,15,4.95,true,,301,0
2026-04-28,22623,15,4.95,true,,286,0
2026-04-29,22623,15,4.95,true,,271,0
2026-04-30,22623,16,4.95,true,,256,0
2026-05-01,22623,18,4.95,true,,240,0
2026-05-02,22623,21,4.95,true,,222,0
2026-05-03,22623,20,4.95,true,,201,0
2026-05-04,22623,14,4.95,true,,181,0
2026-05-05,22623,14,4.95,true,,167,0
2026-05-06,22623,16,4.95,true,,153,0
2026-05-07,22623,17,4.95,true,,137,0
2026-05-08,22623,18,4.95,true,,120,0
2026-05-09,22623,21,4.95,true,,102,240
2026-05-10,22623,19,4.95,true,,321,0
2026-05-11,22623,16,4.95,true,,302,0
2026-05-12,22623,14,4.95,true,,286,0
2026-05-13,22623,17,4.95,true,,272,0
2026-05-14,22623,17,4.95,true,,255,0
2026-05-15,22623,18,4.95,true,,238,0
2026-05-16,22623,19,4.95,true,,220,0
2026-05-17,22623,20,4.95,true,,201,0
2026-05-18,22623,14,4.95,true,,181,0
2026-05-19,22623,16,4.95,true,,167,0
2026-05-20,22623,16,4.95,true,,151,0
2026-05-21,22623,16,4.95,true,,135,0
2026-05-22,22623,17,4.95,true,,119,0
2026-05-23,22623,20,4.95,true,,102,241
2026-05-24,22623,20,4.95,true,,323,0
2026-05-25,22623,14,4.95,true,,303,0
2026-05-26,22623,16,4.95,true,,289,0
2026-05-27,22623,16,4.95,true,,273,0
2026-05-28,22623,18,4.95,true,,257,0
2026-05-29,22623,18,4.95,true,,239,0
2026-05-30,22623,19,4.95,true,,221,0
2026-05-31,22623,20,4.95,true,,202,0
2026-06-01,22623,14,4.95,true,,182,0
2026-06-02,22623,16,4.95,true,,168,0
2026-06-03,22623,17,4.95,true,,152,0
2026-06-04,22623,17,4.95,true,,135,0
2026-06-05,22623,16,4.95,true,,118,0
2026-06-06,22623,20,4.95,true,,102,236
2026-06-07,22623,20,4.95,true,,318,0
2026-06-08,22623,15,4.95,true,,298,0
2026-06-09,22623,15,4.95,true,,283,0
2026-06-10,22623,15,4.95,true,,268,0
2026-06-11,22623,16,4.95,true,,253,0
2026-06-12,22623,18,4.95,true,,237,0
2026-06-13,22623,19,4.95,true,,219,0
2026-06-14,22623,19,4.95,true,,200,0
2026-06-15,22623,15,4.95,true,,181,0
2026-06-16,22623,16,4.95,true,,166,0
2026-06-17,22623,15,4.95,true,,150,0
2026-06-18,22623,16,4.95,true,,135,0
2026-06-19,22623,17,4.95,true,,119,0
2026-06-20,22623,19,4.95,true,,102,234
2026-06-21,22623,18,4.95,true,,317,0
2026-06-22,22623,14,4.95,true,,299,0
2026-06-23,22623,16,4.95,true,,285,0
2026-06-24,22623,15,4.95,true,,269,0
2026-06-25,22623,16,4.95,true,,254,0
2026-06-26,22623,18,4.95,true,,238,0
2026-06-27,22623,20,4.95,true,,220,0
2026-06-28,22623,18,4.95,true,,200,0
2026-06-29,22623,15,4.95,true,,182,0
2026-06-30,22623,16,4.95,true,,167,0
2026-07-01,22623,16,4.95,true,,151,0
2026-07-02,22623,16,4.95,true,,135,0
2026-07-03,22623,17,4.95,true,,119,0
2026-07-04,22623,20,4.95,true,,102,243
2026-07-05,22623,18,4.95,true,,325,0
2026-07-06,22623,16,4.95,true,,307,0
2026-07-07,22623,16,4.95,true,,291,0
2026-07-08,22623,17,4.95,true,,275,0
2026-07-09,22623,18,4.95,true,,258,0
2026-07-10,22623,17,4.95,true,,240,0
2026-07-11,22623,21,4.95,true,,223,0
2026-07-12,22623,19,4.95,true,,202,0
2026-07-13,22623,16,4.95,true,,183,0
2026-07-14,22623,14,4.95,true,,167,0
2026-07-15,22623,16,4.95,true,,153,0
2026-07-16,22623,16,4.95,true,,137,0
2026-07-17,22623,19,4.95,true,,121,0
2026-07-18,22623,21,4.95,true,,102,240
2026-07-19,22623,18,4.95,true,,321,0
2026-07-20,22623,14,4.95,true,,303,0
2026-07-21,22623,15,4.95,true,,289,0
2026-07-22,22623,17,4.95,true,,274,0
2026-07-23,22623,17,4.95,true,,257,0
2026-07-24,22623,18,4.95,true,,240,0
2026-07-25,22623,21,4.95,true,,222,0
2026-07-26,22623,18,4.95,true,,201,0
2026-07-27,22623,15,4.95,true,,183,0
2026-07-28,22623,17,4.95,true,,168,0
2026-07-29,22623,16,4.95,true,,151,0
2026-07-30,22623,16,4.95,true,,135,0
2026-07-31,22623,17,4.95,true,,119,0
2026-08-01,22623,19,4.95,true,,102,237
2026-08-02,22623,19,4.95,true,,320,0
2026-08-03,22623,14,4.95,true,,301,0
2026-08-04,22623,16,4.95,true,,287,0
2026-08-05,22623,16,4.95,true,,271,0
2026-08-06,22623,16,4.95,true,,255,0
2026-08-07,22623,17,4.95,true,,239,0
2026-08-08,22623,21,4.95,true,,222,0
2026-08-09,22623,19,4.95,true,,201,0
2026-08-10,22623,15,4.95,true,,182,0
2026-08-11,22623,15,4.95,true,,167,0
2026-08-12,22623,16,4.95,true,,152,0
2026-08-13,22623,16,4.95,true,,136,0
2026-08-14,22623,18,4.95,true,,120,0
2026-08-15,22623,20,4.95,true,,102,165
2026-08-16,22623,20,4.95,true,,247,0
2026-08-17,22623,14,4.95,true,,227,0
2026-08-18,22623,16,4.95,true,,213,0
2026-08-19,22623,17,4.95,true,,197,0
2026-08-20,22623,17,4.95,true,,180,0
2026-08-21,22623,19,4.95,true,,163,0
2026-08-22,22623,22,4.95,true,,144,0
2026-08-23,22623,20,4.95,true,,122,0
2026-08-24,22623,17,4.95,true,,102,633
2026-08-25,22623,17,4.95,true,,718,0
2026-08-26,22623,15,4.95,true,,701,0
2026-08-27,22623,16,4.95,true,,686,0
2026-08-28,22623,18,4.95,true,,670,0
2026-08-29,22623,21,4.95,true,,652,0
2026-08-30,22623,21,4.95,true,,631,0
2026-08-31,22623,15,4.95,true,,610,0
2026-09-01,22623,16,4.95,true,,595,0
2026-09-02,22623,18,4.95,true,,579,0
2026-09-03,22623,17,4.95,true,,561,0
2026-09-04,22623,20,4.95,true,,544,0
2026-09-05,22623,22,4.95,true,,524,0
2026-09-06,22623,20,4.95,true,,502,0
2026-09-07,22623,15,4.95,true,,482,0
2026-09-08,22623,16,4.95,true,,467,0
2026-09-09,22623,16,4.95,true,,451,0
2026-09-10,22623,16,4.95,true,,435,0
2026-09-11,22623,18,4.95,true,,419,0
2026-09-12,22623,22,4.95,true,,401,0
2026-09-13,22623,19,4.95,true,,379,0
